id	name	description	characterType	thumbnail
c9c9f110-b96c-11e4-a802-0aaa78deedf9	180 Turn W/ Briefcase	Female 180 Turn With Briefcase	human	https://d99n9xvb9513w.cloudfront.net/thumbnails/motions/118950901/static.png
c9c9ee12-b96c-11e4-a802-0aaa78deedf9	180 Turn W/ Briefcase	Male 180 Turn With Briefcase	human	https://d99n9xvb9513w.cloudfront.net/thumbnails/motions/118900901/static.png
c9c87b9c-b96c-11e4-a802-0aaa78deedf9	2hand Idle	Two Handed Weapon Stance	human	https://d99n9xvb9513w.cloudfront.net/thumbnails/motions/114740901/static.png
c9c91c6e-b96c-11e4-a802-0aaa78deedf9	Acknowledging	Acknowledging Gesture	human	https://d99n9xvb9513w.cloudfront.net/thumbnails/motions/117150901/static.png
c9ccd9a7-b96c-11e4-a802-0aaa78deedf9	Action Idle To Fight Idle	Transition From Action Idle To Fight Idle	human	https://d99n9xvb9513w.cloudfront.net/thumbnails/motions/124330901/static.png
c9cceb09-b96c-11e4-a802-0aaa78deedf9	Action Idle To Standing Idle	Transition From Action Idle To Standing Idle	human	https://d99n9xvb9513w.cloudfront.net/thumbnails/motions/124320901/static.png
c9c959ad-b96c-11e4-a802-0aaa78deedf9	Administering Cpr	Administering Cpr To A Victim On The Ground	human	https://d99n9xvb9513w.cloudfront.net/thumbnails/motions/115980901/static.png
c9caab79-b96c-11e4-a802-0aaa78deedf9	Aerial Evade	Evading Projectiles In Mid-Air	human	https://d99n9xvb9513w.cloudfront.net/thumbnails/motions/120340901/static.png
c9c6c52f-b96c-11e4-a802-0aaa78deedf9	Agony	Agony Holding The Head	human	https://d99n9xvb9513w.cloudfront.net/thumbnails/motions/104380907/static.png
c9c91ec4-b96c-11e4-a802-0aaa78deedf9	Agreeing	Agreeing Yes	human	https://d99n9xvb9513w.cloudfront.net/thumbnails/motions/117330901/static.png
c9c91ad5-b96c-11e4-a802-0aaa78deedf9	Agreeing	Step Back Cautiously Agreeing	human	https://d99n9xvb9513w.cloudfront.net/thumbnails/motions/117290901/static.png
c9c8ff29-b96c-11e4-a802-0aaa78deedf9	Aim Pistol	Aim Pistol While Sitting	human	https://d99n9xvb9513w.cloudfront.net/thumbnails/motions/137590901/static.png
c9c83e34-b96c-11e4-a802-0aaa78deedf9	Aiming	Turning Around To Aim Gun	human	https://d99n9xvb9513w.cloudfront.net/thumbnails/motions/130810901/static.png
c9c91dff-b96c-11e4-a802-0aaa78deedf9	Aiming Gun	Picking Up Gun From Ground To Aiming	human	https://d99n9xvb9513w.cloudfront.net/thumbnails/motions/136610901/static.png
c9caa63d-b96c-11e4-a802-0aaa78deedf9	Air Squat	Air Squat Workout	human	https://d99n9xvb9513w.cloudfront.net/thumbnails/motions/119900901/static.png
c9cb991f-b96c-11e4-a802-0aaa78deedf9	Air Squat Bent Arms	Air Squat Workout	human	https://d99n9xvb9513w.cloudfront.net/thumbnails/motions/119900902/static.png
c9c98b02-b96c-11e4-a802-0aaa78deedf9	Angry	Standing Angrily	human	https://d99n9xvb9513w.cloudfront.net/thumbnails/motions/117940901/static.png
c9c915fd-b96c-11e4-a802-0aaa78deedf9	Angry Gesture	Angrily Pumping Fists Forward	human	https://d99n9xvb9513w.cloudfront.net/thumbnails/motions/117280901/static.png
c9c917a2-b96c-11e4-a802-0aaa78deedf9	Angry Gesture	Angry Forward Gesture	human	https://d99n9xvb9513w.cloudfront.net/thumbnails/motions/117140901/static.png
c9c78c0d-b96c-11e4-a802-0aaa78deedf9	Angry Gesture	Seated Idle With Hands On A Table Being Rude	human	https://d99n9xvb9513w.cloudfront.net/thumbnails/motions/113340901/static.png
c9c916ce-b96c-11e4-a802-0aaa78deedf9	Angry Point	Quickly Pointing Angrily Forward	human	https://d99n9xvb9513w.cloudfront.net/thumbnails/motions/117050901/static.png
c9c90fbc-b96c-11e4-a802-0aaa78deedf9	Annoyed Head Shake	Shaking Head No Annoyed	human	https://d99n9xvb9513w.cloudfront.net/thumbnails/motions/117090901/static.png
c9c922a9-b96c-11e4-a802-0aaa78deedf9	Arm Gesture	Gesturing With Arm To The Side	human	https://d99n9xvb9513w.cloudfront.net/thumbnails/motions/117340901/static.png
c9c90cbb-b96c-11e4-a802-0aaa78deedf9	Arm Stretching	Stretching Arms By Pushing The Elbows	human	https://d99n9xvb9513w.cloudfront.net/thumbnails/motions/117260901/static.png
c9cb9d65-b96c-11e4-a802-0aaa78deedf9	Armada	Capoeira Spin Kick	human	https://d99n9xvb9513w.cloudfront.net/thumbnails/motions/120970901/static.png
c9cb9bf9-b96c-11e4-a802-0aaa78deedf9	Armada To Esquiva	Capoeira Spin Kick To Escape	human	https://d99n9xvb9513w.cloudfront.net/thumbnails/motions/120960901/static.png
c9c7386d-b96c-11e4-a802-0aaa78deedf9	Arms Hip Hop Dance	Hip Hop Dancing With Arms	human	https://d99n9xvb9513w.cloudfront.net/thumbnails/motions/108990901/static.png
c9ccb1c6-b96c-11e4-a802-0aaa78deedf9	Ascending Stairs	Walking Up A Set Of Stairs	human	https://d99n9xvb9513w.cloudfront.net/thumbnails/motions/123470901/static.png
c9c79aea-b96c-11e4-a802-0aaa78deedf9	Asking Question	Seated Idle With Hands On A Table	human	https://d99n9xvb9513w.cloudfront.net/thumbnails/motions/113360901/static.png
c9cb9ec4-b96c-11e4-a802-0aaa78deedf9	Au	Capoeira Cartwheel Move	human	https://d99n9xvb9513w.cloudfront.net/thumbnails/motions/120980901/static.png
c9cba02e-b96c-11e4-a802-0aaa78deedf9	Au To Role	Capoeira Cartwheel To Roll Escape	human	https://d99n9xvb9513w.cloudfront.net/thumbnails/motions/120990901/static.png
c9c7a617-b96c-11e4-a802-0aaa78deedf9	Back Flip To Uppercut	Back Flip To Uppercut Combo	human	https://d99n9xvb9513w.cloudfront.net/thumbnails/motions/113710901/static.png
c9cb4e74-b96c-11e4-a802-0aaa78deedf9	Back Squat	Back Squat Workout	human	https://d99n9xvb9513w.cloudfront.net/thumbnails/motions/120210901/static.png
c9cb24a7-b96c-11e4-a802-0aaa78deedf9	Back Squat	Ending Back Squat Workout To Fitness Idle	human	https://d99n9xvb9513w.cloudfront.net/thumbnails/motions/120230901/static.png
c9cb23e7-b96c-11e4-a802-0aaa78deedf9	Back Squat	Starting Back Squat Workout From Fitness Idle	human	https://d99n9xvb9513w.cloudfront.net/thumbnails/motions/120220901/static.png
c9c6afea-b96c-11e4-a802-0aaa78deedf9	Backflip	Backflip Moving Backward	human	https://d99n9xvb9513w.cloudfront.net/thumbnails/motions/103650901/static.png
c9c9ea58-b96c-11e4-a802-0aaa78deedf9	Backflip	Standing Backflip	human	https://d99n9xvb9513w.cloudfront.net/thumbnails/motions/118400901/static.png
c9c939cf-b96c-11e4-a802-0aaa78deedf9	Backward Jump	Jumping While Walking Backwards	human	https://d99n9xvb9513w.cloudfront.net/thumbnails/motions/117430901/static.png
c9ccc82d-b96c-11e4-a802-0aaa78deedf9	Backward Right Turn	Backward Run Turning Right	human	https://d99n9xvb9513w.cloudfront.net/thumbnails/motions/123600901/static.png
c9ccc521-b96c-11e4-a802-0aaa78deedf9	Backward Right Turn	Backward Walk Turning Right	human	https://d99n9xvb9513w.cloudfront.net/thumbnails/motions/123540901/static.png
c9ce5c22-b96c-11e4-a802-0aaa78deedf9	Backward Walking Turn	Drunken Walking Backward Right Turn	human	https://d99n9xvb9513w.cloudfront.net/thumbnails/motions/124420901/static.png
c9cd4e19-b96c-11e4-a802-0aaa78deedf9	Backwards Rifle Run	Running Backwards With Rifle Down	human	https://d99n9xvb9513w.cloudfront.net/thumbnails/motions/125950901/static.png
c9cd4c9d-b96c-11e4-a802-0aaa78deedf9	Backwards Rifle Walk	Walking Backwards With Rifle Down	human	https://d99n9xvb9513w.cloudfront.net/thumbnails/motions/125930901/static.png
c9c78fe1-b96c-11e4-a802-0aaa78deedf9	Banging Fist	Banging Fist On Table	human	https://d99n9xvb9513w.cloudfront.net/thumbnails/motions/113310901/static.png
c9c78799-b96c-11e4-a802-0aaa78deedf9	Bartending	Pouring And Serving Drinks	human	https://d99n9xvb9513w.cloudfront.net/thumbnails/motions/113050901/static.png
c9cd45ea-b96c-11e4-a802-0aaa78deedf9	Baseball Bunt	Baseball Bunt Swing	human	https://d99n9xvb9513w.cloudfront.net/thumbnails/motions/125440901/static.png
c9c65293-b96c-11e4-a802-0aaa78deedf9	Baseball Catcher	Baseball Catcher Pop Fly	human	https://d99n9xvb9513w.cloudfront.net/thumbnails/motions/101860904/static.png
c9cd4002-b96c-11e4-a802-0aaa78deedf9	Baseball Hit	Baseball Base Hit - Double Plus	human	https://d99n9xvb9513w.cloudfront.net/thumbnails/motions/125410901/static.png
c9cd4180-b96c-11e4-a802-0aaa78deedf9	Baseball Hit	Baseball Base Hit - Homerun	human	https://d99n9xvb9513w.cloudfront.net/thumbnails/motions/125420901/static.png
c9cd40c3-b96c-11e4-a802-0aaa78deedf9	Baseball Hit	Baseball Base Hit - Single	human	https://d99n9xvb9513w.cloudfront.net/thumbnails/motions/125410902/static.png
c9cd3c2a-b96c-11e4-a802-0aaa78deedf9	Baseball Idle	Baseball Batter At Bat Idle	human	https://d99n9xvb9513w.cloudfront.net/thumbnails/motions/125390901/static.png
c9c65515-b96c-11e4-a802-0aaa78deedf9	Baseball Idle	Batting Idle Variation	human	https://d99n9xvb9513w.cloudfront.net/thumbnails/motions/101870904/static.png
c9cd4472-b96c-11e4-a802-0aaa78deedf9	Baseball Milling Idle	Baseball Batter Stepping Back And Milling About	human	https://d99n9xvb9513w.cloudfront.net/thumbnails/motions/125400901/static.png
c9c69e45-b96c-11e4-a802-0aaa78deedf9	Baseball Pitching	Baseball Practice Pitching	human	https://d99n9xvb9513w.cloudfront.net/thumbnails/motions/103050901/static.png
c9cbdd1a-b96c-11e4-a802-0aaa78deedf9	Baseball Pitching	Pitching A Baseball	human	https://d99n9xvb9513w.cloudfront.net/thumbnails/motions/103050902/static.png
c9cd3cfa-b96c-11e4-a802-0aaa78deedf9	Baseball Step In	Baseball Batter Stepping In To Bat	human	https://d99n9xvb9513w.cloudfront.net/thumbnails/motions/125390902/static.png
c9cd3dc2-b96c-11e4-a802-0aaa78deedf9	Baseball Step Out	Baseball Batter Stepping Away From The Plate	human	https://d99n9xvb9513w.cloudfront.net/thumbnails/motions/125390903/static.png
c9cd43b7-b96c-11e4-a802-0aaa78deedf9	Baseball Step Up To Bat	Baseball Batter Getting Situated To Hit	human	https://d99n9xvb9513w.cloudfront.net/thumbnails/motions/125380901/static.png
c9cd452d-b96c-11e4-a802-0aaa78deedf9	Baseball Strike	Baseball Swinging Strike	human	https://d99n9xvb9513w.cloudfront.net/thumbnails/motions/125430901/static.png
c9c659d7-b96c-11e4-a802-0aaa78deedf9	Baseball Umpire	Umpire Calling A Strike	human	https://d99n9xvb9513w.cloudfront.net/thumbnails/motions/101880901/static.png
c9cd3e84-b96c-11e4-a802-0aaa78deedf9	Baseball Walk In	Baseball Batter Walking Into Batters Box	human	https://d99n9xvb9513w.cloudfront.net/thumbnails/motions/125390904/static.png
c9cd3f43-b96c-11e4-a802-0aaa78deedf9	Baseball Walk Out	Baseball Batter Walking Out Of Batters Box	human	https://d99n9xvb9513w.cloudfront.net/thumbnails/motions/125390905/static.png
c9c87a20-b96c-11e4-a802-0aaa78deedf9	Bash	Overhead Bashing Swing	human	https://d99n9xvb9513w.cloudfront.net/thumbnails/motions/115480901/static.png
c9c97d21-b96c-11e4-a802-0aaa78deedf9	Bashful	Being Bashful While Standing	human	https://d99n9xvb9513w.cloudfront.net/thumbnails/motions/117540901/static.png
c9cd42f9-b96c-11e4-a802-0aaa78deedf9	Batter On Deck	Baseball Batter Warming Up On Deck	human	https://d99n9xvb9513w.cloudfront.net/thumbnails/motions/125370901/static.png
c9c6c767-b96c-11e4-a802-0aaa78deedf9	Bayonet Stab	Advancing And Stabbing With Rifle Bayonet Or Spear	human	https://d99n9xvb9513w.cloudfront.net/thumbnails/motions/104800901/static.png
c9c76872-b96c-11e4-a802-0aaa78deedf9	Bboy Hip Hop Move	Bboy Hip Hop Variation One	human	https://d99n9xvb9513w.cloudfront.net/thumbnails/motions/108810902/static.png
c9c76b83-b96c-11e4-a802-0aaa78deedf9	Bboy Hip Hop Move	Variation Two	human	https://d99n9xvb9513w.cloudfront.net/thumbnails/motions/108810903/static.png
c9c88f17-b96c-11e4-a802-0aaa78deedf9	Bboy Pose To Idle	Bboy Pose To Standing Idle	human	https://d99n9xvb9513w.cloudfront.net/thumbnails/motions/116400904/static.png
c9c88a71-b96c-11e4-a802-0aaa78deedf9	Bboy Uprock	Bboy Uprock Indian Step	human	https://d99n9xvb9513w.cloudfront.net/thumbnails/motions/116410901/static.png
c9c883bd-b96c-11e4-a802-0aaa78deedf9	Bboy Uprock Start	Bboy Uprock Start	human	https://d99n9xvb9513w.cloudfront.net/thumbnails/motions/116410902/static.png
c9c795b6-b96c-11e4-a802-0aaa78deedf9	Beckoning	Waving Someone Over While Seated	human	https://d99n9xvb9513w.cloudfront.net/thumbnails/motions/113380901/static.png
c9c83fe2-b96c-11e4-a802-0aaa78deedf9	Being Carried	Being Carried By Someone To A Stop	human	https://d99n9xvb9513w.cloudfront.net/thumbnails/motions/130690901/static.png
c9c81d97-b96c-11e4-a802-0aaa78deedf9	Being Carried	Being Picked Up And Carried By Someone	human	https://d99n9xvb9513w.cloudfront.net/thumbnails/motions/130090901/static.png
c9c828f8-b96c-11e4-a802-0aaa78deedf9	Being Carried	Injured And Being Carried To A Safer Place	human	https://d99n9xvb9513w.cloudfront.net/thumbnails/motions/130420901/static.png
c9c90e3c-b96c-11e4-a802-0aaa78deedf9	Being Cocky	Cocky Lean Back	human	https://d99n9xvb9513w.cloudfront.net/thumbnails/motions/117210901/static.png
c9ca56fe-b96c-11e4-a802-0aaa78deedf9	Being Electrocuted	Being Electrocuted Into Unconciousness	human	https://d99n9xvb9513w.cloudfront.net/thumbnails/motions/119720901/static.png
c9c9e5e8-b96c-11e4-a802-0aaa78deedf9	Being Strangled	Getting Snuck Up On And Strangled	human	https://d99n9xvb9513w.cloudfront.net/thumbnails/motions/116010902/static.png
c9c73cda-b96c-11e4-a802-0aaa78deedf9	Belly Dance	Belly Dancing Variation One	human	https://d99n9xvb9513w.cloudfront.net/thumbnails/motions/108920901/static.png
c9c6f791-b96c-11e4-a802-0aaa78deedf9	Bellydancing	Bellydance Variation 2	human	https://d99n9xvb9513w.cloudfront.net/thumbnails/motions/108930901/static.png
c9cba193-b96c-11e4-a802-0aaa78deedf9	Bencao	Capoeira Thrust Kick	human	https://d99n9xvb9513w.cloudfront.net/thumbnails/motions/121000901/static.png
c9cb3360-b96c-11e4-a802-0aaa78deedf9	Bicep Curl	Bicep Curl Workout	human	https://d99n9xvb9513w.cloudfront.net/thumbnails/motions/120310901/static.png
c9cacd38-b96c-11e4-a802-0aaa78deedf9	Bicycle Crunch	Crunch Position With Cycling Legs	human	https://d99n9xvb9513w.cloudfront.net/thumbnails/motions/120000901/static.png
c9cab238-b96c-11e4-a802-0aaa78deedf9	Big Body Blow	Receiving A Big Hit To The Midsection While Running	human	https://d99n9xvb9513w.cloudfront.net/thumbnails/motions/120390901/static.png
c9cb01c1-b96c-11e4-a802-0aaa78deedf9	Big Hit To Head	Receiving A Big Hit From A Left Punch	human	https://d99n9xvb9513w.cloudfront.net/thumbnails/motions/116900902/static.png
c9cb03fa-b96c-11e4-a802-0aaa78deedf9	Big Hit To Head	Receiving A Big Hit From A Right Punch	human	https://d99n9xvb9513w.cloudfront.net/thumbnails/motions/116900905/static.png
c9cb0637-b96c-11e4-a802-0aaa78deedf9	Big Hit To Head	Receiving A Big Hit From A Straight Punch	human	https://d99n9xvb9513w.cloudfront.net/thumbnails/motions/116900908/static.png
c9caace6-b96c-11e4-a802-0aaa78deedf9	Big Jump	Big Jump To Roll	human	https://d99n9xvb9513w.cloudfront.net/thumbnails/motions/120350902/static.png
c9caf698-b96c-11e4-a802-0aaa78deedf9	Big Kidney Hit	Receiving A Big Hit In The Kidneys	human	https://d99n9xvb9513w.cloudfront.net/thumbnails/motions/116880902/static.png
c9caf951-b96c-11e4-a802-0aaa78deedf9	Big Rib Hit	Receiving A Big Hit In The Ribs	human	https://d99n9xvb9513w.cloudfront.net/thumbnails/motions/116880904/static.png
c9cafaf6-b96c-11e4-a802-0aaa78deedf9	Big Side Hit	Receiving A Big Hit In The Side	human	https://d99n9xvb9513w.cloudfront.net/thumbnails/motions/116880906/static.png
c9cafc81-b96c-11e4-a802-0aaa78deedf9	Big Stomach Hit	Receiving A Big Hit In The Stomach	human	https://d99n9xvb9513w.cloudfront.net/thumbnails/motions/116880908/static.png
c9c71e73-b96c-11e4-a802-0aaa78deedf9	Block	Blocking The Chest Area With Both Arms	human	https://d99n9xvb9513w.cloudfront.net/thumbnails/motions/110580901/static.png
c9c8bf13-b96c-11e4-a802-0aaa78deedf9	Block With Rifle	Blocking With Rifle	human	https://d99n9xvb9513w.cloudfront.net/thumbnails/motions/135550901/static.png
c9c5ff48-b96c-11e4-a802-0aaa78deedf9	Blocking	Blocking Inward	human	https://d99n9xvb9513w.cloudfront.net/thumbnails/motions/90022/static.png
c9c5fe62-b96c-11e4-a802-0aaa78deedf9	Blocking	Blocking Outward	human	https://d99n9xvb9513w.cloudfront.net/thumbnails/motions/90021/static.png
c9c95684-b96c-11e4-a802-0aaa78deedf9	Blocking Attack	Blocking An Attack From Above While Sitting	human	https://d99n9xvb9513w.cloudfront.net/thumbnails/motions/136400902/static.png
c9c7013b-b96c-11e4-a802-0aaa78deedf9	Blow A Kiss	Blowing A Kiss	human	https://d99n9xvb9513w.cloudfront.net/thumbnails/motions/109890901/static.png
c9c72233-b96c-11e4-a802-0aaa78deedf9	Body Block	Blocking Body With Arms	human	https://d99n9xvb9513w.cloudfront.net/thumbnails/motions/110530901/static.png
c9cae1a9-b96c-11e4-a802-0aaa78deedf9	Body Jab Cross	Boxing Body Jab Cross Long	human	https://d99n9xvb9513w.cloudfront.net/thumbnails/motions/110440902/static.png
c9cae26b-b96c-11e4-a802-0aaa78deedf9	Body Jab Cross	Boxing Body Jab Cross Medium	human	https://d99n9xvb9513w.cloudfront.net/thumbnails/motions/110440903/static.png
c9cae34b-b96c-11e4-a802-0aaa78deedf9	Body Jab Cross	Boxing Body Jab Cross Short	human	https://d99n9xvb9513w.cloudfront.net/thumbnails/motions/110440904/static.png
c9c73d98-b96c-11e4-a802-0aaa78deedf9	Booty Hip Hop Dance	Booty Step Hip Hop Dance	human	https://d99n9xvb9513w.cloudfront.net/thumbnails/motions/109000901/static.png
c9c79d1f-b96c-11e4-a802-0aaa78deedf9	Bored	Standing Around Bored Idle	human	https://d99n9xvb9513w.cloudfront.net/thumbnails/motions/111330901/static.png
c9ca582c-b96c-11e4-a802-0aaa78deedf9	Bouncing Fight Idle	Bouncing Fight Idle With Guard Up	human	https://d99n9xvb9513w.cloudfront.net/thumbnails/motions/119720902/static.png
c9cd8d90-b96c-11e4-a802-0aaa78deedf9	Box Idle	Carrying A Box	human	https://d99n9xvb9513w.cloudfront.net/thumbnails/motions/127050901/static.png
c9ce819a-b96c-11e4-a802-0aaa78deedf9	Box Jump	Jump Up On Box	human	https://d99n9xvb9513w.cloudfront.net/thumbnails/motions/128640901/static.png
c9cd8f1a-b96c-11e4-a802-0aaa78deedf9	Box Turn	Turning Left Carrying A Box	human	https://d99n9xvb9513w.cloudfront.net/thumbnails/motions/127090901/static.png
c9cd8fe5-b96c-11e4-a802-0aaa78deedf9	Box Turn	Turning Right Carrying A Box	human	https://d99n9xvb9513w.cloudfront.net/thumbnails/motions/127100901/static.png
c9cd8e51-b96c-11e4-a802-0aaa78deedf9	Box Walk Arc	Walking In A Left Arc Carrying A Box	human	https://d99n9xvb9513w.cloudfront.net/thumbnails/motions/127070901/static.png
c9c7084d-b96c-11e4-a802-0aaa78deedf9	Boxing	Back Hand Cross	human	https://d99n9xvb9513w.cloudfront.net/thumbnails/motions/110330901/static.png
c9c7090b-b96c-11e4-a802-0aaa78deedf9	Boxing	Body Punch To The Knee	human	https://d99n9xvb9513w.cloudfront.net/thumbnails/motions/110370901/static.png
c9c70b4b-b96c-11e4-a802-0aaa78deedf9	Boxing	Boxing Back Hand Hook	human	https://d99n9xvb9513w.cloudfront.net/thumbnails/motions/110340901/static.png
c9c70319-b96c-11e4-a802-0aaa78deedf9	Boxing	Boxing Back Hand Uppercut	human	https://d99n9xvb9513w.cloudfront.net/thumbnails/motions/110350901/static.png
c9c70517-b96c-11e4-a802-0aaa78deedf9	Boxing	Boxing Idle	human	https://d99n9xvb9513w.cloudfront.net/thumbnails/motions/110400901/static.png
c9c70c09-b96c-11e4-a802-0aaa78deedf9	Boxing	Boxing Illegal Knee	human	https://d99n9xvb9513w.cloudfront.net/thumbnails/motions/110430901/static.png
c9c7060b-b96c-11e4-a802-0aaa78deedf9	Boxing	Boxing Jab Cross Combo	human	https://d99n9xvb9513w.cloudfront.net/thumbnails/motions/110440901/static.png
c9c717c6-b96c-11e4-a802-0aaa78deedf9	Boxing	Boxing Lead Hand Hook	human	https://d99n9xvb9513w.cloudfront.net/thumbnails/motions/110460901/static.png
c9c71880-b96c-11e4-a802-0aaa78deedf9	Boxing	Boxing Lead Hand Uppercut	human	https://d99n9xvb9513w.cloudfront.net/thumbnails/motions/110480901/static.png
c9c71c43-b96c-11e4-a802-0aaa78deedf9	Boxing	Boxing Leading Hand Jab	human	https://d99n9xvb9513w.cloudfront.net/thumbnails/motions/110470901/static.png
c9c9ae20-b96c-11e4-a802-0aaa78deedf9	Braced Hang	Braced Hang From Mid-Air	human	https://d99n9xvb9513w.cloudfront.net/thumbnails/motions/118700901/static.png
c9c9ac9a-b96c-11e4-a802-0aaa78deedf9	Braced Hang Drop	Braced Hang Drop To Another Braced Hang	human	https://d99n9xvb9513w.cloudfront.net/thumbnails/motions/118640901/static.png
c9c9b43e-b96c-11e4-a802-0aaa78deedf9	Braced Hang Drop	Braced Hang Drop To Standing	human	https://d99n9xvb9513w.cloudfront.net/thumbnails/motions/118740901/static.png
c9c9ab0e-b96c-11e4-a802-0aaa78deedf9	Braced Hang Hop Left	Braced Hang Hop Left To Another Braced Hang	human	https://d99n9xvb9513w.cloudfront.net/thumbnails/motions/118670901/static.png
c9c9aa4c-b96c-11e4-a802-0aaa78deedf9	Braced Hang Hop Right	Braced Hang Hop Right To Another Braced Hang	human	https://d99n9xvb9513w.cloudfront.net/thumbnails/motions/118650901/static.png
c9c9b5d5-b96c-11e4-a802-0aaa78deedf9	Braced Hang Hop Up	Braced Hang Hop Up To Another Braced Hang	human	https://d99n9xvb9513w.cloudfront.net/thumbnails/motions/118620901/static.png
c9c9a724-b96c-11e4-a802-0aaa78deedf9	Braced Hang Shimmy	Left Braced Hang Shimmy	human	https://d99n9xvb9513w.cloudfront.net/thumbnails/motions/118610901/static.png
c9c99e03-b96c-11e4-a802-0aaa78deedf9	Braced Hang Shimmy	Right Braced Hang Shimmy	human	https://d99n9xvb9513w.cloudfront.net/thumbnails/motions/118600901/static.png
c9cc0304-b96c-11e4-a802-0aaa78deedf9	Braced Hang To Crouch	Climb Wall From Braced Hang To Crouch	human	https://d99n9xvb9513w.cloudfront.net/thumbnails/motions/121490903/static.png
c9c9b6a5-b96c-11e4-a802-0aaa78deedf9	Braced To Free Hang	Braced Idle To Free Hang Idle	human	https://d99n9xvb9513w.cloudfront.net/thumbnails/motions/118760902/static.png
c9cc3afa-b96c-11e4-a802-0aaa78deedf9	Breakdance 1990	Breakdance Single Handstand Spin	human	https://d99n9xvb9513w.cloudfront.net/thumbnails/motions/121950901/static.png
c9cc3a34-b96c-11e4-a802-0aaa78deedf9	Breakdance 1990	Breakdance Single Handstand Spin End	human	https://d99n9xvb9513w.cloudfront.net/thumbnails/motions/121940901/static.png
c9cc3bc3-b96c-11e4-a802-0aaa78deedf9	Breakdance 1990	Breakdance Single Handstand Spin Start	human	https://d99n9xvb9513w.cloudfront.net/thumbnails/motions/121960901/static.png
c9cc1d13-b96c-11e4-a802-0aaa78deedf9	Breakdance Ending 1	Breakdance Finishing Combo Var 1	human	https://d99n9xvb9513w.cloudfront.net/thumbnails/motions/121740901/static.png
c9cc1dea-b96c-11e4-a802-0aaa78deedf9	Breakdance Ending 2	Breakdance Finishing Combo Var 2	human	https://d99n9xvb9513w.cloudfront.net/thumbnails/motions/121750901/static.png
c9cc1eb2-b96c-11e4-a802-0aaa78deedf9	Breakdance Ending 3	Breakdance Finishing Combo Var 3	human	https://d99n9xvb9513w.cloudfront.net/thumbnails/motions/121760901/static.png
c9cc34d4-b96c-11e4-a802-0aaa78deedf9	Breakdance Footwork 1	Breakdance Ground Footwork Var 1- Loop	human	https://d99n9xvb9513w.cloudfront.net/thumbnails/motions/121800901/static.png
c9cc1f75-b96c-11e4-a802-0aaa78deedf9	Breakdance Footwork 2	Breakdance Ground Footwork Var 2	human	https://d99n9xvb9513w.cloudfront.net/thumbnails/motions/121810901/static.png
c9cc203b-b96c-11e4-a802-0aaa78deedf9	Breakdance Footwork 3	Breakdance Ground Footwork Var 3	human	https://d99n9xvb9513w.cloudfront.net/thumbnails/motions/121820901/static.png
c9cc3593-b96c-11e4-a802-0aaa78deedf9	Breakdance Footwork To Freeze	Breakdance Ground Footwork To Crossleg Freeze	human	https://d99n9xvb9513w.cloudfront.net/thumbnails/motions/121840901/static.png
c9cc3656-b96c-11e4-a802-0aaa78deedf9	Breakdance Footwork To Idle	Breakdance Ground Footwork To Hands On Hips Idle	human	https://d99n9xvb9513w.cloudfront.net/thumbnails/motions/121850901/static.png
c9cc20fd-b96c-11e4-a802-0aaa78deedf9	Breakdance Footwork To Idle	Breakdance Ground Footwork To Stand Idle	human	https://d99n9xvb9513w.cloudfront.net/thumbnails/motions/121830901/static.png
c9cc3715-b96c-11e4-a802-0aaa78deedf9	Breakdance Freeze Var 1	Breakdance Single Handstand Freeze Var 1	human	https://d99n9xvb9513w.cloudfront.net/thumbnails/motions/121870901/static.png
c9cc37d3-b96c-11e4-a802-0aaa78deedf9	Breakdance Freeze Var 2	Breakdance Single Handstand Freeze Var 2	human	https://d99n9xvb9513w.cloudfront.net/thumbnails/motions/121880901/static.png
c9cc38a8-b96c-11e4-a802-0aaa78deedf9	Breakdance Freeze Var 3	Breakdance Arch Freeze Var 3	human	https://d99n9xvb9513w.cloudfront.net/thumbnails/motions/121890901/static.png
c9cc3970-b96c-11e4-a802-0aaa78deedf9	Breakdance Freeze Var 4	Breakdance Arch Freeze Var 4	human	https://d99n9xvb9513w.cloudfront.net/thumbnails/motions/121900901/static.png
c9cc21c2-b96c-11e4-a802-0aaa78deedf9	Breakdance Freezes	Breakdance Freeze Combo	human	https://d99n9xvb9513w.cloudfront.net/thumbnails/motions/121860901/static.png
c9cc3e41-b96c-11e4-a802-0aaa78deedf9	Breakdance Ready	Ready To Breakdance	human	https://d99n9xvb9513w.cloudfront.net/thumbnails/motions/122020901/static.png
c9cc3c8a-b96c-11e4-a802-0aaa78deedf9	Breakdance Ready	Ready To Breakdance End	human	https://d99n9xvb9513w.cloudfront.net/thumbnails/motions/122000901/static.png
c9cc3d75-b96c-11e4-a802-0aaa78deedf9	Breakdance Ready	Ready To Breakdance Start	human	https://d99n9xvb9513w.cloudfront.net/thumbnails/motions/122010901/static.png
c9cc3f4a-b96c-11e4-a802-0aaa78deedf9	Breakdance Swipes	Start Breakdance Swipes Maneuver	human	https://d99n9xvb9513w.cloudfront.net/thumbnails/motions/122050901/static.png
c9cc4024-b96c-11e4-a802-0aaa78deedf9	Breakdance Uprock	Breakdance Uprock	human	https://d99n9xvb9513w.cloudfront.net/thumbnails/motions/122060901/static.png
c9cc40ee-b96c-11e4-a802-0aaa78deedf9	Breakdance Uprock	Breakdance Uprock Start	human	https://d99n9xvb9513w.cloudfront.net/thumbnails/motions/122070901/static.png
c9cc41c3-b96c-11e4-a802-0aaa78deedf9	Breakdance Uprock To Ground	Breakdance Uprock Transition To Ground Moves	human	https://d99n9xvb9513w.cloudfront.net/thumbnails/motions/122080901/static.png
c9cc428c-b96c-11e4-a802-0aaa78deedf9	Breakdance Uprock To Ground	Breakdance Uprock Transition To Ground Moves	human	https://d99n9xvb9513w.cloudfront.net/thumbnails/motions/122090901/static.png
c9cc4420-b96c-11e4-a802-0aaa78deedf9	Breakdance Uprock Var 1	Breakdance Uprock Var. 1	human	https://d99n9xvb9513w.cloudfront.net/thumbnails/motions/122110901/static.png
c9cc435b-b96c-11e4-a802-0aaa78deedf9	Breakdance Uprock Var 1 End	End Of Breakdance Uprock Var. 1	human	https://d99n9xvb9513w.cloudfront.net/thumbnails/motions/122100901/static.png
c9cc44e7-b96c-11e4-a802-0aaa78deedf9	Breakdance Uprock Var 1 Start	Starting Breakdance Uprock Var. 1	human	https://d99n9xvb9513w.cloudfront.net/thumbnails/motions/122120901/static.png
c9cc45b3-b96c-11e4-a802-0aaa78deedf9	Breakdance Uprock Var 2	Breakdance Uprock Footwork Var. 2	human	https://d99n9xvb9513w.cloudfront.net/thumbnails/motions/122130901/static.png
c9c6d0d5-b96c-11e4-a802-0aaa78deedf9	Breathing Idle	Breathing Idle	human	https://d99n9xvb9513w.cloudfront.net/thumbnails/motions/107900901/static.png
c9cc1b0f-b96c-11e4-a802-0aaa78deedf9	Brooklyn Uprock	Breakdance Brooklyn Style Uprocking	human	https://d99n9xvb9513w.cloudfront.net/thumbnails/motions/121720901/static.png
c9cd2609-b96c-11e4-a802-0aaa78deedf9	Brutal Assassination	Attacker Brutal Assassination With Pipe	human	https://d99n9xvb9513w.cloudfront.net/thumbnails/motions/125350901/static.png
c9cd26ca-b96c-11e4-a802-0aaa78deedf9	Brutal Assassination	Victim Brutal Assassination With Pipe Victim	human	https://d99n9xvb9513w.cloudfront.net/thumbnails/motions/125350902/static.png
c9c6ca53-b96c-11e4-a802-0aaa78deedf9	Brutal To Happy Walking	Brutal To Happy Walk	human	https://d99n9xvb9513w.cloudfront.net/thumbnails/motions/105270901/static.png
c9cad103-b96c-11e4-a802-0aaa78deedf9	Burpee	Burpee Workout	human	https://d99n9xvb9513w.cloudfront.net/thumbnails/motions/119910901/static.png
c9cad282-b96c-11e4-a802-0aaa78deedf9	Burpee End	End Burpee Workout To Fitness Idle	human	https://d99n9xvb9513w.cloudfront.net/thumbnails/motions/119930901/static.png
c9cad1c4-b96c-11e4-a802-0aaa78deedf9	Burpee Start	Start Burpee Workout From Fitness Idle	human	https://d99n9xvb9513w.cloudfront.net/thumbnails/motions/119920901/static.png
c9cab378-b96c-11e4-a802-0aaa78deedf9	Butterfly Twirl	Butterfly Twirl Kick	human	https://d99n9xvb9513w.cloudfront.net/thumbnails/motions/120400901/static.png
c9c8f267-b96c-11e4-a802-0aaa78deedf9	Button Pushing	Pushing A Button With The Right Hand	human	https://d99n9xvb9513w.cloudfront.net/thumbnails/motions/136240901/static.png
c9c82503-b96c-11e4-a802-0aaa78deedf9	Calling	Calling For Help In A Sneaky Position	human	https://d99n9xvb9513w.cloudfront.net/thumbnails/motions/130290901/static.png
c9cd4b22-b96c-11e4-a802-0aaa78deedf9	Can Can	Doing The Can Can	human	https://d99n9xvb9513w.cloudfront.net/thumbnails/motions/125700901/static.png
c9c70d7b-b96c-11e4-a802-0aaa78deedf9	Capoeira	Capoeira Groundwork	human	https://d99n9xvb9513w.cloudfront.net/thumbnails/motions/109110901/static.png
c9c6f2d7-b96c-11e4-a802-0aaa78deedf9	Capoeira	Capoeira Idle	human	https://d99n9xvb9513w.cloudfront.net/thumbnails/motions/108790901/static.png
c9c6f3bd-b96c-11e4-a802-0aaa78deedf9	Capoeira	Capoeira Kicks	human	https://d99n9xvb9513w.cloudfront.net/thumbnails/motions/108790902/static.png
c9c7853c-b96c-11e4-a802-0aaa78deedf9	Cards	Dealing Cards	human	https://d99n9xvb9513w.cloudfront.net/thumbnails/motions/112830901/static.png
c9c92388-b96c-11e4-a802-0aaa78deedf9	Cards	Dealing Cards	human	https://d99n9xvb9513w.cloudfront.net/thumbnails/motions/112830902/static.png
c9c82dfa-b96c-11e4-a802-0aaa78deedf9	Carrying	Carrying Someone Idle	human	https://d99n9xvb9513w.cloudfront.net/thumbnails/motions/130700901/static.png
c9c85311-b96c-11e4-a802-0aaa78deedf9	Carrying Turn	Carrying Someone To Turn Left	human	https://d99n9xvb9513w.cloudfront.net/thumbnails/motions/130430901/static.png
c9ca535b-b96c-11e4-a802-0aaa78deedf9	Cartwheel	Male Doing A Cartwheel	human	https://d99n9xvb9513w.cloudfront.net/thumbnails/motions/119690901/static.png
c9c7a014-b96c-11e4-a802-0aaa78deedf9	Casting Spell	Conjuring Magic And Throwing	human	https://d99n9xvb9513w.cloudfront.net/thumbnails/motions/110980901/static.png
0c386ca4-173e-449c-9d3d-14a8f94b2cf0	Catwalk Idle	Female Standing Idle	human	https://d99n9xvb9513w.cloudfront.net/thumbnails/motions/128700901/static.png
d787960d-5406-4988-968b-7ade5ac49075	Catwalk Idle 01	Male Standing Idle 01	human	https://d99n9xvb9513w.cloudfront.net/thumbnails/motions/128800903/static.png
c83f15d9-1e31-41c7-a1df-dfd6baa6fb60	Catwalk Idle 02	Male Standing Idle 02	human	https://d99n9xvb9513w.cloudfront.net/thumbnails/motions/128800904/static.png
6b719484-9aa3-4939-9878-252b4b843c68	Catwalk Idle To Twist L	Female Idle To Twist Left Idle	human	https://d99n9xvb9513w.cloudfront.net/thumbnails/motions/128700902/static.png
14edbafc-0099-4c35-9f66-25e095c7fcd6	Catwalk Idle To Twist R	Female Idle To Twist Right Idle	human	https://d99n9xvb9513w.cloudfront.net/thumbnails/motions/128700903/static.png
29e907b5-a383-415b-bf20-f24c916ac328	Catwalk Idle To Walk Forward	Female Idle To Walk Forward	human	https://d99n9xvb9513w.cloudfront.net/thumbnails/motions/128700904/static.png
f3dd0bd6-674d-4adc-b3de-3772955f902c	Catwalk Idle To Walk Forward	Male Idle To Walk Forward	human	https://d99n9xvb9513w.cloudfront.net/thumbnails/motions/128800905/static.png
851cbdbd-5dcd-40ec-813b-d020e3dfb55c	Catwalk Idle To Walk Forward Crossed	Female Idle To Walk Forward - Legs Crossing	human	https://d99n9xvb9513w.cloudfront.net/thumbnails/motions/128700905/static.png
fd21a485-73e8-41a1-9d76-9a42ff687c3e	Catwalk Idle To Walk Forward HighKnees	Female Idle To Walk Forward - Knees High	human	https://d99n9xvb9513w.cloudfront.net/thumbnails/motions/128700906/static.png
0aa23f2b-23b1-498b-b6b2-cd306c02f83c	Catwalk Idle Twist L	Female Twist Left Idle	human	https://d99n9xvb9513w.cloudfront.net/thumbnails/motions/128700907/static.png
cb90109f-8c5a-4ab5-adfa-79c4c76ed31b	Catwalk Idle Twist L	Male Twist Left Idle	human	https://d99n9xvb9513w.cloudfront.net/thumbnails/motions/128800906/static.png
333a99ac-b29a-443c-968a-6a8877414a4d	Catwalk Idle Twist R	Female Twist Right Idle	human	https://d99n9xvb9513w.cloudfront.net/thumbnails/motions/128700908/static.png
294bc85d-6503-49fe-85e0-a200913e7104	Catwalk Idle Twist R	Male Twist Right Idle	human	https://d99n9xvb9513w.cloudfront.net/thumbnails/motions/128800909/static.png
853678d8-e430-4e41-b139-d08ad7165476	Catwalk Sequence 01	Female Sequence - Twist Left, Right, 360 Spin	human	https://d99n9xvb9513w.cloudfront.net/thumbnails/motions/128700930/static.png
e456545d-7f35-431d-b058-996291b35a9e	Catwalk Sequence 01	Male Sequence - Turn Left, Turn Right	human	https://d99n9xvb9513w.cloudfront.net/thumbnails/motions/128800901/static.png
4e21b529-63d3-4f10-904f-17b12bca55a8	Catwalk Sequence 02	Female Sequence - Twist Left, Right, Walking 360 Spin	human	https://d99n9xvb9513w.cloudfront.net/thumbnails/motions/128700931/static.png
94971683-f171-4e37-b94e-3877b1f830eb	Catwalk Sequence 02	Male Sequence - Walk 180 Turn	human	https://d99n9xvb9513w.cloudfront.net/thumbnails/motions/128800902/static.png
4c002217-c976-4f99-b479-e0edd507e258	Catwalk Sequence 03	Female Sequence - Transition To Right Hand On Hip	human	https://d99n9xvb9513w.cloudfront.net/thumbnails/motions/128700932/static.png
ca09995f-5893-4f93-aca3-ed1ae51dbe73	Catwalk Sequence 04	Female Sequence - Transition To Hands On Hips	human	https://d99n9xvb9513w.cloudfront.net/thumbnails/motions/128700933/static.png
b9dd768c-c4b9-4b75-aebe-c4e068f4fb5c	Catwalk Sequence 05	Female Sequence - Twist Left, Walk 180	human	https://d99n9xvb9513w.cloudfront.net/thumbnails/motions/128700934/static.png
5ed67991-c2e8-4723-806c-edcfc7dc5c79	Catwalk Twist L To Twist R	Female Twist Left Idle To Twist Right Idle	human	https://d99n9xvb9513w.cloudfront.net/thumbnails/motions/128700909/static.png
25e57c87-c073-4422-b9f7-17ce43b63397	Catwalk Twist L To Twist R	Male Twist Left Idle To Twist Right Idle	human	https://d99n9xvb9513w.cloudfront.net/thumbnails/motions/128800907/static.png
c1283d5c-255d-40df-92b6-84e1e0421b28	Catwalk Twist L To Walk 180	Female Twist Left Idle To Walk 180 - Turning Left	human	https://d99n9xvb9513w.cloudfront.net/thumbnails/motions/128700910/static.png
055c26a1-0184-4197-8a8e-ea91524c12b3	Catwalk Twist L To Walk 180	Male Twist Left Idle To Walk 180 - Turning Left	human	https://d99n9xvb9513w.cloudfront.net/thumbnails/motions/128800908/static.png
57ba7803-a02d-4e6f-8c65-16c23e0e06b3	Catwalk Twist R To Twist L	Female Twist Right Idle To Twist Left Idle	human	https://d99n9xvb9513w.cloudfront.net/thumbnails/motions/128700911/static.png
bddb482f-e379-4240-bf42-f6f9222c0a64	Catwalk Twist R To Twist L	Male Twist Right Idle To Twist Left Idle	human	https://d99n9xvb9513w.cloudfront.net/thumbnails/motions/128800910/static.png
7a46ab56-3cd5-405f-aa4a-48cf84bb64e7	Catwalk Twist R To Walk 180	Female Twist Right Idle To Walk 180 - Turning Right	human	https://d99n9xvb9513w.cloudfront.net/thumbnails/motions/128700912/static.png
1ab011f2-96c0-475d-8ef7-e453c95c2fa3	Catwalk Twist R To Walk 180	Male Twist Right Idle To Walk 180 - Turning Right	human	https://d99n9xvb9513w.cloudfront.net/thumbnails/motions/128800911/static.png
c9c7a6d6-b96c-11e4-a802-0aaa78deedf9	Catwalk Walk	Model Walking Down The Catwalk	human	https://d99n9xvb9513w.cloudfront.net/thumbnails/motions/113090901/static.png
4b9582ce-c219-4db9-b301-9aaa229b2478	Catwalk Walk Crossed Stop	Female Walk Forward Crossed To Idle	human	https://d99n9xvb9513w.cloudfront.net/thumbnails/motions/128700913/static.png
009b2b9b-2974-40f2-8825-feb4db36a6b2	Catwalk Walk Forward	Female Walk Forward	human	https://d99n9xvb9513w.cloudfront.net/thumbnails/motions/128700914/static.png
733bfe2e-9261-4c43-9265-d9af6f027c23	Catwalk Walk Forward 01	Male Walk Forward 01	human	https://d99n9xvb9513w.cloudfront.net/thumbnails/motions/128800912/static.png
024f56e2-6fc2-475a-b051-b9bebcf272f2	Catwalk Walk Forward 02	Male Walk Forward 02	human	https://d99n9xvb9513w.cloudfront.net/thumbnails/motions/128800913/static.png
b44b1c44-60b8-4021-ba68-3b5e62a43887	Catwalk Walk Forward 03	Male Walk Forward 03	human	https://d99n9xvb9513w.cloudfront.net/thumbnails/motions/128800914/static.png
57ae6f2d-34e4-4331-a09c-36ede4f3792e	Catwalk Walk Forward Arc 90L	Female Walk Forward Turning Left 90 In An Arc	human	https://d99n9xvb9513w.cloudfront.net/thumbnails/motions/128700915/static.png
56367d81-f361-4958-b721-a2e5dbd79ece	Catwalk Walk Forward Arc 90L	Male Walk Forward Turning Left 90 In An Arc	human	https://d99n9xvb9513w.cloudfront.net/thumbnails/motions/128800915/static.png
674780ca-b224-4587-916d-45037fe40b9b	Catwalk Walk Forward Arc 90R	Female Walk Forward Turning Right 90 In An Arc	human	https://d99n9xvb9513w.cloudfront.net/thumbnails/motions/128700916/static.png
3c2bd588-7254-4de0-8f78-93517c9d51e9	Catwalk Walk Forward Arc 90R	Male Walk Forward Turning Right 90 In An Arc	human	https://d99n9xvb9513w.cloudfront.net/thumbnails/motions/128800916/static.png
81142413-dffc-4f6b-bfc4-9d1800f5786d	Catwalk Walk Forward Crossed	Female Walk Forward - Legs Crossing	human	https://d99n9xvb9513w.cloudfront.net/thumbnails/motions/128700917/static.png
946fd0d3-815b-4653-8be1-1a2e5b9cc688	Catwalk Walk Forward HighKnees	Female Walk Forward - Knees High	human	https://d99n9xvb9513w.cloudfront.net/thumbnails/motions/128700918/static.png
190db7fa-5603-4cdb-b4f8-a04488c693c4	Catwalk Walk Forward Turn 90L	Female Walk Forward Turning Left 90	human	https://d99n9xvb9513w.cloudfront.net/thumbnails/motions/128700919/static.png
99178e64-bdc0-4b28-a3e6-064c0261e962	Catwalk Walk Forward Turn 90L	Male Walk Forward Turning Left 90	human	https://d99n9xvb9513w.cloudfront.net/thumbnails/motions/128800917/static.png
54213a5a-571d-4af3-a5e2-ff5149b9faba	Catwalk Walk Forward Turn 90R	Female Walk Forward Turning Right 90	human	https://d99n9xvb9513w.cloudfront.net/thumbnails/motions/128700920/static.png
552212c8-01e2-43e7-8e55-cc81ece5a16f	Catwalk Walk Forward Turn 90R	Male Walk Forward Turning Right 90	human	https://d99n9xvb9513w.cloudfront.net/thumbnails/motions/128800918/static.png
14144cfe-78c6-4e17-b099-31aa4a06650b	Catwalk Walk Start Backwards 180L	Female Walk Start Backwards Turning 180 To The Left	human	https://d99n9xvb9513w.cloudfront.net/thumbnails/motions/128700921/static.png
47dde8ea-fe88-4da1-bc26-967857a9fcfd	Catwalk Walk Start Backwards 180L	Male Walk Start Backwards Turning 180 To The Left	human	https://d99n9xvb9513w.cloudfront.net/thumbnails/motions/128800919/static.png
baa36602-0926-407f-a0de-f4740f7573e6	Catwalk Walk Start Backwards 180R	Female Walk Start Backwards Turning 180 To The Right	human	https://d99n9xvb9513w.cloudfront.net/thumbnails/motions/128700922/static.png
305747e7-bb9c-4d6c-b1d7-18a07c24c59a	Catwalk Walk Start Turn 180 Left	Female Walk Start Turining 180 To The Left	human	https://d99n9xvb9513w.cloudfront.net/thumbnails/motions/128700923/static.png
a24418a8-5607-49f7-af1c-ec59dabd9d41	Catwalk Walk Start Turn 180 Left	Male Walk Start Turining 180 To The Left	human	https://d99n9xvb9513w.cloudfront.net/thumbnails/motions/128800920/static.png
c6ca21c6-7bb8-4c07-aded-ef4f2de9f977	Catwalk Walk Start Turn 180 Right	Female Walk Start Turning 180 To The Right	human	https://d99n9xvb9513w.cloudfront.net/thumbnails/motions/128700924/static.png
c4a65a6e-5f25-4cf6-9a4c-6cde72b17d70	Catwalk Walk Start Turn 180 Right	Male Walk Start Turning 180 To The Right	human	https://d99n9xvb9513w.cloudfront.net/thumbnails/motions/128800921/static.png
8e84b7ba-606b-4678-89ab-da36be048566	Catwalk Walk Stop	Female Walk Forward To Idle	human	https://d99n9xvb9513w.cloudfront.net/thumbnails/motions/128700925/static.png
3e37cc56-9ee0-492d-bde5-ca12a12dae43	Catwalk Walk Stop	Male Walk Forward To Idle	human	https://d99n9xvb9513w.cloudfront.net/thumbnails/motions/128800922/static.png
20c6a997-f8b9-4521-92fa-ee9d732bf765	Catwalk Walk Stop Twist L	Female Walk Forward To Twist Left Idle	human	https://d99n9xvb9513w.cloudfront.net/thumbnails/motions/128700926/static.png
132b9fc2-a8bb-4aa0-a32f-d9209666e5e4	Catwalk Walk Stop Twist L	Male Walk Forward To Twist Left Idle	human	https://d99n9xvb9513w.cloudfront.net/thumbnails/motions/128800923/static.png
0f26e52f-b58e-46b3-b67c-af94a4a8f285	Catwalk Walk Stop Twist R	Female Walk Forward To Twist Right Idle	human	https://d99n9xvb9513w.cloudfront.net/thumbnails/motions/128700927/static.png
d960de14-4544-4f00-aab4-aa6770b73ded	Catwalk Walk Stop Twist R	Male Walk Forward To Twist Right Idle	human	https://d99n9xvb9513w.cloudfront.net/thumbnails/motions/128800924/static.png
b1dad3a3-859c-4af5-8b14-039c481eb7af	Catwalk Walk Turn 180 Tight	Female Walk Forward In A Tight Turn To The Right	human	https://d99n9xvb9513w.cloudfront.net/thumbnails/motions/128700928/static.png
53ae6105-cdf1-4437-9e6c-c4c362dc46d1	Catwalk Walk Turn 180 Tight L	Male Walk Forward In A Tight Turn To The Left	human	https://d99n9xvb9513w.cloudfront.net/thumbnails/motions/128800925/static.png
76345d30-e756-4d73-90bf-b912fe28abd1	Catwalk Walk Turn 180 Tight R	Male Walk Forward In A Tight Turn To The Right	human	https://d99n9xvb9513w.cloudfront.net/thumbnails/motions/128800926/static.png
b069293e-a683-4675-92b5-b50dc30f8c2a	Catwalk Walk Turn 180 Wide	Female Walk Forward In A Wide Turn To The Right	human	https://d99n9xvb9513w.cloudfront.net/thumbnails/motions/128700929/static.png
aa7e9e1e-0554-438f-bc2e-1b32088f0198	Catwalk Walk Turn 180 Wide L	Male Walk Forward In A Wide Turn To The Left	human	https://d99n9xvb9513w.cloudfront.net/thumbnails/motions/128800927/static.png
37a8093d-8cbe-424d-9efd-4b3f19df355a	Catwalk Walk Turn 180 Wide R	Male Walk Forward In A Wide Turn To The Right	human	https://d99n9xvb9513w.cloudfront.net/thumbnails/motions/128800928/static.png
c9c7a853-b96c-11e4-a802-0aaa78deedf9	Catwalk Walking	Catwalk Walk	human	https://d99n9xvb9513w.cloudfront.net/thumbnails/motions/113090902/static.png
c9c8b400-b96c-11e4-a802-0aaa78deedf9	Cautious Backward Walk	Cautious Walk Backward Start To Stop With An Aimed Rifle	human	https://d99n9xvb9513w.cloudfront.net/thumbnails/motions/136140901/static.png
c9caee1d-b96c-11e4-a802-0aaa78deedf9	Center Block	High Center Block	human	https://d99n9xvb9513w.cloudfront.net/thumbnails/motions/110530903/static.png
c9caf317-b96c-11e4-a802-0aaa78deedf9	Center Block	Low Center Block	human	https://d99n9xvb9513w.cloudfront.net/thumbnails/motions/110580903/static.png
c9c817ba-b96c-11e4-a802-0aaa78deedf9	Change Direction	Change Direction 180 Degrees While Running	human	https://d99n9xvb9513w.cloudfront.net/thumbnails/motions/115220901/static.png
c9cba31a-b96c-11e4-a802-0aaa78deedf9	Chapa 2	Capoeira Side Kick	human	https://d99n9xvb9513w.cloudfront.net/thumbnails/motions/121020901/static.png
c9cba4b1-b96c-11e4-a802-0aaa78deedf9	Chapa Giratoria 2	Capoeira Step Spin Kick	human	https://d99n9xvb9513w.cloudfront.net/thumbnails/motions/121030901/static.png
c9cba630-b96c-11e4-a802-0aaa78deedf9	Chapa-Giratoria	Capoeira Forward Kick	human	https://d99n9xvb9513w.cloudfront.net/thumbnails/motions/121040901/static.png
c9cba7ba-b96c-11e4-a802-0aaa78deedf9	Chapaeu De Couro	Capoeira Ground Spin Kick	human	https://d99n9xvb9513w.cloudfront.net/thumbnails/motions/121050901/static.png
c9c77324-b96c-11e4-a802-0aaa78deedf9	Charge	Pointing Onward Charge	human	https://d99n9xvb9513w.cloudfront.net/thumbnails/motions/110030901/static.png
c9c8b71c-b96c-11e4-a802-0aaa78deedf9	Check Shoe	Check Shoe While Holding Rifle	human	https://d99n9xvb9513w.cloudfront.net/thumbnails/motions/135630901/static.png
c9c78b50-b96c-11e4-a802-0aaa78deedf9	Checking Dice	Looking Under A Cup To Peek At Dice	human	https://d99n9xvb9513w.cloudfront.net/thumbnails/motions/113250901/static.png
c9c66ec0-b96c-11e4-a802-0aaa78deedf9	Cheering	Male Cheering Head Banging	human	https://d99n9xvb9513w.cloudfront.net/thumbnails/motions/102100903/static.png
c9c66dfd-b96c-11e4-a802-0aaa78deedf9	Cheering	Male Cheering With Two Fists Pump	human	https://d99n9xvb9513w.cloudfront.net/thumbnails/motions/102100901/static.png
c9cb8d02-b96c-11e4-a802-0aaa78deedf9	Cheering While Sitting	Cheering While Sitting And Talking To Neighbor	human	https://d99n9xvb9513w.cloudfront.net/thumbnails/motions/116250904/static.png
c9cb6e4c-b96c-11e4-a802-0aaa78deedf9	Cheering While Sitting	Cheering While Sitting With High Enthusiasm	human	https://d99n9xvb9513w.cloudfront.net/thumbnails/motions/116210904/static.png
c9cb6d8d-b96c-11e4-a802-0aaa78deedf9	Cheering While Sitting	Cheering While Sitting With Low Enthusiasm	human	https://d99n9xvb9513w.cloudfront.net/thumbnails/motions/116210903/static.png
c9cb6fca-b96c-11e4-a802-0aaa78deedf9	Cheering While Sitting	Cheering While Sitting With Very High Enthusiasm	human	https://d99n9xvb9513w.cloudfront.net/thumbnails/motions/116210906/static.png
c9cd46a9-b96c-11e4-a802-0aaa78deedf9	Chicken Dance	Doing The Chicken Dance	human	https://d99n9xvb9513w.cloudfront.net/thumbnails/motions/125650901/static.png
c9cc3111-b96c-11e4-a802-0aaa78deedf9	Chip	Soccer Chip Shot While Jogging	human	https://d99n9xvb9513w.cloudfront.net/thumbnails/motions/112550901/static.png
c9ce8259-b96c-11e4-a802-0aaa78deedf9	Circle Crunch	Circle Crunch On Floor	human	https://d99n9xvb9513w.cloudfront.net/thumbnails/motions/128640902/static.png
c9c60fce-b96c-11e4-a802-0aaa78deedf9	Clapping	Clap While Seated	human	https://d99n9xvb9513w.cloudfront.net/thumbnails/motions/100580901/static.png
c9c60ef2-b96c-11e4-a802-0aaa78deedf9	Clapping	Clap While Standing	human	https://d99n9xvb9513w.cloudfront.net/thumbnails/motions/100570901/static.png
c9cb20e3-b96c-11e4-a802-0aaa78deedf9	Clean And Jerk	Clean And Jerk Workout	human	https://d99n9xvb9513w.cloudfront.net/thumbnails/motions/120170901/static.png
c9c83859-b96c-11e4-a802-0aaa78deedf9	Climbing	Climbing Up A Slope	human	https://d99n9xvb9513w.cloudfront.net/thumbnails/motions/131000901/static.png
c9c6150e-b96c-11e4-a802-0aaa78deedf9	Climbing	Ladder Climb One Step At A Time	human	https://d99n9xvb9513w.cloudfront.net/thumbnails/motions/100670901/static.png
c9c615dd-b96c-11e4-a802-0aaa78deedf9	Climbing	Ladder Climb Two Steps At A Time	human	https://d99n9xvb9513w.cloudfront.net/thumbnails/motions/100670902/static.png
c9c803b5-b96c-11e4-a802-0aaa78deedf9	Climbing	Pulling Up To A Ledge	human	https://d99n9xvb9513w.cloudfront.net/thumbnails/motions/114370901/static.png
c9c8c5e5-b96c-11e4-a802-0aaa78deedf9	Climbing	Run To Start Climbing	human	https://d99n9xvb9513w.cloudfront.net/thumbnails/motions/136160901/static.png
c9c90758-b96c-11e4-a802-0aaa78deedf9	Climbing	Starting To Climb Onto A Box Or Short Fence	human	https://d99n9xvb9513w.cloudfront.net/thumbnails/motions/136300901/static.png
c9cd0e52-b96c-11e4-a802-0aaa78deedf9	Climbing A Rope	Climbing A Rope With Hands	human	https://d99n9xvb9513w.cloudfront.net/thumbnails/motions/124360901/static.png
c9cd0fbb-b96c-11e4-a802-0aaa78deedf9	Climbing A Rope	Climbing A Rope With Hands And Feet	human	https://d99n9xvb9513w.cloudfront.net/thumbnails/motions/124370901/static.png
c9c8b4dd-b96c-11e4-a802-0aaa78deedf9	Climbing Down	Climb Through Fence And Jump Down	human	https://d99n9xvb9513w.cloudfront.net/thumbnails/motions/135680901/static.png
c9c84593-b96c-11e4-a802-0aaa78deedf9	Climbing Down	Climbing Down To Standing	human	https://d99n9xvb9513w.cloudfront.net/thumbnails/motions/130060901/static.png
c9c9b2b7-b96c-11e4-a802-0aaa78deedf9	Climbing Down Wall	Climbing Down A Wall	human	https://d99n9xvb9513w.cloudfront.net/thumbnails/motions/118630902/static.png
c9c95e7a-b96c-11e4-a802-0aaa78deedf9	Climbing Ladder	Climbing Up A Ladder	human	https://d99n9xvb9513w.cloudfront.net/thumbnails/motions/136460902/static.png
c9c9611b-b96c-11e4-a802-0aaa78deedf9	Climbing To Top	Climbing Up A Ladder To Standing	human	https://d99n9xvb9513w.cloudfront.net/thumbnails/motions/136460903/static.png
c9c9b079-b96c-11e4-a802-0aaa78deedf9	Climbing Up Wall	Climbing Up A Wall	human	https://d99n9xvb9513w.cloudfront.net/thumbnails/motions/118630901/static.png
c9c6d55d-b96c-11e4-a802-0aaa78deedf9	Closing	Closing Cabinet Door	human	https://d99n9xvb9513w.cloudfront.net/thumbnails/motions/107910902/static.png
c9c6d930-b96c-11e4-a802-0aaa78deedf9	Closing A Lid	Closing The Lid On A Chest Or Box	human	https://d99n9xvb9513w.cloudfront.net/thumbnails/motions/107920904/static.png
c9c911f9-b96c-11e4-a802-0aaa78deedf9	Cocky Head Turn	Turning Head To The Side In A Cocky Manner	human	https://d99n9xvb9513w.cloudfront.net/thumbnails/motions/117040901/static.png
c9caf5b4-b96c-11e4-a802-0aaa78deedf9	Combo Punch	Eight Punch Combo	human	https://d99n9xvb9513w.cloudfront.net/thumbnails/motions/113930902/static.png
c9c8351c-b96c-11e4-a802-0aaa78deedf9	Convulsing	Convulsing On The Ground	human	https://d99n9xvb9513w.cloudfront.net/thumbnails/motions/130530901/static.png
c9cab62f-b96c-11e4-a802-0aaa78deedf9	Corkscrew Evade	Evading Projectiles With A Jump Spin	human	https://d99n9xvb9513w.cloudfront.net/thumbnails/motions/120440901/static.png
c9ca9df3-b96c-11e4-a802-0aaa78deedf9	Corkscrew Kip Up	Male Sliding Corkscrew To Kip Up	human	https://d99n9xvb9513w.cloudfront.net/thumbnails/motions/119850901/static.png
c9c6db74-b96c-11e4-a802-0aaa78deedf9	Counting	Counting To Five On One Hand	human	https://d99n9xvb9513w.cloudfront.net/thumbnails/motions/107660902/static.png
c9c6d258-b96c-11e4-a802-0aaa78deedf9	Counting	Referee 10 Count	human	https://d99n9xvb9513w.cloudfront.net/thumbnails/motions/107680901/static.png
c9c997ce-b96c-11e4-a802-0aaa78deedf9	Cover Idle	Crouched For Cover Against Object	human	https://d99n9xvb9513w.cloudfront.net/thumbnails/motions/118180901/static.png
c9c9989b-b96c-11e4-a802-0aaa78deedf9	Cover Idle	Standing Cover Against Object	human	https://d99n9xvb9513w.cloudfront.net/thumbnails/motions/118270901/static.png
c9c99f9f-b96c-11e4-a802-0aaa78deedf9	Cover To Stand	Crouch Cover To Standing Ready	human	https://d99n9xvb9513w.cloudfront.net/thumbnails/motions/118170901/static.png
c9ca93a4-b96c-11e4-a802-0aaa78deedf9	Cover To Stand	Crouch Cover To Standing Ready	human	https://d99n9xvb9513w.cloudfront.net/thumbnails/motions/118170902/static.png
c9c9a42c-b96c-11e4-a802-0aaa78deedf9	Cover To Stand	Standing Cover To Standing Ready	human	https://d99n9xvb9513w.cloudfront.net/thumbnails/motions/118250901/static.png
c9caa50e-b96c-11e4-a802-0aaa78deedf9	Cover To Stand	Standing Cover To Standing Ready	human	https://d99n9xvb9513w.cloudfront.net/thumbnails/motions/118250902/static.png
c9cda5e7-b96c-11e4-a802-0aaa78deedf9	Cow Milking	Milking A Cow	human	https://d99n9xvb9513w.cloudfront.net/thumbnails/motions/127000902/static.png
c9ccc230-b96c-11e4-a802-0aaa78deedf9	Crawl Backwards	Crawling Backwards In Fear	human	https://d99n9xvb9513w.cloudfront.net/thumbnails/motions/123320901/static.png
c9c962ca-b96c-11e4-a802-0aaa78deedf9	Crawl Backwards In Prone	Crawling Backwards While In A Prone Position	human	https://d99n9xvb9513w.cloudfront.net/thumbnails/motions/117370903/static.png
c9c87961-b96c-11e4-a802-0aaa78deedf9	Crawl Forward	Crawling Forward	human	https://d99n9xvb9513w.cloudfront.net/thumbnails/motions/112980902/static.png
c9c77c34-b96c-11e4-a802-0aaa78deedf9	Crawling	Crawling Forward On Hands And Knees	human	https://d99n9xvb9513w.cloudfront.net/thumbnails/motions/111380901/static.png
c9c8c51f-b96c-11e4-a802-0aaa78deedf9	Crawling Backwards	Frantically Crawling Backwards On Stomach	human	https://d99n9xvb9513w.cloudfront.net/thumbnails/motions/136070901/static.png
c9c97df8-b96c-11e4-a802-0aaa78deedf9	Crazy Gesture	Crazy Hand Gesture	human	https://d99n9xvb9513w.cloudfront.net/thumbnails/motions/117900901/static.png
c9ce8316-b96c-11e4-a802-0aaa78deedf9	Cross Jumps	Cross Jumps	human	https://d99n9xvb9513w.cloudfront.net/thumbnails/motions/128640903/static.png
c9ce83da-b96c-11e4-a802-0aaa78deedf9	Cross Jumps Rotation	Cross Jumps Rotation	human	https://d99n9xvb9513w.cloudfront.net/thumbnails/motions/128640904/static.png
c9c7f89a-b96c-11e4-a802-0aaa78deedf9	Cross Punch	A Cross Punch	human	https://d99n9xvb9513w.cloudfront.net/thumbnails/motions/113540901/static.png
c9cc1c35-b96c-11e4-a802-0aaa78deedf9	Crossleg Freeze	Breakdance Crossleg Freeze Transition To Stand	human	https://d99n9xvb9513w.cloudfront.net/thumbnails/motions/121730901/static.png
c9c9ca8b-b96c-11e4-a802-0aaa78deedf9	Crouch Cover To Cover	Crouch Cover To Cover	human	https://d99n9xvb9513w.cloudfront.net/thumbnails/motions/118210901/static.png
c9c9cdbd-b96c-11e4-a802-0aaa78deedf9	Crouch Cover Turn	Changing Direction In Crouch Cover	human	https://d99n9xvb9513w.cloudfront.net/thumbnails/motions/118230901/static.png
c9c85edd-b96c-11e4-a802-0aaa78deedf9	Crouch Death	Dying From A Crouched Position	human	https://d99n9xvb9513w.cloudfront.net/thumbnails/motions/115700901/static.png
c284106c-698e-40df-acb0-f89e764e5ba0	Crouch Idle	Crouch Idle	human	https://d99n9xvb9513w.cloudfront.net/thumbnails/motions/128670901/static.png
c9cecb5b-b96c-11e4-a802-0aaa78deedf9	Crouch Idle	Crouch Idle With Axe	human	https://d99n9xvb9513w.cloudfront.net/thumbnails/motions/128650901/static.png
c9c87139-b96c-11e4-a802-0aaa78deedf9	Crouch Idle	Crouching Holding A Rifle	human	https://d99n9xvb9513w.cloudfront.net/thumbnails/motions/115770901/static.png
a2233830-8472-4575-b736-3fdd9d309b14	Crouch Idle 01	Crouching With Bow	human	https://d99n9xvb9513w.cloudfront.net/thumbnails/motions/127690942/static.png
69a3d985-eb05-4620-95ca-47110b305913	Crouch Idle 02 Looking Around	Crouching Looking Around With Bow	human	https://d99n9xvb9513w.cloudfront.net/thumbnails/motions/127690943/static.png
450813fa-bfde-4176-83e5-fd02b3ca188a	Crouch Idle 03 Looking Over	Crouching Looking Over Object With Bow	human	https://d99n9xvb9513w.cloudfront.net/thumbnails/motions/127690944/static.png
c9cc0b63-b96c-11e4-a802-0aaa78deedf9	Crouch Look Around Corner	Crouch Looking Around Corner	human	https://d99n9xvb9513w.cloudfront.net/thumbnails/motions/121530901/static.png
c9c9456e-b96c-11e4-a802-0aaa78deedf9	Crouch Rapid Fire	Rapid Fire While In Crouch Posistion	human	https://d99n9xvb9513w.cloudfront.net/thumbnails/motions/115710903/static.png
c9c928d0-b96c-11e4-a802-0aaa78deedf9	Crouch Run Backwards	Running Backwards Crouched While Aiming Rifle	human	https://d99n9xvb9513w.cloudfront.net/thumbnails/motions/115830902/static.png
c9c89a5c-b96c-11e4-a802-0aaa78deedf9	Crouch Running	Crouch To Running While Aiming Rifle	human	https://d99n9xvb9513w.cloudfront.net/thumbnails/motions/115960902/static.png
c9c92dd4-b96c-11e4-a802-0aaa78deedf9	Crouch Stop Walking	Stops Crouched Walking While Aiming Rifle	human	https://d99n9xvb9513w.cloudfront.net/thumbnails/motions/116160906/static.png
c9c929b9-b96c-11e4-a802-0aaa78deedf9	Crouch Strafe Run Left	Crouched Strafe Run Left While Aiming Rifle	human	https://d99n9xvb9513w.cloudfront.net/thumbnails/motions/115920902/static.png
c9c87ad9-b96c-11e4-a802-0aaa78deedf9	Crouch To Prone	Crouching To Laying Prone Transition	human	https://d99n9xvb9513w.cloudfront.net/thumbnails/motions/115750901/static.png
c9c62a20-b96c-11e4-a802-0aaa78deedf9	Crouch To Stand	Crouch To Stand With Pistol	human	https://d99n9xvb9513w.cloudfront.net/thumbnails/motions/101130901/static.png
c9c62af7-b96c-11e4-a802-0aaa78deedf9	Crouch To Stand	Crouch To Stand With Rifle	human	https://d99n9xvb9513w.cloudfront.net/thumbnails/motions/101130902/static.png
c9c62952-b96c-11e4-a802-0aaa78deedf9	Crouch To Stand	Male Crouch To Stand	human	https://d99n9xvb9513w.cloudfront.net/thumbnails/motions/101110901/static.png
79682eef-415c-46db-8ab3-d4318a7a13fa	Crouch To Standing	Transition From Crouching To Standing With Bow	human	https://d99n9xvb9513w.cloudfront.net/thumbnails/motions/127690945/static.png
8678478a-695e-4b35-93e4-769e5bd06747	Crouch To Standing Idle	Transition From Crouch To Standing Idle	human	https://d99n9xvb9513w.cloudfront.net/thumbnails/motions/128670902/static.png
c9cecc26-b96c-11e4-a802-0aaa78deedf9	Crouch To Standing Idle	Transition From Crouch To Standing Idle	human	https://d99n9xvb9513w.cloudfront.net/thumbnails/motions/128650902/static.png
c9c87c58-b96c-11e4-a802-0aaa78deedf9	Crouch To Standing With Rifle	Standing Up From A Crouched Position With An Aimed Rifle	human	https://d99n9xvb9513w.cloudfront.net/thumbnails/motions/115760901/static.png
18b23688-f7fd-4653-9105-b2238f09c4c5	Crouch Torch Idle 01	Crouch Idle	human	https://d99n9xvb9513w.cloudfront.net/thumbnails/motions/128690901/static.png
7e2322af-148e-4e18-a66f-70a8e4d742d3	Crouch Torch Idle 02	Crouch Idle Looking Around	human	https://d99n9xvb9513w.cloudfront.net/thumbnails/motions/128690902/static.png
400dc4b4-f030-4527-b4e5-5f59a8727d4c	Crouch Torch To Standing Torch Idle	Transition From Crouch Idle To Standing Idle	human	https://d99n9xvb9513w.cloudfront.net/thumbnails/motions/128690903/static.png
6cfc15ef-1805-467c-8936-269289fd0c62	Crouch Torch Turn Left 90	Turning 90 Degrees Left	human	https://d99n9xvb9513w.cloudfront.net/thumbnails/motions/128690904/static.png
6fdaf340-4409-42b5-9940-ef3a2995b2c9	Crouch Torch Turn Right 90	Turning 90 Degrees Right	human	https://d99n9xvb9513w.cloudfront.net/thumbnails/motions/128690905/static.png
dbc327f5-1358-4c2a-8d00-4a377a9a7978	Crouch Torch Walk Back	Walking Backwards While Crouched	human	https://d99n9xvb9513w.cloudfront.net/thumbnails/motions/128690906/static.png
c4bfbde5-ccb9-4b2c-8856-2815f4a13f6d	Crouch Torch Walk Forward	Walking Forward While Crouched	human	https://d99n9xvb9513w.cloudfront.net/thumbnails/motions/128690907/static.png
b4421182-22f7-4ec6-a13b-abfb900a6bfe	Crouch Torch Walk Left	Walking Left While Crouched	human	https://d99n9xvb9513w.cloudfront.net/thumbnails/motions/128690908/static.png
7ae2d141-55c2-406e-b395-5e4f2bc2af23	Crouch Torch Walk Right	Walking Right While Crouched	human	https://d99n9xvb9513w.cloudfront.net/thumbnails/motions/128690909/static.png
59638101-83cb-4f5b-9ecc-5f3184b1669c	Crouch Turn Left 90	Turning 90 Degrees Left	human	https://d99n9xvb9513w.cloudfront.net/thumbnails/motions/128670903/static.png
6ebc2e9b-aba8-40d7-bdac-7ea2cef21cd0	Crouch Turn Left 90	Turning 90 Degrees Left With Bow	human	https://d99n9xvb9513w.cloudfront.net/thumbnails/motions/127690946/static.png
f73f73aa-7b67-43ca-ad1b-f58e6f909e95	Crouch Turn Right 90	Turning 90 Degrees Right	human	https://d99n9xvb9513w.cloudfront.net/thumbnails/motions/128670904/static.png
efeb41f3-d719-4222-9bc5-441af591e081	Crouch Turn Right 90	Turning 90 Degrees Right With Bow	human	https://d99n9xvb9513w.cloudfront.net/thumbnails/motions/127690947/static.png
c9cc0199-b96c-11e4-a802-0aaa78deedf9	Crouch Turn To Stand	Crouch Turn 180 To Stand	human	https://d99n9xvb9513w.cloudfront.net/thumbnails/motions/121490902/static.png
c9c8c75e-b96c-11e4-a802-0aaa78deedf9	Crouch Walk	Crouched Against Wall To Crouch Walk	human	https://d99n9xvb9513w.cloudfront.net/thumbnails/motions/136340901/static.png
328e4430-480a-49c2-8086-ef5f1b5a1beb	Crouch Walk Back	Walking Backwards While Crouched	human	https://d99n9xvb9513w.cloudfront.net/thumbnails/motions/128670905/static.png
a53b3d23-d74c-4aea-8928-e36d7b804176	Crouch Walk Back	Walking Backwards With Bow	human	https://d99n9xvb9513w.cloudfront.net/thumbnails/motions/127690948/static.png
c9c94ecf-b96c-11e4-a802-0aaa78deedf9	Crouch Walk Backwards Stop	Crouched Walk Backwards While Aiming Rifle To Stopping	human	https://d99n9xvb9513w.cloudfront.net/thumbnails/motions/116150906/static.png
b9fbd249-a554-423c-aa37-baa98223c4dc	Crouch Walk Forward	Walking Forward While Crouched	human	https://d99n9xvb9513w.cloudfront.net/thumbnails/motions/128670906/static.png
9df20f5a-85c9-4945-8392-8c341d8810ad	Crouch Walk Forward	Walking Forward With Bow	human	https://d99n9xvb9513w.cloudfront.net/thumbnails/motions/127690949/static.png
14f7890c-4431-4944-95d0-f7c46a1c538b	Crouch Walk Left	Walking Left While Crouched	human	https://d99n9xvb9513w.cloudfront.net/thumbnails/motions/128670907/static.png
1242b15b-5b36-4b30-baaa-f60408b9f597	Crouch Walk Left	Walking Left With Bow	human	https://d99n9xvb9513w.cloudfront.net/thumbnails/motions/127690950/static.png
b6a59d7d-d02d-48e4-ac30-3edee0d2d9e6	Crouch Walk Right	Walking Right While Crouched	human	https://d99n9xvb9513w.cloudfront.net/thumbnails/motions/128670908/static.png
f7d02af6-a8e6-4423-9c2e-f02c96e0a652	Crouch Walk Right	Walking Right With Bow	human	https://d99n9xvb9513w.cloudfront.net/thumbnails/motions/127690951/static.png
c9c93013-b96c-11e4-a802-0aaa78deedf9	Crouch Walk Strafe Left	Crouched Rifle Walk Strafe Left	human	https://d99n9xvb9513w.cloudfront.net/thumbnails/motions/116130906/static.png
c9c9279d-b96c-11e4-a802-0aaa78deedf9	Crouch Walk Strafe Right	Crouched Rifle Walk Strafe Right	human	https://d99n9xvb9513w.cloudfront.net/thumbnails/motions/116140906/static.png
c9c92c49-b96c-11e4-a802-0aaa78deedf9	Crouch Walking	Crouched Walking While Aiming Rifle	human	https://d99n9xvb9513w.cloudfront.net/thumbnails/motions/116160905/static.png
c9c92aaa-b96c-11e4-a802-0aaa78deedf9	Crouch Walking Backwards	Crouched Walking Backwards While Aiming Rifle	human	https://d99n9xvb9513w.cloudfront.net/thumbnails/motions/116150905/static.png
c9c92d0c-b96c-11e4-a802-0aaa78deedf9	Crouched Run	Running Crouched With Rifle	human	https://d99n9xvb9513w.cloudfront.net/thumbnails/motions/117010901/static.png
c9c99a2b-b96c-11e4-a802-0aaa78deedf9	Crouched Sneaking Left	Crouched Cover Sneaking Left	human	https://d99n9xvb9513w.cloudfront.net/thumbnails/motions/118220901/static.png
c9ca95cf-b96c-11e4-a802-0aaa78deedf9	Crouched Sneaking Left	Crouched Cover Sneaking Left	human	https://d99n9xvb9513w.cloudfront.net/thumbnails/motions/118220903/static.png
c9c99bc3-b96c-11e4-a802-0aaa78deedf9	Crouched Sneaking Right	Crouched Cover Sneaking Right	human	https://d99n9xvb9513w.cloudfront.net/thumbnails/motions/118220902/static.png
c9ca96ec-b96c-11e4-a802-0aaa78deedf9	Crouched Sneaking Right	Crouched Cover Sneaking Right	human	https://d99n9xvb9513w.cloudfront.net/thumbnails/motions/118220904/static.png
c9c92b78-b96c-11e4-a802-0aaa78deedf9	Crouched Strafe Run	Run Crouched Strafe Right With Rifle	human	https://d99n9xvb9513w.cloudfront.net/thumbnails/motions/115930902/static.png
c9cc05f7-b96c-11e4-a802-0aaa78deedf9	Crouched To Sprinting	Crouch To Sprinting	human	https://d99n9xvb9513w.cloudfront.net/thumbnails/motions/121510901/static.png
c9cc0a18-b96c-11e4-a802-0aaa78deedf9	Crouched To Standing	Crouch To Stand Transition	human	https://d99n9xvb9513w.cloudfront.net/thumbnails/motions/121520903/static.png
c9c640fa-b96c-11e4-a802-0aaa78deedf9	Crouched Walking	Crouched Walk	human	https://d99n9xvb9513w.cloudfront.net/thumbnails/motions/101610901/static.png
c9c616aa-b96c-11e4-a802-0aaa78deedf9	Crouched Walking	Crouched Walk With Rifle	human	https://d99n9xvb9513w.cloudfront.net/thumbnails/motions/100700901/static.png
c9c8ecbd-b96c-11e4-a802-0aaa78deedf9	Crouching	Crouching From Standing Position	human	https://d99n9xvb9513w.cloudfront.net/thumbnails/motions/137660901/static.png
c9cc08cf-b96c-11e4-a802-0aaa78deedf9	Crouching Idle	Low Crouching Idle	human	https://d99n9xvb9513w.cloudfront.net/thumbnails/motions/121520902/static.png
c9cea330-b96c-11e4-a802-0aaa78deedf9	Crouching Turn 90 Left	Rifle Crouched Turn 90 Left	human	https://d99n9xvb9513w.cloudfront.net/thumbnails/motions/128620938/static.png
c9cea44b-b96c-11e4-a802-0aaa78deedf9	Crouching Turn 90 Right	Rifle Crouched Turn 90 Left	human	https://d99n9xvb9513w.cloudfront.net/thumbnails/motions/128620939/static.png
c9c984ee-b96c-11e4-a802-0aaa78deedf9	Crying	Crying And Rubbing Eyes	human	https://d99n9xvb9513w.cloudfront.net/thumbnails/motions/117910901/static.png
c9c6eb62-b96c-11e4-a802-0aaa78deedf9	Dancing	Ballet Dance Variation One	human	https://d99n9xvb9513w.cloudfront.net/thumbnails/motions/108970901/static.png
c9c6efdd-b96c-11e4-a802-0aaa78deedf9	Dancing	Ballet Dance Variation Two	human	https://d99n9xvb9513w.cloudfront.net/thumbnails/motions/108980901/static.png
c9c6e9e3-b96c-11e4-a802-0aaa78deedf9	Dancing	Belly Dancing Variation Three	human	https://d99n9xvb9513w.cloudfront.net/thumbnails/motions/108940901/static.png
c9c73634-b96c-11e4-a802-0aaa78deedf9	Dancing	Boogaloo	human	https://d99n9xvb9513w.cloudfront.net/thumbnails/motions/108820901/static.png
c9c650df-b96c-11e4-a802-0aaa78deedf9	Dancing	Female "African Noodle" Dance	human	https://d99n9xvb9513w.cloudfront.net/thumbnails/motions/101810901/static.png
c9c651ae-b96c-11e4-a802-0aaa78deedf9	Dancing	Female "African Rainbow" Dance	human	https://d99n9xvb9513w.cloudfront.net/thumbnails/motions/101810902/static.png
c9cef323-b96c-11e4-a802-0aaa78deedf9	Dancing Maraschino Step	Dancing The Maraschino Step	human	https://d99n9xvb9513w.cloudfront.net/thumbnails/motions/128660901/static.png
c9cef3e2-b96c-11e4-a802-0aaa78deedf9	Dancing Running Man	Dancing The Running Man	human	https://d99n9xvb9513w.cloudfront.net/thumbnails/motions/128660902/static.png
c9cef4a7-b96c-11e4-a802-0aaa78deedf9	Dancing Twerk	Dancing The Twerk	human	https://d99n9xvb9513w.cloudfront.net/thumbnails/motions/128660903/static.png
c9c899a0-b96c-11e4-a802-0aaa78deedf9	Death	Death From Standing Idle	human	https://d99n9xvb9513w.cloudfront.net/thumbnails/motions/116070901/static.png
c9cea8f6-b96c-11e4-a802-0aaa78deedf9	Death Crouching Headshot Front	Rifle Death Crouched From Headshot Front	human	https://d99n9xvb9513w.cloudfront.net/thumbnails/motions/128620945/static.png
c9cea9b8-b96c-11e4-a802-0aaa78deedf9	Death From Back Headshot	Rifle Death From Back Headshot	human	https://d99n9xvb9513w.cloudfront.net/thumbnails/motions/128620946/static.png
c9cea76f-b96c-11e4-a802-0aaa78deedf9	Death From Front Headshot	Rifle Death From Front Headshot	human	https://d99n9xvb9513w.cloudfront.net/thumbnails/motions/128620943/static.png
c9cea835-b96c-11e4-a802-0aaa78deedf9	Death From Right	Rifle Death From Right Side	human	https://d99n9xvb9513w.cloudfront.net/thumbnails/motions/128620944/static.png
c9ceaa7b-b96c-11e4-a802-0aaa78deedf9	Death From The Back	Rifle Death From The Back	human	https://d99n9xvb9513w.cloudfront.net/thumbnails/motions/128620947/static.png
c9ceab40-b96c-11e4-a802-0aaa78deedf9	Death From The Front	Rifle Death From The Front	human	https://d99n9xvb9513w.cloudfront.net/thumbnails/motions/128620948/static.png
c9c71abe-b96c-11e4-a802-0aaa78deedf9	Defeat	Covering Face In Shame After Defeat	human	https://d99n9xvb9513w.cloudfront.net/thumbnails/motions/110550901/static.png
c9cb3878-b96c-11e4-a802-0aaa78deedf9	Defeat	Defeat From A Boxing Loss	human	https://d99n9xvb9513w.cloudfront.net/thumbnails/motions/110540902/static.png
c9cd985f-b96c-11e4-a802-0aaa78deedf9	Defeat Idle	Aj Defeat Idle	human	https://d99n9xvb9513w.cloudfront.net/thumbnails/motions/127390901/static.png
c9cd946f-b96c-11e4-a802-0aaa78deedf9	Defeat Idle	Big Vegas Defeat Idle	human	https://d99n9xvb9513w.cloudfront.net/thumbnails/motions/127340901/static.png
c9cd90a6-b96c-11e4-a802-0aaa78deedf9	Defeat Idle	Sporty Granny Defeat Idle	human	https://d99n9xvb9513w.cloudfront.net/thumbnails/motions/127290901/static.png
c9c70794-b96c-11e4-a802-0aaa78deedf9	Defeated	Showing Frustration After A Loss	human	https://d99n9xvb9513w.cloudfront.net/thumbnails/motions/110540901/static.png
c9cc2b8e-b96c-11e4-a802-0aaa78deedf9	Defender	Jumping And Swatting At A Ball	human	https://d99n9xvb9513w.cloudfront.net/thumbnails/motions/110300902/static.png
c9cc27cd-b96c-11e4-a802-0aaa78deedf9	Defender	Running To Tackle	human	https://d99n9xvb9513w.cloudfront.net/thumbnails/motions/110300903/static.png
c9cca996-b96c-11e4-a802-0aaa78deedf9	Descending Stairs	Running Down A Set Of Stairs	human	https://d99n9xvb9513w.cloudfront.net/thumbnails/motions/123360901/static.png
c9ccb106-b96c-11e4-a802-0aaa78deedf9	Descending Stairs	Walking Down A Set Of Stairs	human	https://d99n9xvb9513w.cloudfront.net/thumbnails/motions/123460901/static.png
c9c9dd2f-b96c-11e4-a802-0aaa78deedf9	Diagonal Wall Run	Diagonal Wall Run To Jumping	human	https://d99n9xvb9513w.cloudfront.net/thumbnails/motions/118790901/static.png
c9c794fc-b96c-11e4-a802-0aaa78deedf9	Dice Idle	Tapping Fingers From A Sitting Position	human	https://d99n9xvb9513w.cloudfront.net/thumbnails/motions/113290901/static.png
c9cd9d13-b96c-11e4-a802-0aaa78deedf9	Dig And Plant Seeds	Kneeling Digging And Planting Seeds	human	https://d99n9xvb9513w.cloudfront.net/thumbnails/motions/126770901/static.png
c9c6cd3e-b96c-11e4-a802-0aaa78deedf9	Digging	Digging Hole With Shovel	human	https://d99n9xvb9513w.cloudfront.net/thumbnails/motions/106480901/static.png
c9c6f852-b96c-11e4-a802-0aaa78deedf9	Disappointed	Disappointed "Awe-Shucks"	human	https://d99n9xvb9513w.cloudfront.net/thumbnails/motions/109960901/static.png
c9c8fdad-b96c-11e4-a802-0aaa78deedf9	Disarmed	Disarmed While Holding A Pistol	human	https://d99n9xvb9513w.cloudfront.net/thumbnails/motions/135790901/static.png
c9c8f19f-b96c-11e4-a802-0aaa78deedf9	Dismissing Gesture	Dismissing With Back Hand	human	https://d99n9xvb9513w.cloudfront.net/thumbnails/motions/117190901/static.png
c9c8e0d3-b96c-11e4-a802-0aaa78deedf9	Dismissing Gesture	Dismissing With Hand Forward	human	https://d99n9xvb9513w.cloudfront.net/thumbnails/motions/117180901/static.png
c9c95f5e-b96c-11e4-a802-0aaa78deedf9	Dive Roll	Dive Roll From Standing	human	https://d99n9xvb9513w.cloudfront.net/thumbnails/motions/116440901/static.png
c9c88244-b96c-11e4-a802-0aaa78deedf9	Dive Roll	Dive Roll While Holding Rifle	human	https://d99n9xvb9513w.cloudfront.net/thumbnails/motions/114490901/static.png
c9c69efe-b96c-11e4-a802-0aaa78deedf9	Dizzy Idle	Rocking Back And Forth As If Dizzy	human	https://d99n9xvb9513w.cloudfront.net/thumbnails/motions/103100901/static.png
c9c95bed-b96c-11e4-a802-0aaa78deedf9	Dodge While Sitting	Dodge To The Right While Sitting	human	https://d99n9xvb9513w.cloudfront.net/thumbnails/motions/137530902/static.png
c9c61914-b96c-11e4-a802-0aaa78deedf9	Dodging	Boxing Dodge Advance	human	https://d99n9xvb9513w.cloudfront.net/thumbnails/motions/100730901/static.png
c9c619e3-b96c-11e4-a802-0aaa78deedf9	Dodging	Boxing Dodge Retreat	human	https://d99n9xvb9513w.cloudfront.net/thumbnails/motions/100740901/static.png
c9c8aa0e-b96c-11e4-a802-0aaa78deedf9	Dodging	Dodging While Holding Rifle	human	https://d99n9xvb9513w.cloudfront.net/thumbnails/motions/135580901/static.png
c9c8f3f4-b96c-11e4-a802-0aaa78deedf9	Dodging Back	Jumping Backwards Dodge	human	https://d99n9xvb9513w.cloudfront.net/thumbnails/motions/137170901/static.png
c9c8f4cc-b96c-11e4-a802-0aaa78deedf9	Dodging Right	Dodging To The Right In Place	human	https://d99n9xvb9513w.cloudfront.net/thumbnails/motions/135960901/static.png
c9c69305-b96c-11e4-a802-0aaa78deedf9	Double Dagger Stab	Static Double Dagger Stab With Outward Grip	human	https://d99n9xvb9513w.cloudfront.net/thumbnails/motions/102700901/static.png
c9cd0754-b96c-11e4-a802-0aaa78deedf9	Double Leg Takedown - Attacker	Mma Takedown To Ground And Pound	human	https://d99n9xvb9513w.cloudfront.net/thumbnails/motions/123970901/static.png
c9cd05cf-b96c-11e4-a802-0aaa78deedf9	Double Leg Takedown - Attacker	Mma Takedown To Standing Mma Idle	human	https://d99n9xvb9513w.cloudfront.net/thumbnails/motions/123960901/static.png
c9cd0819-b96c-11e4-a802-0aaa78deedf9	Double Leg Takedown - Victim	Mma Takedown To Ground And Pound	human	https://d99n9xvb9513w.cloudfront.net/thumbnails/motions/123970902/static.png
c9cd0691-b96c-11e4-a802-0aaa78deedf9	Double Leg Takedown - Victim	Mma Takedown To Standing Mma Idle	human	https://d99n9xvb9513w.cloudfront.net/thumbnails/motions/123960902/static.png
c9cca456-b96c-11e4-a802-0aaa78deedf9	Draw A Great Sword 1	Transition From Standing To Drawing Great Sword	human	https://d99n9xvb9513w.cloudfront.net/thumbnails/motions/123280901/static.png
c9cca50e-b96c-11e4-a802-0aaa78deedf9	Draw A Great Sword 2	Transition From Standing To Drawing A Great Sword	human	https://d99n9xvb9513w.cloudfront.net/thumbnails/motions/123280902/static.png
c9cca2dc-b96c-11e4-a802-0aaa78deedf9	Draw Sword 1	Transition From Standing To Drawing Sword	human	https://d99n9xvb9513w.cloudfront.net/thumbnails/motions/123260901/static.png
c9cca398-b96c-11e4-a802-0aaa78deedf9	Draw Sword 2	Transition From Standing To Drawing Sword	human	https://d99n9xvb9513w.cloudfront.net/thumbnails/motions/123260902/static.png
c9c83441-b96c-11e4-a802-0aaa78deedf9	Drawing Gun	Drawing Gun From Lower Back	human	https://d99n9xvb9513w.cloudfront.net/thumbnails/motions/130760901/static.png
c9c6d18f-b96c-11e4-a802-0aaa78deedf9	Dribble	Dribbling Basketball With Right Arm	human	https://d99n9xvb9513w.cloudfront.net/thumbnails/motions/107130901/static.png
c9cc2c4e-b96c-11e4-a802-0aaa78deedf9	Dribble	Forward Jog Dribbling Soccer Ball	human	https://d99n9xvb9513w.cloudfront.net/thumbnails/motions/112450901/static.png
c9c63255-b96c-11e4-a802-0aaa78deedf9	Drinking	Male Drinking	human	https://d99n9xvb9513w.cloudfront.net/thumbnails/motions/101330902/static.png
c9c9f288-b96c-11e4-a802-0aaa78deedf9	Drinking Fountain	Stopping To Drink From Drinking Fountain	human	https://d99n9xvb9513w.cloudfront.net/thumbnails/motions/119010901/static.png
c9c64f3c-b96c-11e4-a802-0aaa78deedf9	Driving	Male Driving A Car	human	https://d99n9xvb9513w.cloudfront.net/thumbnails/motions/101780902/static.png
c9ca84cb-b96c-11e4-a802-0aaa78deedf9	Drop Kick	Male Kicking With Both Legs	human	https://d99n9xvb9513w.cloudfront.net/thumbnails/motions/119750901/static.png
c9c9c963-b96c-11e4-a802-0aaa78deedf9	Drop To Freehang	Standing Drop To Freehang	human	https://d99n9xvb9513w.cloudfront.net/thumbnails/motions/118490901/static.png
c9c8208c-b96c-11e4-a802-0aaa78deedf9	Dropping	Dropping Something And Picking It Up	human	https://d99n9xvb9513w.cloudfront.net/thumbnails/motions/130040901/static.png
c9ce58e5-b96c-11e4-a802-0aaa78deedf9	Drunk Idle	Drunken Basic Idle	human	https://d99n9xvb9513w.cloudfront.net/thumbnails/motions/124380901/static.png
c9ce60d0-b96c-11e4-a802-0aaa78deedf9	Drunk Idle Variation	Drunk Idle Variation Hiccup	human	https://d99n9xvb9513w.cloudfront.net/thumbnails/motions/124480901/static.png
c9ce6196-b96c-11e4-a802-0aaa78deedf9	Drunk Idle Variation	Drunk Idle Variation Stumble	human	https://d99n9xvb9513w.cloudfront.net/thumbnails/motions/124480902/static.png
c9ce5e71-b96c-11e4-a802-0aaa78deedf9	Drunk Run Backward	Running Backward While Drunk	human	https://d99n9xvb9513w.cloudfront.net/thumbnails/motions/124450901/static.png
c9ce5ce4-b96c-11e4-a802-0aaa78deedf9	Drunk Run Forward	Running Forward While Drunk	human	https://d99n9xvb9513w.cloudfront.net/thumbnails/motions/124430901/static.png
c9ce5dac-b96c-11e4-a802-0aaa78deedf9	Drunk Running Left Turn	Right Running Turn While Drunk	human	https://d99n9xvb9513w.cloudfront.net/thumbnails/motions/124440901/static.png
c9ce5ffe-b96c-11e4-a802-0aaa78deedf9	Drunk Turn	Drunken Turn Left In Place	human	https://d99n9xvb9513w.cloudfront.net/thumbnails/motions/124470901/static.png
c9ce59ae-b96c-11e4-a802-0aaa78deedf9	Drunk Walk	Drunk Walk Forward	human	https://d99n9xvb9513w.cloudfront.net/thumbnails/motions/124390901/static.png
c9ce5b5a-b96c-11e4-a802-0aaa78deedf9	Drunk Walk Backwards	Walking While Drunk Backwards	human	https://d99n9xvb9513w.cloudfront.net/thumbnails/motions/124410901/static.png
c9ce5a78-b96c-11e4-a802-0aaa78deedf9	Drunk Walking Turn	Turning Left While Walking Left	human	https://d99n9xvb9513w.cloudfront.net/thumbnails/motions/124400901/static.png
c9cdb1c3-b96c-11e4-a802-0aaa78deedf9	Dual Weapon Combo	Dual Weapon Combo Attack	human	https://d99n9xvb9513w.cloudfront.net/thumbnails/motions/128160901/static.png
c9c8de59-b96c-11e4-a802-0aaa78deedf9	Ducking	Ducking For Cover From Standing Idle	human	https://d99n9xvb9513w.cloudfront.net/thumbnails/motions/136280901/static.png
c9c8aef4-b96c-11e4-a802-0aaa78deedf9	Ducking	Sitting In Vehicle Ducking Down	human	https://d99n9xvb9513w.cloudfront.net/thumbnails/motions/136370901/static.png
c9cd13dc-b96c-11e4-a802-0aaa78deedf9	Dwarf Idle	Female Dwarf Idle Var. 1	human	https://d99n9xvb9513w.cloudfront.net/thumbnails/motions/124690902/static.png
c9cd149c-b96c-11e4-a802-0aaa78deedf9	Dwarf Idle	Female Dwarf Idle Var. 2	human	https://d99n9xvb9513w.cloudfront.net/thumbnails/motions/124690903/static.png
c9cd1560-b96c-11e4-a802-0aaa78deedf9	Dwarf Idle	Female Dwarf Idle Var. 3	human	https://d99n9xvb9513w.cloudfront.net/thumbnails/motions/124690904/static.png
c9cd1193-b96c-11e4-a802-0aaa78deedf9	Dwarf Idle	Female Dwarf Standing Idle	human	https://d99n9xvb9513w.cloudfront.net/thumbnails/motions/124690901/static.png
c9cd10ca-b96c-11e4-a802-0aaa78deedf9	Dwarf Walk	Female Dwarf Walk Forward	human	https://d99n9xvb9513w.cloudfront.net/thumbnails/motions/124680901/static.png
c9cd23c3-b96c-11e4-a802-0aaa78deedf9	Dwarf Walk	Male Dwarf Walk Forward	human	https://d99n9xvb9513w.cloudfront.net/thumbnails/motions/125140901/static.png
c9c62d63-b96c-11e4-a802-0aaa78deedf9	Dying	Death Hit From The Back Falling On One Knee	human	https://d99n9xvb9513w.cloudfront.net/thumbnails/motions/101180904/static.png
c9c630ac-b96c-11e4-a802-0aaa78deedf9	Dying	Dying Front Head Impact To Two Knees	human	https://d99n9xvb9513w.cloudfront.net/thumbnails/motions/101220904/static.png
c9c63186-b96c-11e4-a802-0aaa78deedf9	Dying	Dying Rear Impact Falling On Two Knees	human	https://d99n9xvb9513w.cloudfront.net/thumbnails/motions/101250904/static.png
c9c62efe-b96c-11e4-a802-0aaa78deedf9	Dying	Dying Shot To Back Of Head Falling On Two Knees	human	https://d99n9xvb9513w.cloudfront.net/thumbnails/motions/101210901/static.png
c9c62e30-b96c-11e4-a802-0aaa78deedf9	Dying	Dying Shot To The Chest Falling On Two Knees	human	https://d99n9xvb9513w.cloudfront.net/thumbnails/motions/101200901/static.png
c9c62fce-b96c-11e4-a802-0aaa78deedf9	Dying	Dying Shot To The Head Falling On Two Knees	human	https://d99n9xvb9513w.cloudfront.net/thumbnails/motions/101220903/static.png
c9c62c97-b96c-11e4-a802-0aaa78deedf9	Dying	Dying With Front Hit To The Head And Fall On One Knee	human	https://d99n9xvb9513w.cloudfront.net/thumbnails/motions/101170904/static.png
c9c62bc7-b96c-11e4-a802-0aaa78deedf9	Dying	Dying With Front Impact To The Head And Fall On One Knee	human	https://d99n9xvb9513w.cloudfront.net/thumbnails/motions/101170903/static.png
c9c6e758-b96c-11e4-a802-0aaa78deedf9	Dying	Explosion From Behind	human	https://d99n9xvb9513w.cloudfront.net/thumbnails/motions/107780901/static.png
c9c6df2e-b96c-11e4-a802-0aaa78deedf9	Dying	Laying On The Ground Dying	human	https://d99n9xvb9513w.cloudfront.net/thumbnails/motions/107870901/static.png
c9c6dcf2-b96c-11e4-a802-0aaa78deedf9	Dying Backwards	Shot To The Chest Falling Backwards	human	https://d99n9xvb9513w.cloudfront.net/thumbnails/motions/107070901/static.png
c9cccf35-b96c-11e4-a802-0aaa78deedf9	Edge Slip	Slipping Off An Edge Then Regaining Balance	human	https://d99n9xvb9513w.cloudfront.net/thumbnails/motions/124140901/static.png
c9c71ff7-b96c-11e4-a802-0aaa78deedf9	Elbow Punch	Illegal Elbow Rear Arm With Forward Step	human	https://d99n9xvb9513w.cloudfront.net/thumbnails/motions/110410901/static.png
c9c61b83-b96c-11e4-a802-0aaa78deedf9	Elbow Punching	Male Elbow Punch	human	https://d99n9xvb9513w.cloudfront.net/thumbnails/motions/100750904/static.png
c9c7f360-b96c-11e4-a802-0aaa78deedf9	Elbow Uppercut Combo	Elbow-Uppercut Strike Combo	human	https://d99n9xvb9513w.cloudfront.net/thumbnails/motions/113920901/static.png
c9cc0e84-b96c-11e4-a802-0aaa78deedf9	Emerge From Cover	Emerging Left From Cover Idle	human	https://d99n9xvb9513w.cloudfront.net/thumbnails/motions/121600901/static.png
c9c8a79e-b96c-11e4-a802-0aaa78deedf9	Emerging	Emerging Right From Cover To Aimed Rifle Walk	human	https://d99n9xvb9513w.cloudfront.net/thumbnails/motions/136130901/static.png
c9cad404-b96c-11e4-a802-0aaa78deedf9	End Bicycle Sit Up	End Bicycle Sit Up To Fitness Idle	human	https://d99n9xvb9513w.cloudfront.net/thumbnails/motions/120020901/static.png
c9cad586-b96c-11e4-a802-0aaa78deedf9	End Plank	End Plank To Fitness Idle	human	https://d99n9xvb9513w.cloudfront.net/thumbnails/motions/120050901/static.png
c9cce376-b96c-11e4-a802-0aaa78deedf9	Entering Car	Entering Into The Driverside Of A Car	human	https://d99n9xvb9513w.cloudfront.net/thumbnails/motions/123940901/static.png
c9c85e20-b96c-11e4-a802-0aaa78deedf9	Entering Code	Entering An Access Code	human	https://d99n9xvb9513w.cloudfront.net/thumbnails/motions/130350901/static.png
c9c7773e-b96c-11e4-a802-0aaa78deedf9	Entry	Entering From Ring Corner	human	https://d99n9xvb9513w.cloudfront.net/thumbnails/motions/112300901/static.png
c9c71dbc-b96c-11e4-a802-0aaa78deedf9	Entry	Entering Ring	human	https://d99n9xvb9513w.cloudfront.net/thumbnails/motions/110560901/static.png
c9c71941-b96c-11e4-a802-0aaa78deedf9	Entry	Jogging Around Ring Entry Sequence	human	https://d99n9xvb9513w.cloudfront.net/thumbnails/motions/110570901/static.png
c9cbde6b-b96c-11e4-a802-0aaa78deedf9	Esquiva 1	Capoeira Flip Escape	human	https://d99n9xvb9513w.cloudfront.net/thumbnails/motions/121060901/static.png
c9cbdfd3-b96c-11e4-a802-0aaa78deedf9	Esquiva 2	Capoeira Escape	human	https://d99n9xvb9513w.cloudfront.net/thumbnails/motions/121070901/static.png
c9cba941-b96c-11e4-a802-0aaa78deedf9	Esquiva 3	Capoeira Escape	human	https://d99n9xvb9513w.cloudfront.net/thumbnails/motions/121080901/static.png
c9cbe140-b96c-11e4-a802-0aaa78deedf9	Esquiva 4	Capoeira Escape	human	https://d99n9xvb9513w.cloudfront.net/thumbnails/motions/121090901/static.png
c9cbaade-b96c-11e4-a802-0aaa78deedf9	Esquiva 5	Capoeira Escape	human	https://d99n9xvb9513w.cloudfront.net/thumbnails/motions/121100901/static.png
c9c8da25-b96c-11e4-a802-0aaa78deedf9	Evading A Threat	Clumsily Running To Evade A Threat	human	https://d99n9xvb9513w.cloudfront.net/thumbnails/motions/136310901/static.png
c9c9941c-b96c-11e4-a802-0aaa78deedf9	Excited	Super Excited	human	https://d99n9xvb9513w.cloudfront.net/thumbnails/motions/118000901/static.png
c9cd08db-b96c-11e4-a802-0aaa78deedf9	Exiting Car	Exiting Out Of The Driverside Of A Car	human	https://d99n9xvb9513w.cloudfront.net/thumbnails/motions/123980901/static.png
c9ceb6f2-b96c-11e4-a802-0aaa78deedf9	Fall A Land To Run Forward	Land From Fall A To Run Forward	human	https://d99n9xvb9513w.cloudfront.net/thumbnails/motions/127690914/static.png
c9ceb621-b96c-11e4-a802-0aaa78deedf9	Fall A Land To Standing Idle 01	Land From Fall A To Standing Idle	human	https://d99n9xvb9513w.cloudfront.net/thumbnails/motions/127690913/static.png
785ad741-7f14-43d4-9948-3436973c2c76	Fall A Land To Standing Idle 02	Land From Fall A To Standing Idle	human	https://d99n9xvb9513w.cloudfront.net/thumbnails/motions/127690952/static.png
c9ceb55c-b96c-11e4-a802-0aaa78deedf9	Fall A Loop	Fall A Idle With Bow	human	https://d99n9xvb9513w.cloudfront.net/thumbnails/motions/127690912/static.png
5ccc29e1-11c4-4cd6-98db-87da34c04ae3	Fall B Land To Standing Idle	Land From Fall B To Standing Idle	human	https://d99n9xvb9513w.cloudfront.net/thumbnails/motions/127690954/static.png
b65b2918-821e-47e9-ba22-c1428f679600	Fall B Loop	Fall B Idle With Bow	human	https://d99n9xvb9513w.cloudfront.net/thumbnails/motions/127690953/static.png
c9cd86bc-b96c-11e4-a802-0aaa78deedf9	Fall Flat	Falling Flat On Face From A Hit To The Back While Running	human	https://d99n9xvb9513w.cloudfront.net/thumbnails/motions/126620901/static.png
c9c8cc75-b96c-11e4-a802-0aaa78deedf9	Fall Over	Frantically Fall Over With Rifle	human	https://d99n9xvb9513w.cloudfront.net/thumbnails/motions/135600901/static.png
c9ccd6a0-b96c-11e4-a802-0aaa78deedf9	Fallen Idle	Hurt Ground Idle From A Soccer Fall	human	https://d99n9xvb9513w.cloudfront.net/thumbnails/motions/124260901/static.png
c9c797ea-b96c-11e4-a802-0aaa78deedf9	Falling	Falling In The Air Idle	human	https://d99n9xvb9513w.cloudfront.net/thumbnails/motions/111090901/static.png
c9c82a82-b96c-11e4-a802-0aaa78deedf9	Falling	Falling Over A Rope Down To The Floor	human	https://d99n9xvb9513w.cloudfront.net/thumbnails/motions/131120901/static.png
c9c83f00-b96c-11e4-a802-0aaa78deedf9	Falling	Getting Scare And Goes Over A Cliff	human	https://d99n9xvb9513w.cloudfront.net/thumbnails/motions/131060901/static.png
c9cdb348-b96c-11e4-a802-0aaa78deedf9	Falling Back Death	Dying Falling Backward	human	https://d99n9xvb9513w.cloudfront.net/thumbnails/motions/128180901/static.png
c9cdb40b-b96c-11e4-a802-0aaa78deedf9	Falling Back Death	Dying Falling Backward	human	https://d99n9xvb9513w.cloudfront.net/thumbnails/motions/128190901/static.png
c9c91079-b96c-11e4-a802-0aaa78deedf9	Falling Down	Knocked Over And Falling To The Ground	human	https://d99n9xvb9513w.cloudfront.net/thumbnails/motions/136870901/static.png
c9c79e98-b96c-11e4-a802-0aaa78deedf9	Falling Flat Impact	Falling Flat On Face	human	https://d99n9xvb9513w.cloudfront.net/thumbnails/motions/111070901/static.png
c9cdb289-b96c-11e4-a802-0aaa78deedf9	Falling Forward Death	Dying Falling Forward	human	https://d99n9xvb9513w.cloudfront.net/thumbnails/motions/128170901/static.png
c9c78a8f-b96c-11e4-a802-0aaa78deedf9	Falling From Losing Balance	Losing Balance And Falling Off An Edge	human	https://d99n9xvb9513w.cloudfront.net/thumbnails/motions/111530901/static.png
c9c991b1-b96c-11e4-a802-0aaa78deedf9	Falling Idle	Mid-Air Falling Idle	human	https://d99n9xvb9513w.cloudfront.net/thumbnails/motions/118120901/static.png
c9ccd0b0-b96c-11e4-a802-0aaa78deedf9	Falling Into Pool	Losing Balance And Falling Forward Into A Pool	human	https://d99n9xvb9513w.cloudfront.net/thumbnails/motions/124160901/static.png
c9ccd171-b96c-11e4-a802-0aaa78deedf9	Falling Into Pool	Losing Balance And Falling Sideways Into A Pool	human	https://d99n9xvb9513w.cloudfront.net/thumbnails/motions/124170901/static.png
c9c9a7e8-b96c-11e4-a802-0aaa78deedf9	Falling To Landing	Landing From Falling Idle	human	https://d99n9xvb9513w.cloudfront.net/thumbnails/motions/118110902/static.png
c9c98dbb-b96c-11e4-a802-0aaa78deedf9	Falling To Roll	Mid-Air Falling Into A Roll	human	https://d99n9xvb9513w.cloudfront.net/thumbnails/motions/118130901/static.png
c9c9d0d6-b96c-11e4-a802-0aaa78deedf9	Falling To Roll	Mid-Air Falling Into A Roll Game Blend	human	https://d99n9xvb9513w.cloudfront.net/thumbnails/motions/118130902/static.png
c9ce7bbc-b96c-11e4-a802-0aaa78deedf9	Fast Run	Running Fast	human	https://d99n9xvb9513w.cloudfront.net/thumbnails/motions/128630905/static.png
170e8e49-8c1e-430e-8110-bf9c44ce3cd3	Female Action Pose	Attacking	human	https://d99n9xvb9513w.cloudfront.net/thumbnails/motions/140000906/static.png
27fe7228-487a-4951-af65-30cef1a9183d	Female Action Pose	Attacking	human	https://d99n9xvb9513w.cloudfront.net/thumbnails/motions/140000905/static.png
bef9832b-66c9-4a70-96cb-b56663a0e0c4	Female Action Pose	Attacking	human	https://d99n9xvb9513w.cloudfront.net/thumbnails/motions/140000907/static.png
eaf51ff4-0fb7-4759-aadf-edb8fd3ae6a0	Female Action Pose	Examine Forwards	human	https://d99n9xvb9513w.cloudfront.net/thumbnails/motions/140000904/static.png
53efbb9e-5900-42ea-b40b-6e2a8198aee4	Female Action Pose	Holding Bow	human	https://d99n9xvb9513w.cloudfront.net/thumbnails/motions/140000903/static.png
d6589536-da06-46f2-90b1-51157c550fc1	Female Action Pose	On Right Leg	human	https://d99n9xvb9513w.cloudfront.net/thumbnails/motions/140000901/static.png
8c95cac8-2068-410f-9564-d0a2a04ea0a5	Female Action Pose	Sliding	human	https://d99n9xvb9513w.cloudfront.net/thumbnails/motions/140000902/static.png
6141db9f-01ac-4038-a0df-8f8f7f23311a	Female Crouch Pose	Examine Backwards	human	https://d99n9xvb9513w.cloudfront.net/thumbnails/motions/140100905/static.png
9c6a2004-2e4e-4d6e-8cdb-aba2c1cf8624	Female Crouch Pose	Examine Backwards	human	https://d99n9xvb9513w.cloudfront.net/thumbnails/motions/140100904/static.png
42549f6f-15f4-41f1-856d-65705ff2d995	Female Crouch Pose	Examine Forwards	human	https://d99n9xvb9513w.cloudfront.net/thumbnails/motions/140100903/static.png
223e0cef-b9c0-4559-a115-6d8d7ca18c12	Female Crouch Pose	Looking Forward	human	https://d99n9xvb9513w.cloudfront.net/thumbnails/motions/140100901/static.png
02854bce-1b74-4b36-bb3f-df58f4a0a345	Female Crouch Pose	On Knees, Arms Raised	human	https://d99n9xvb9513w.cloudfront.net/thumbnails/motions/140100906/static.png
e3543986-d43d-4ec1-bac8-5cf7f5ec003b	Female Crouch Pose	Sneaking	human	https://d99n9xvb9513w.cloudfront.net/thumbnails/motions/140100902/static.png
31dca3e7-dba8-4536-a70e-34d7d5976fa9	Female Dance Pose	On Left Toes, Top Of Right Foot	human	https://d99n9xvb9513w.cloudfront.net/thumbnails/motions/140200901/static.png
be5e14b7-edd1-43cd-8bf8-31b4f8da7f70	Female Dance Pose	On Right Toe, Arms Raised	human	https://d99n9xvb9513w.cloudfront.net/thumbnails/motions/140200903/static.png
d6f6495f-89d8-4743-9ca3-14c7500cb4ce	Female Dance Pose	On Right Toes, Left Leg Raised	human	https://d99n9xvb9513w.cloudfront.net/thumbnails/motions/140200906/static.png
da9f9f38-5e04-4a3e-b489-91d4cdd1a90f	Female Dance Pose	On Right Toes, Left Leg Raised	human	https://d99n9xvb9513w.cloudfront.net/thumbnails/motions/140200904/static.png
02825b33-a9a3-418e-85e8-df665e2e52eb	Female Dance Pose	On Toes, Back Arched	human	https://d99n9xvb9513w.cloudfront.net/thumbnails/motions/140200902/static.png
c831c4aa-d70f-403c-8fc3-e8df720c4cac	Female Dance Pose	On Toes, Back Arched	human	https://d99n9xvb9513w.cloudfront.net/thumbnails/motions/140200905/static.png
31b59770-4380-4514-a47b-c702f8c9c593	Female Dynamic Pose	Floating, Back Arched	human	https://d99n9xvb9513w.cloudfront.net/thumbnails/motions/140300905/static.png
5fb720bd-4195-4e3c-a826-32016fd936fa	Female Dynamic Pose	Floating, Back Arched	human	https://d99n9xvb9513w.cloudfront.net/thumbnails/motions/140300901/static.png
3cfc4484-fa37-47ea-af5a-c7833c782444	Female Dynamic Pose	Floating, Bent Forwards	human	https://d99n9xvb9513w.cloudfront.net/thumbnails/motions/140300903/static.png
42836840-1f8f-4600-864f-79d068571da9	Female Dynamic Pose	Floating, Legs Bent And Arms Spread	human	https://d99n9xvb9513w.cloudfront.net/thumbnails/motions/140300904/static.png
76269744-4ce3-4955-b398-a9c7860835e5	Female Dynamic Pose	On Left Toes, Looking Left	human	https://d99n9xvb9513w.cloudfront.net/thumbnails/motions/140300902/static.png
401a9a92-26dc-4b13-962f-d8b509305909	Female Laying Pose	Back Arched, Arms Supporting	human	https://d99n9xvb9513w.cloudfront.net/thumbnails/motions/140400904/static.png
61c51e24-3e95-4adb-9df7-4c6efb389d78	Female Laying Pose	Legs Crossed, Arms Supporting	human	https://d99n9xvb9513w.cloudfront.net/thumbnails/motions/140400903/static.png
880e07f3-71e5-4a2b-99de-209355a0ea1d	Female Laying Pose	Legs Crossed, Arms Supporting	human	https://d99n9xvb9513w.cloudfront.net/thumbnails/motions/140400902/static.png
5b8c40fa-3e5e-4419-bb08-4e1bb49c4c6a	Female Laying Pose	Legs To Side, Arms Raised	human	https://d99n9xvb9513w.cloudfront.net/thumbnails/motions/140400907/static.png
20d24be0-b948-477b-9a24-4b562d83687c	Female Laying Pose	On Right Side, Right Hand Supporting Head	human	https://d99n9xvb9513w.cloudfront.net/thumbnails/motions/140400906/static.png
5bd81cb6-88ab-424a-9f05-3c1d069df352	Female Laying Pose	On Right Side, Right Hand Supporting Head	human	https://d99n9xvb9513w.cloudfront.net/thumbnails/motions/140400905/static.png
d7386b89-a82f-4253-853d-4207b969e203	Female Laying Pose	On Stomach, Elbows Supporting	human	https://d99n9xvb9513w.cloudfront.net/thumbnails/motions/140400909/static.png
533dc8c1-5910-47e2-913b-d075f756f9f7	Female Laying Pose	Right Arm Supporting, Left Arm Raised	human	https://d99n9xvb9513w.cloudfront.net/thumbnails/motions/140400901/static.png
d84ac7d2-650d-4655-bf20-0a6c1f918a17	Female Laying Pose	Right Leg Forward, Arms Supporting	human	https://d99n9xvb9513w.cloudfront.net/thumbnails/motions/140400908/static.png
040356e9-129b-454c-ae6b-3a27f83804f8	Female Locomotion Pose	Sprinting	human	https://d99n9xvb9513w.cloudfront.net/thumbnails/motions/140500901/static.png
1ead39af-d8cd-489c-9f38-dd5e30819395	Female Locomotion Pose	Walking	human	https://d99n9xvb9513w.cloudfront.net/thumbnails/motions/140500903/static.png
1cd09ee2-ba14-464d-9800-cbbbf16a6a2f	Female Locomotion Pose	Walking, Arms On Hips	human	https://d99n9xvb9513w.cloudfront.net/thumbnails/motions/140500904/static.png
8a09b39c-7163-4efe-bb74-baa30451b7bc	Female Locomotion Pose	Walking, Right Arm On Hip	human	https://d99n9xvb9513w.cloudfront.net/thumbnails/motions/140500902/static.png
c9c69248-b96c-11e4-a802-0aaa78deedf9	Female Peek And Aim	Female Turnaround Gun Aim	human	https://d99n9xvb9513w.cloudfront.net/thumbnails/motions/102560901/static.png
25c19dfb-999a-44dc-9140-b11a6c646226	Female Sitting Pose	Arms Holding Left Knee, Reclining	human	https://d99n9xvb9513w.cloudfront.net/thumbnails/motions/140600907/static.png
9649e88e-b287-4025-a7d3-e890c67bacee	Female Sitting Pose	Arms Holding Right Knee	human	https://d99n9xvb9513w.cloudfront.net/thumbnails/motions/140600906/static.png
e84e677b-c981-4333-8242-3ff820f8cf7f	Female Sitting Pose	Arms Raised	human	https://d99n9xvb9513w.cloudfront.net/thumbnails/motions/140600901/static.png
abe202be-9b63-49e8-9617-9c6ab94136de	Female Sitting Pose	Arms Supporting	human	https://d99n9xvb9513w.cloudfront.net/thumbnails/motions/140600905/static.png
df9c4ee9-dd9a-44cb-bcba-446c375a4023	Female Sitting Pose	Leaning Forward, Elbows On Knees	human	https://d99n9xvb9513w.cloudfront.net/thumbnails/motions/140600909/static.png
8bdab85d-3a33-474e-a205-7b55baff2977	Female Sitting Pose	Legs Crossed, Arms Crossed	human	https://d99n9xvb9513w.cloudfront.net/thumbnails/motions/140600903/static.png
72c8d4ff-33af-47a2-8751-4f56dc2d3f98	Female Sitting Pose	Legs Crossed, Reclining	human	https://d99n9xvb9513w.cloudfront.net/thumbnails/motions/140600904/static.png
e19de430-aebf-4500-a245-c6c35a5ba39e	Female Sitting Pose	Legs Crossed, Reclining	human	https://d99n9xvb9513w.cloudfront.net/thumbnails/motions/140600908/static.png
51846e47-a6ea-494c-b394-d4d6d3b1c556	Female Sitting Pose	Legs Crossed, Right Arm Over Knee	human	https://d99n9xvb9513w.cloudfront.net/thumbnails/motions/140600902/static.png
2278ba9c-6878-472c-b329-a340c0ec29c1	Female Standing Pose	Arms Down	human	https://d99n9xvb9513w.cloudfront.net/thumbnails/motions/140700903/static.png
def6e4e1-a5b3-4ba5-b195-71f9dfaa8ab8	Female Standing Pose	Arms Down	human	https://d99n9xvb9513w.cloudfront.net/thumbnails/motions/140700901/static.png
7c31ef17-f3f0-4a07-80e3-899100ec22c9	Female Standing Pose	Bending Forward, Arms Crossed Over Knees	human	https://d99n9xvb9513w.cloudfront.net/thumbnails/motions/140700909/static.png
bf65f0a2-236a-475c-a56e-687d5b07998f	Female Standing Pose	Hands On Hips Looking Over Shoulder	human	https://d99n9xvb9513w.cloudfront.net/thumbnails/motions/140700905/static.png
a819c6b5-4aaa-4a17-8c94-a5f70db6d68f	Female Standing Pose	Leaning Back, Arms Behind	human	https://d99n9xvb9513w.cloudfront.net/thumbnails/motions/140700913/static.png
0aef00f5-ea18-4e7c-a12d-6c92a08a9033	Female Standing Pose	Leaning Back, Left Hand On Hip	human	https://d99n9xvb9513w.cloudfront.net/thumbnails/motions/140700916/static.png
dc356979-2ddd-4ab4-a14f-e740db3102a4	Female Standing Pose	Left Hand On Hip	human	https://d99n9xvb9513w.cloudfront.net/thumbnails/motions/140700912/static.png
26b4d230-9615-468e-a32a-8b77084ded60	Female Standing Pose	Legs Crossed, Arms Raised	human	https://d99n9xvb9513w.cloudfront.net/thumbnails/motions/140700911/static.png
2f7089a1-b4a7-40c3-98f9-53d73cd4634e	Female Standing Pose	Legs Crossed, Left Hand On Hip	human	https://d99n9xvb9513w.cloudfront.net/thumbnails/motions/140700907/static.png
ba693e26-be81-4e70-a6a3-f41172dcb12f	Female Standing Pose	Legs Crossed, Left Hand On Hip	human	https://d99n9xvb9513w.cloudfront.net/thumbnails/motions/140700908/static.png
ba625166-2370-4260-ae47-0c49e3616309	Female Standing Pose	Looking Down To The Right	human	https://d99n9xvb9513w.cloudfront.net/thumbnails/motions/140700917/static.png
d4488660-8d67-4837-bded-1c774556d393	Female Standing Pose	On Left Leg, Right Hand On Hip, Left Arm Raised	human	https://d99n9xvb9513w.cloudfront.net/thumbnails/motions/140700910/static.png
f937b8c1-9bed-4db5-b22f-9f222edde76a	Female Standing Pose	On Right Foot, Left Leg Raised	human	https://d99n9xvb9513w.cloudfront.net/thumbnails/motions/140700904/static.png
4af0bbb1-13ef-4db3-987c-5ec2da564730	Female Standing Pose	Right Arm Raised, Left Hand On Hip	human	https://d99n9xvb9513w.cloudfront.net/thumbnails/motions/140700915/static.png
5a2b8fe8-de70-4820-8591-c3a5f77d5612	Female Standing Pose	Right Foot Raised	human	https://d99n9xvb9513w.cloudfront.net/thumbnails/motions/140700906/static.png
7bf2f079-7884-44dd-ad4f-2cd61f175803	Female Standing Pose	Right Hand On Hip	human	https://d99n9xvb9513w.cloudfront.net/thumbnails/motions/140700914/static.png
9c41a5e0-4492-4dd9-ad73-9edf079bf509	Female Standing Pose	Right Hand On Hip, Left Arm Raised	human	https://d99n9xvb9513w.cloudfront.net/thumbnails/motions/140700918/static.png
c96c0db9-4302-4412-98c6-9e945a02568a	Female Standing Pose	Right Hand On Hip, Left Arm Raised	human	https://d99n9xvb9513w.cloudfront.net/thumbnails/motions/140700902/static.png
c9c68c4c-b96c-11e4-a802-0aaa78deedf9	Female Start Walking	Female Start Walking	human	https://d99n9xvb9513w.cloudfront.net/thumbnails/motions/102520903/static.png
c9c68dee-b96c-11e4-a802-0aaa78deedf9	Female Stop And Start Walking	Female Stop Start Walking	human	https://d99n9xvb9513w.cloudfront.net/thumbnails/motions/102520905/static.png
c9c68d24-b96c-11e4-a802-0aaa78deedf9	Female Stop Walking	Female Stop Walking	human	https://d99n9xvb9513w.cloudfront.net/thumbnails/motions/102520904/static.png
c9c68eaa-b96c-11e4-a802-0aaa78deedf9	Female Tough Walk	Female Walk Like A Cowgirl - 1 Stride Loop	human	https://d99n9xvb9513w.cloudfront.net/thumbnails/motions/102530901/static.png
c9c68f62-b96c-11e4-a802-0aaa78deedf9	Female Tough Walk	Madeline Walk Like A Cowgirl - 2 Strides Loop	human	https://d99n9xvb9513w.cloudfront.net/thumbnails/motions/102530902/static.png
c9c68b91-b96c-11e4-a802-0aaa78deedf9	Female Walk	Female Normal Walk	human	https://d99n9xvb9513w.cloudfront.net/thumbnails/motions/102520901/static.png
c9c69167-b96c-11e4-a802-0aaa78deedf9	Femme Peek Around Corner	Female Peek Around Corner With Gun	human	https://d99n9xvb9513w.cloudfront.net/thumbnails/motions/102550901/static.png
c9c63b43-b96c-11e4-a802-0aaa78deedf9	Fight Idle	Male Fight Idle Empty Stance	human	https://d99n9xvb9513w.cloudfront.net/thumbnails/motions/101470903/static.png
c9c63c12-b96c-11e4-a802-0aaa78deedf9	Fight Idle	Male Fight Idle Thai Chi To Open Stance	human	https://d99n9xvb9513w.cloudfront.net/thumbnails/motions/101470906/static.png
c9ccea4a-b96c-11e4-a802-0aaa78deedf9	Fight Idle To Action Idle	Transition From Fight Idle To Action Idle	human	https://d99n9xvb9513w.cloudfront.net/thumbnails/motions/124310901/static.png
c9cce97f-b96c-11e4-a802-0aaa78deedf9	Fight Idle To Standing Idle	Transition From Fight Idle To Standing Idle	human	https://d99n9xvb9513w.cloudfront.net/thumbnails/motions/124300901/static.png
c9c63ce7-b96c-11e4-a802-0aaa78deedf9	Fighting Idle	Male Fight Idle Boxing Stance	human	https://d99n9xvb9513w.cloudfront.net/thumbnails/motions/101470907/static.png
c9c6fbfe-b96c-11e4-a802-0aaa78deedf9	Finding	Finding Something On The Ground	human	https://d99n9xvb9513w.cloudfront.net/thumbnails/motions/110150901/static.png
c9c86f03-b96c-11e4-a802-0aaa78deedf9	Fire Rifle	Fire Rifle While Crouched	human	https://d99n9xvb9513w.cloudfront.net/thumbnails/motions/115710901/static.png
c9c69cbf-b96c-11e4-a802-0aaa78deedf9	Fireball	Street Fighter Hadouken	human	https://d99n9xvb9513w.cloudfront.net/thumbnails/motions/103010901/static.png
c9c863fe-b96c-11e4-a802-0aaa78deedf9	Firing Rifle	Firing A Rifle While Standing	human	https://d99n9xvb9513w.cloudfront.net/thumbnails/motions/112960901/static.png
c9c94dfa-b96c-11e4-a802-0aaa78deedf9	Firing Rifle	Firing A Rifle While Standing	human	https://d99n9xvb9513w.cloudfront.net/thumbnails/motions/112960902/static.png
c9c895ef-b96c-11e4-a802-0aaa78deedf9	Firing Rifle	Firing While Walking With Rifle	human	https://d99n9xvb9513w.cloudfront.net/thumbnails/motions/116630901/static.png
c9ca927e-b96c-11e4-a802-0aaa78deedf9	Firing Rifle	Repeatedly Firing A Rifle While Crouch Walking	human	https://d99n9xvb9513w.cloudfront.net/thumbnails/motions/117350904/static.png
c9c9245d-b96c-11e4-a802-0aaa78deedf9	Firing Rifle	Repeatedly Firing While Running With Rifle	human	https://d99n9xvb9513w.cloudfront.net/thumbnails/motions/117360901/static.png
c9c94f98-b96c-11e4-a802-0aaa78deedf9	Firing Rifle	Repeatedly Firing While Walking At Medium Speed With Rifle	human	https://d99n9xvb9513w.cloudfront.net/thumbnails/motions/117350902/static.png
c9c95371-b96c-11e4-a802-0aaa78deedf9	Firing Rifle	Repeatedly Firing While Walking At Slow Speed With Rifle	human	https://d99n9xvb9513w.cloudfront.net/thumbnails/motions/117350903/static.png
c9c92f55-b96c-11e4-a802-0aaa78deedf9	Firing Rifle	Repeatedly Firing While Walking With Rifle	human	https://d99n9xvb9513w.cloudfront.net/thumbnails/motions/117350901/static.png
c9c9d6d5-b96c-11e4-a802-0aaa78deedf9	Fishing Cast	Fishing Cast And Reel In	human	https://d99n9xvb9513w.cloudfront.net/thumbnails/motions/112870902/static.png
c9c9d55d-b96c-11e4-a802-0aaa78deedf9	Fishing Idle	Fishing Idle	human	https://d99n9xvb9513w.cloudfront.net/thumbnails/motions/112870901/static.png
c9caa766-b96c-11e4-a802-0aaa78deedf9	Fist Fight A	Engaged In A Fist Fight	human	https://d99n9xvb9513w.cloudfront.net/thumbnails/motions/113730901/static.png
c9caa8bf-b96c-11e4-a802-0aaa78deedf9	Fist Fight B	Engaged In A Fist Fight	human	https://d99n9xvb9513w.cloudfront.net/thumbnails/motions/113730902/static.png
c9cb72cc-b96c-11e4-a802-0aaa78deedf9	Fist Pump	Big Standing Fist Pump From Sitting	human	https://d99n9xvb9513w.cloudfront.net/thumbnails/motions/116220904/static.png
c9cb738a-b96c-11e4-a802-0aaa78deedf9	Fist Pump	Big Standing Fist Pump From Sitting	human	https://d99n9xvb9513w.cloudfront.net/thumbnails/motions/116220905/static.png
c9cb6ccd-b96c-11e4-a802-0aaa78deedf9	Fist Pump	High Enthusiasm Fist Pump	human	https://d99n9xvb9513w.cloudfront.net/thumbnails/motions/116210902/static.png
c9cb6c0f-b96c-11e4-a802-0aaa78deedf9	Fist Pump	Less Enthusiastic Fist Pump	human	https://d99n9xvb9513w.cloudfront.net/thumbnails/motions/116210901/static.png
c9c91378-b96c-11e4-a802-0aaa78deedf9	Fist Pump	Pumping A Fist	human	https://d99n9xvb9513w.cloudfront.net/thumbnails/motions/117220901/static.png
c9cc3359-b96c-11e4-a802-0aaa78deedf9	Flair	Breakdance Flair	human	https://d99n9xvb9513w.cloudfront.net/thumbnails/motions/121780901/static.png
c9cc3298-b96c-11e4-a802-0aaa78deedf9	Flair	Breakdance Flair End	human	https://d99n9xvb9513w.cloudfront.net/thumbnails/motions/121770901/static.png
c9cc3416-b96c-11e4-a802-0aaa78deedf9	Flair	Breakdance Flair Start	human	https://d99n9xvb9513w.cloudfront.net/thumbnails/motions/121790901/static.png
c9ca992c-b96c-11e4-a802-0aaa78deedf9	Flip Kick	Flipping Backwards To Kick	human	https://d99n9xvb9513w.cloudfront.net/thumbnails/motions/119790901/static.png
c9ca9f2f-b96c-11e4-a802-0aaa78deedf9	Flip Kick	Front Flip To Kick	human	https://d99n9xvb9513w.cloudfront.net/thumbnails/motions/119870901/static.png
c9c6d01a-b96c-11e4-a802-0aaa78deedf9	Floating	Floating In Air Flailing Arms	human	https://d99n9xvb9513w.cloudfront.net/thumbnails/motions/108000901/static.png
c9c78916-b96c-11e4-a802-0aaa78deedf9	Flying	Flying Idle	human	https://d99n9xvb9513w.cloudfront.net/thumbnails/motions/111080901/static.png
c9cdb4c8-b96c-11e4-a802-0aaa78deedf9	Flying Back Death	Dying Flying Backward	human	https://d99n9xvb9513w.cloudfront.net/thumbnails/motions/128200901/static.png
c9c72d42-b96c-11e4-a802-0aaa78deedf9	Flying Bicycle Kick	Flying Bicycle Kick	human	https://d99n9xvb9513w.cloudfront.net/thumbnails/motions/111370901/static.png
c9cd423b-b96c-11e4-a802-0aaa78deedf9	Flying Kick	Flying Sidekick From A Run	human	https://d99n9xvb9513w.cloudfront.net/thumbnails/motions/125460901/static.png
c9ca9a5a-b96c-11e4-a802-0aaa78deedf9	Flying Knee Punch Combo	Jumping Knee Followed By A Punch	human	https://d99n9xvb9513w.cloudfront.net/thumbnails/motions/119800901/static.png
c9cab0fc-b96c-11e4-a802-0aaa78deedf9	Flying Shoulder Throw	Lucha Libre Style Aerial Shoulder Throw	human	https://d99n9xvb9513w.cloudfront.net/thumbnails/motions/120380902/static.png
c9c901a0-b96c-11e4-a802-0aaa78deedf9	Focus	Shake Off Head Pain And Focus	human	https://d99n9xvb9513w.cloudfront.net/thumbnails/motions/137860901/static.png
c9cc294c-b96c-11e4-a802-0aaa78deedf9	Football Catch	Jump And Catch With One Hand	human	https://d99n9xvb9513w.cloudfront.net/thumbnails/motions/110280902/static.png
c9cc288d-b96c-11e4-a802-0aaa78deedf9	Football Catch	Receiving A Football While Getting Tackled To The Ground	human	https://d99n9xvb9513w.cloudfront.net/thumbnails/motions/110280901/static.png
c9cc264d-b96c-11e4-a802-0aaa78deedf9	Football Hike	Football Fieldgoal Hike	human	https://d99n9xvb9513w.cloudfront.net/thumbnails/motions/102490901/static.png
c9cc270c-b96c-11e4-a802-0aaa78deedf9	Football Stance	Football Player Getting Into Stance	human	https://d99n9xvb9513w.cloudfront.net/thumbnails/motions/106800901/static.png
c9c7282b-b96c-11e4-a802-0aaa78deedf9	Forward Jump	Jumping Forward	human	https://d99n9xvb9513w.cloudfront.net/thumbnails/motions/111310901/static.png
c9c9afb5-b96c-11e4-a802-0aaa78deedf9	Free Hang Hop Left	Free Hang Hop Left To Another Free Hang	human	https://d99n9xvb9513w.cloudfront.net/thumbnails/motions/118540901/static.png
c9c9b941-b96c-11e4-a802-0aaa78deedf9	Free Hang Hop Right	Free Hang Hop Right To Another Free Hang	human	https://d99n9xvb9513w.cloudfront.net/thumbnails/motions/118550901/static.png
c9c9b504-b96c-11e4-a802-0aaa78deedf9	Free Hang To Braced	Free Hang Idle To Braced Idle	human	https://d99n9xvb9513w.cloudfront.net/thumbnails/motions/118760901/static.png
c9c9ce91-b96c-11e4-a802-0aaa78deedf9	Freehang Climb	Freehang Climb To Standing	human	https://d99n9xvb9513w.cloudfront.net/thumbnails/motions/118480901/static.png
c9c9bc34-b96c-11e4-a802-0aaa78deedf9	Freehang Drop	Freehang Drop To Standing	human	https://d99n9xvb9513w.cloudfront.net/thumbnails/motions/118750901/static.png
c9c9d85a-b96c-11e4-a802-0aaa78deedf9	Frisbee Throw	Throwing Frisbee Forward	human	https://d99n9xvb9513w.cloudfront.net/thumbnails/motions/114880901/static.png
c9cab793-b96c-11e4-a802-0aaa78deedf9	Front Flip	Big Front Flip	human	https://d99n9xvb9513w.cloudfront.net/thumbnails/motions/120450901/static.png
c9cb36c6-b96c-11e4-a802-0aaa78deedf9	Front Raises	Front Raises Workout	human	https://d99n9xvb9513w.cloudfront.net/thumbnails/motions/120320901/static.png
c9cacbb3-b96c-11e4-a802-0aaa78deedf9	Front Twist Flip	Run To Twist Flip To Run	human	https://d99n9xvb9513w.cloudfront.net/thumbnails/motions/120530901/static.png
c9c6ef1f-b96c-11e4-a802-0aaa78deedf9	Gaming	Playing Console Video Games	human	https://d99n9xvb9513w.cloudfront.net/thumbnails/motions/109850901/static.png
c9cbeca5-b96c-11e4-a802-0aaa78deedf9	Gangnam Style	The Popular K-Pop Dance	human	https://d99n9xvb9513w.cloudfront.net/thumbnails/motions/121580901/static.png
c9c90460-b96c-11e4-a802-0aaa78deedf9	Gathering Objects	Squatting Down To Gather Objects	human	https://d99n9xvb9513w.cloudfront.net/thumbnails/motions/137630901/static.png
c9c830ee-b96c-11e4-a802-0aaa78deedf9	Getting Bit	Getting Bit On Arm	human	https://d99n9xvb9513w.cloudfront.net/thumbnails/motions/131040901/static.png
c9c71702-b96c-11e4-a802-0aaa78deedf9	Getting Hit	Getting Hit From Back	human	https://d99n9xvb9513w.cloudfront.net/thumbnails/motions/110780901/static.png
c9cacc74-b96c-11e4-a802-0aaa78deedf9	Getting Hit Backwards	Getting Hit And Flipping Backwards	human	https://d99n9xvb9513w.cloudfront.net/thumbnails/motions/120540902/static.png
c9ccb57f-b96c-11e4-a802-0aaa78deedf9	Getting Smashed	Getting Smashed By A Large Object	human	https://d99n9xvb9513w.cloudfront.net/thumbnails/motions/121560903/static.png
c9cacaed-b96c-11e4-a802-0aaa78deedf9	Getting Thrown	Being Thrown To The Side	human	https://d99n9xvb9513w.cloudfront.net/thumbnails/motions/120520902/static.png
c9c7276e-b96c-11e4-a802-0aaa78deedf9	Getting Up	Getting Up From Back	human	https://d99n9xvb9513w.cloudfront.net/thumbnails/motions/110690901/static.png
c9c90823-b96c-11e4-a802-0aaa78deedf9	Getting Up	Getting Up From Being Knocked Down On The Ground	human	https://d99n9xvb9513w.cloudfront.net/thumbnails/motions/137190901/static.png
c9c71f39-b96c-11e4-a802-0aaa78deedf9	Getting Up	Getting Up From Stomach	human	https://d99n9xvb9513w.cloudfront.net/thumbnails/motions/110700901/static.png
c9cd89ad-b96c-11e4-a802-0aaa78deedf9	Getting Up	Standing From A Lying Prone	human	https://d99n9xvb9513w.cloudfront.net/thumbnails/motions/126660901/static.png
c9cbac50-b96c-11e4-a802-0aaa78deedf9	Ginga Backward	Capoeira Step Backward	human	https://d99n9xvb9513w.cloudfront.net/thumbnails/motions/121110901/static.png
c9cbadb8-b96c-11e4-a802-0aaa78deedf9	Ginga Forward	Capoeira Step Forward	human	https://d99n9xvb9513w.cloudfront.net/thumbnails/motions/121120901/static.png
c9cbaf32-b96c-11e4-a802-0aaa78deedf9	Ginga Sideways 1	Capoeira Step To The Side	human	https://d99n9xvb9513w.cloudfront.net/thumbnails/motions/121130901/static.png
c9cbb097-b96c-11e4-a802-0aaa78deedf9	Ginga Sideways 2	Capoeira Step To The Side	human	https://d99n9xvb9513w.cloudfront.net/thumbnails/motions/121140901/static.png
c9cbcff1-b96c-11e4-a802-0aaa78deedf9	Ginga Sideways To Au	Capoeira Step To Cartwheel	human	https://d99n9xvb9513w.cloudfront.net/thumbnails/motions/121150901/static.png
c9cbb200-b96c-11e4-a802-0aaa78deedf9	Ginga Variation 1	Capoeira Step	human	https://d99n9xvb9513w.cloudfront.net/thumbnails/motions/121160901/static.png
c9cbb367-b96c-11e4-a802-0aaa78deedf9	Ginga Variation 2	Capoeira Step	human	https://d99n9xvb9513w.cloudfront.net/thumbnails/motions/121170901/static.png
c9cbb4c3-b96c-11e4-a802-0aaa78deedf9	Ginga Variation 3	Capoeira Step	human	https://d99n9xvb9513w.cloudfront.net/thumbnails/motions/121180901/static.png
c9cc31d6-b96c-11e4-a802-0aaa78deedf9	Goalie Throw	Goalie Overhand Throw	human	https://d99n9xvb9513w.cloudfront.net/thumbnails/motions/118850901/static.png
c9cb4174-b96c-11e4-a802-0aaa78deedf9	Goalkeeper Body Block	Goalkeeper Left Body Block	human	https://d99n9xvb9513w.cloudfront.net/thumbnails/motions/120670901/static.png
c9cd809f-b96c-11e4-a802-0aaa78deedf9	Goalkeeper Body Block	Goalkeeper Left Body Block	human	https://d99n9xvb9513w.cloudfront.net/thumbnails/motions/125790901/static.png
c9cb4234-b96c-11e4-a802-0aaa78deedf9	Goalkeeper Body Block	Goalkeeper Right Body Block	human	https://d99n9xvb9513w.cloudfront.net/thumbnails/motions/120680901/static.png
c9cb3e75-b96c-11e4-a802-0aaa78deedf9	Goalkeeper Catch	Goalkeeper Catching Ball Low Height	human	https://d99n9xvb9513w.cloudfront.net/thumbnails/motions/120630901/static.png
c9cb3f36-b96c-11e4-a802-0aaa78deedf9	Goalkeeper Catch	Goalkeeper Catching Ball Medium Height	human	https://d99n9xvb9513w.cloudfront.net/thumbnails/motions/120640901/static.png
c9cb49e8-b96c-11e4-a802-0aaa78deedf9	Goalkeeper Catch	Goalkeeper Jump Catching Ball High Height	human	https://d99n9xvb9513w.cloudfront.net/thumbnails/motions/120760901/static.png
c9cb40b5-b96c-11e4-a802-0aaa78deedf9	Goalkeeper Catch	Goalkeeper Running Jump Catch Ball High Height	human	https://d99n9xvb9513w.cloudfront.net/thumbnails/motions/120660901/static.png
c9cb4929-b96c-11e4-a802-0aaa78deedf9	Goalkeeper Directing	Goalkeeper Directing The Defensive Players	human	https://d99n9xvb9513w.cloudfront.net/thumbnails/motions/120750901/static.png
c9cb486c-b96c-11e4-a802-0aaa78deedf9	Goalkeeper Directing	Goalkeeper Directing The Offensive Players Holding Ball	human	https://d99n9xvb9513w.cloudfront.net/thumbnails/motions/120740901/static.png
c9cb4b64-b96c-11e4-a802-0aaa78deedf9	Goalkeeper Diving Save	Goalkeeper Left Diving Save	human	https://d99n9xvb9513w.cloudfront.net/thumbnails/motions/120780901/static.png
c9cb4c24-b96c-11e4-a802-0aaa78deedf9	Goalkeeper Diving Save	Goalkeeper Right Diving Save	human	https://d99n9xvb9513w.cloudfront.net/thumbnails/motions/120790901/static.png
c9cb467a-b96c-11e4-a802-0aaa78deedf9	Goalkeeper Drop Kick	Goalkeeper Drop Kicking Ball	human	https://d99n9xvb9513w.cloudfront.net/thumbnails/motions/120720901/static.png
c9cb3ff4-b96c-11e4-a802-0aaa78deedf9	Goalkeeper Idle	Goalkeeper Idle Holding Ball	human	https://d99n9xvb9513w.cloudfront.net/thumbnails/motions/120650901/static.png
c9cb3b58-b96c-11e4-a802-0aaa78deedf9	Goalkeeper Idle	Goalkeeper Idle Without Ball	human	https://d99n9xvb9513w.cloudfront.net/thumbnails/motions/120590901/static.png
c9cb4aa2-b96c-11e4-a802-0aaa78deedf9	Goalkeeper Miss	Goalkeeper Jump And Miss	human	https://d99n9xvb9513w.cloudfront.net/thumbnails/motions/120770901/static.png
c9cb44e1-b96c-11e4-a802-0aaa78deedf9	Goalkeeper Overhand Throw	Goalkeeper Far Overhand Throw	human	https://d99n9xvb9513w.cloudfront.net/thumbnails/motions/120710901/static.png
c9cb42ee-b96c-11e4-a802-0aaa78deedf9	Goalkeeper Pass	Goalkeeper Rolling Pass	human	https://d99n9xvb9513w.cloudfront.net/thumbnails/motions/120690901/static.png
c9cb479d-b96c-11e4-a802-0aaa78deedf9	Goalkeeper Placing Ball	Goalkeeper Placing Ball To Long Pass	human	https://d99n9xvb9513w.cloudfront.net/thumbnails/motions/120730901/static.png
c9cb43d1-b96c-11e4-a802-0aaa78deedf9	Goalkeeper Placing Ball	Goalkeeper Placing Ball To Short Pass	human	https://d99n9xvb9513w.cloudfront.net/thumbnails/motions/120700901/static.png
c9cb3dab-b96c-11e4-a802-0aaa78deedf9	Goalkeeper Scoop	Goalkeeper Scooping The Ball From A Roll	human	https://d99n9xvb9513w.cloudfront.net/thumbnails/motions/120620901/static.png
c9cb3c1a-b96c-11e4-a802-0aaa78deedf9	Goalkeeper Sidestep	Goalkeeper Left Sidestep	human	https://d99n9xvb9513w.cloudfront.net/thumbnails/motions/120600901/static.png
c9cb3cd7-b96c-11e4-a802-0aaa78deedf9	Goalkeeper Sidestep	Goalkeeper Right Sidestep	human	https://d99n9xvb9513w.cloudfront.net/thumbnails/motions/120610901/static.png
c9ca7385-b96c-11e4-a802-0aaa78deedf9	Golf Bad Shot	Bad Shot Reaction Var 1	human	https://d99n9xvb9513w.cloudfront.net/thumbnails/motions/116990901/static.png
c9ca75b2-b96c-11e4-a802-0aaa78deedf9	Golf Bad Shot	Bad Shot Reaction Var 2	human	https://d99n9xvb9513w.cloudfront.net/thumbnails/motions/116990902/static.png
c9ca76d1-b96c-11e4-a802-0aaa78deedf9	Golf Bad Shot	Bad Shot Reaction Var 3	human	https://d99n9xvb9513w.cloudfront.net/thumbnails/motions/116990903/static.png
c9ca5bbf-b96c-11e4-a802-0aaa78deedf9	Golf Chip	Big Chip Shot	human	https://d99n9xvb9513w.cloudfront.net/thumbnails/motions/116930904/static.png
c9c77904-b96c-11e4-a802-0aaa78deedf9	Golf Chip	Golf Swing Chip Shot	human	https://d99n9xvb9513w.cloudfront.net/thumbnails/motions/106930901/static.png
c9c9d262-b96c-11e4-a802-0aaa78deedf9	Golf Chip	Golf Swing Chip Shot	human	https://d99n9xvb9513w.cloudfront.net/thumbnails/motions/116930901/static.png
c9ca5a94-b96c-11e4-a802-0aaa78deedf9	Golf Chip	Medium Chip Shot	human	https://d99n9xvb9513w.cloudfront.net/thumbnails/motions/116930903/static.png
c9ca5964-b96c-11e4-a802-0aaa78deedf9	Golf Chip	Short Chip Shot	human	https://d99n9xvb9513w.cloudfront.net/thumbnails/motions/116930902/static.png
c9ca614b-b96c-11e4-a802-0aaa78deedf9	Golf Drive	Big Drive	human	https://d99n9xvb9513w.cloudfront.net/thumbnails/motions/116940905/static.png
c9c9e81d-b96c-11e4-a802-0aaa78deedf9	Golf Drive	Golf Swing Drive Shot	human	https://d99n9xvb9513w.cloudfront.net/thumbnails/motions/116940901/static.png
c9c78858-b96c-11e4-a802-0aaa78deedf9	Golf Drive	Long Distance Golf Drive	human	https://d99n9xvb9513w.cloudfront.net/thumbnails/motions/106940901/static.png
c9ca5fe2-b96c-11e4-a802-0aaa78deedf9	Golf Drive	Medium Drive	human	https://d99n9xvb9513w.cloudfront.net/thumbnails/motions/116940904/static.png
c9ca5e77-b96c-11e4-a802-0aaa78deedf9	Golf Drive	Short Driving Shot	human	https://d99n9xvb9513w.cloudfront.net/thumbnails/motions/116940903/static.png
c9ca5d02-b96c-11e4-a802-0aaa78deedf9	Golf Drive	Standard Drive	human	https://d99n9xvb9513w.cloudfront.net/thumbnails/motions/116940902/static.png
c9ca6731-b96c-11e4-a802-0aaa78deedf9	Golf Drive Setup	Drive Pre-Shot Setup	human	https://d99n9xvb9513w.cloudfront.net/thumbnails/motions/116960901/static.png
c9ca68b5-b96c-11e4-a802-0aaa78deedf9	Golf Drive Setup	Drive Pre-Shot Setup	human	https://d99n9xvb9513w.cloudfront.net/thumbnails/motions/116960902/static.png
c9ca77de-b96c-11e4-a802-0aaa78deedf9	Golf Post Shot	Post-Shot Course Correction Var 1	human	https://d99n9xvb9513w.cloudfront.net/thumbnails/motions/116990904/static.png
c9ca78f8-b96c-11e4-a802-0aaa78deedf9	Golf Post Shot	Post-Shot Course Correction Var 2	human	https://d99n9xvb9513w.cloudfront.net/thumbnails/motions/116990905/static.png
c9ca7a0c-b96c-11e4-a802-0aaa78deedf9	Golf Post-Swing	Post-Swing Stance	human	https://d99n9xvb9513w.cloudfront.net/thumbnails/motions/116990906/static.png
c9ca7b19-b96c-11e4-a802-0aaa78deedf9	Golf Post-Swing	Post-Swing Victory Stance	human	https://d99n9xvb9513w.cloudfront.net/thumbnails/motions/116990907/static.png
c9ca7d50-b96c-11e4-a802-0aaa78deedf9	Golf Pre-Putt	Putt Pre-Shot Grading Routine	human	https://d99n9xvb9513w.cloudfront.net/thumbnails/motions/117000902/static.png
c9ca7c38-b96c-11e4-a802-0aaa78deedf9	Golf Pre-Putt	Putt Pre-Shot Looking Routine	human	https://d99n9xvb9513w.cloudfront.net/thumbnails/motions/117000901/static.png
c9c9de66-b96c-11e4-a802-0aaa78deedf9	Golf Putt	Golf Swing Putt Shot	human	https://d99n9xvb9513w.cloudfront.net/thumbnails/motions/116950901/static.png
c9ca65b8-b96c-11e4-a802-0aaa78deedf9	Golf Putt	Long Putting Shot	human	https://d99n9xvb9513w.cloudfront.net/thumbnails/motions/116950904/static.png
c9ca643c-b96c-11e4-a802-0aaa78deedf9	Golf Putt	Medium Putting Shot	human	https://d99n9xvb9513w.cloudfront.net/thumbnails/motions/116950903/static.png
c9ca62c6-b96c-11e4-a802-0aaa78deedf9	Golf Putt	Short Putting Shot	human	https://d99n9xvb9513w.cloudfront.net/thumbnails/motions/116950902/static.png
c9ca7048-b96c-11e4-a802-0aaa78deedf9	Golf Putt Failure	Post-Putting Failed Shot Gesture Var 1	human	https://d99n9xvb9513w.cloudfront.net/thumbnails/motions/116980905/static.png
c9ca7157-b96c-11e4-a802-0aaa78deedf9	Golf Putt Failure	Post-Putting Failed Shot Gesture Var 2	human	https://d99n9xvb9513w.cloudfront.net/thumbnails/motions/116980906/static.png
c9ca726a-b96c-11e4-a802-0aaa78deedf9	Golf Putt Victory	Post-Putting Emotional Victory Gesture	human	https://d99n9xvb9513w.cloudfront.net/thumbnails/motions/116980907/static.png
c9ca6df5-b96c-11e4-a802-0aaa78deedf9	Golf Putt Victory	Post-Putting Victory Gesture Var 1	human	https://d99n9xvb9513w.cloudfront.net/thumbnails/motions/116980902/static.png
c9ca6f2d-b96c-11e4-a802-0aaa78deedf9	Golf Putt Victory	Post-Putting Victory Gesture Var 2	human	https://d99n9xvb9513w.cloudfront.net/thumbnails/motions/116980903/static.png
c9ca6cc3-b96c-11e4-a802-0aaa78deedf9	Golf Putting Victory	Putt Post-Shot Victory Gesture	human	https://d99n9xvb9513w.cloudfront.net/thumbnails/motions/116980901/static.png
c9ca6a2d-b96c-11e4-a802-0aaa78deedf9	Golf Tee Up	Placing Tee Into The Ground	human	https://d99n9xvb9513w.cloudfront.net/thumbnails/motions/116970901/static.png
c9ca6b7d-b96c-11e4-a802-0aaa78deedf9	Golf Tee Up	Placing Tee Into The Ground	human	https://d99n9xvb9513w.cloudfront.net/thumbnails/motions/116970902/static.png
c9c66672-b96c-11e4-a802-0aaa78deedf9	Goofy Running	Feminine Scared Cartoon-Like Goofy Run	human	https://d99n9xvb9513w.cloudfront.net/thumbnails/motions/101990901/static.png
c9c6af36-b96c-11e4-a802-0aaa78deedf9	Grab And Put Back Rifle	Grabbing Rifle From Shoulder And Putting Away	human	https://d99n9xvb9513w.cloudfront.net/thumbnails/motions/103530909/static.png
c9ca9b8a-b96c-11e4-a802-0aaa78deedf9	Grab And Slam	Grabbing And Slamming Someone To The Ground	human	https://d99n9xvb9513w.cloudfront.net/thumbnails/motions/119810901/static.png
c9c6aabc-b96c-11e4-a802-0aaa78deedf9	Grab Rifle And Put Back	Grabbing Rifle From Back And Putting Away	human	https://d99n9xvb9513w.cloudfront.net/thumbnails/motions/103530903/static.png
c9c6a93f-b96c-11e4-a802-0aaa78deedf9	Grab Rifle From Back	Standing To Ready Pose Grabbing Rifle From The Back	human	https://d99n9xvb9513w.cloudfront.net/thumbnails/motions/103530901/static.png
c9c6adbe-b96c-11e4-a802-0aaa78deedf9	Grab Rifle From Behind Shoulder	Grabbing Rifle From Behind The Shoulder	human	https://d99n9xvb9513w.cloudfront.net/thumbnails/motions/103530907/static.png
c9c6ab8b-b96c-11e4-a802-0aaa78deedf9	Grab Rifle From The Side	Standing To Ready Pose Grabbing Rifle From Side	human	https://d99n9xvb9513w.cloudfront.net/thumbnails/motions/103530904/static.png
c9c6ad00-b96c-11e4-a802-0aaa78deedf9	Grab Rifle From The Side And Put Back	Grabbing Rifle From Side And Putting Back	human	https://d99n9xvb9513w.cloudfront.net/thumbnails/motions/103530906/static.png
c9c864bb-b96c-11e4-a802-0aaa78deedf9	Grabbing Ammo	Rummaging For Ammo To Aiming	human	https://d99n9xvb9513w.cloudfront.net/thumbnails/motions/130050901/static.png
c9c8d70a-b96c-11e4-a802-0aaa78deedf9	Grabbing Pistol	Quickly Grabbing A Pistol On The Floor And Taking Aim	human	https://d99n9xvb9513w.cloudfront.net/thumbnails/motions/136270901/static.png
c9cc79c9-b96c-11e4-a802-0aaa78deedf9	Great Sword 180 Turn	Great Sword Run 180 Turn	human	https://d99n9xvb9513w.cloudfront.net/thumbnails/motions/122290901/static.png
c9cc7600-b96c-11e4-a802-0aaa78deedf9	Great Sword 180 Turn	Great Sword Walk 180 Turn	human	https://d99n9xvb9513w.cloudfront.net/thumbnails/motions/122240901/static.png
c9cc98d6-b96c-11e4-a802-0aaa78deedf9	Great Sword Attack	Great Sword Hilt Melee	human	https://d99n9xvb9513w.cloudfront.net/thumbnails/motions/122640901/static.png
c9cc8232-b96c-11e4-a802-0aaa78deedf9	Great Sword Blocking	Great Sword Block To Standing	human	https://d99n9xvb9513w.cloudfront.net/thumbnails/motions/122400901/static.png
c9cc815e-b96c-11e4-a802-0aaa78deedf9	Great Sword Blocking	Great Sword Blocking Idle	human	https://d99n9xvb9513w.cloudfront.net/thumbnails/motions/122390901/static.png
c9cc8097-b96c-11e4-a802-0aaa78deedf9	Great Sword Blocking	Great Sword Standing To Block	human	https://d99n9xvb9513w.cloudfront.net/thumbnails/motions/122380901/static.png
c9cc975d-b96c-11e4-a802-0aaa78deedf9	Great Sword Casting	Great Sword Spell Casting	human	https://d99n9xvb9513w.cloudfront.net/thumbnails/motions/122620901/static.png
c9cc8997-b96c-11e4-a802-0aaa78deedf9	Great Sword Crouching	Great Sword Block To Crouch	human	https://d99n9xvb9513w.cloudfront.net/thumbnails/motions/122500901/static.png
c9cc86a5-b96c-11e4-a802-0aaa78deedf9	Great Sword Crouching	Great Sword Crouch Idle	human	https://d99n9xvb9513w.cloudfront.net/thumbnails/motions/122460901/static.png
c9cc8822-b96c-11e4-a802-0aaa78deedf9	Great Sword Crouching	Great Sword Crouch To Block	human	https://d99n9xvb9513w.cloudfront.net/thumbnails/motions/122480901/static.png
c9cc85e9-b96c-11e4-a802-0aaa78deedf9	Great Sword Crouching	Great Sword Crouch To Stand	human	https://d99n9xvb9513w.cloudfront.net/thumbnails/motions/122450901/static.png
c9cc88df-b96c-11e4-a802-0aaa78deedf9	Great Sword Crouching	Great Sword Crouching Block Idle	human	https://d99n9xvb9513w.cloudfront.net/thumbnails/motions/122490901/static.png
c9cc852c-b96c-11e4-a802-0aaa78deedf9	Great Sword Crouching	Great Sword Stand To Crouch	human	https://d99n9xvb9513w.cloudfront.net/thumbnails/motions/122440901/static.png
c9cc8d52-b96c-11e4-a802-0aaa78deedf9	Great Sword High Spin Attack	Great Sword High Spin Attack From Run	human	https://d99n9xvb9513w.cloudfront.net/thumbnails/motions/122550901/static.png
c9cc95e9-b96c-11e4-a802-0aaa78deedf9	Great Sword Idle	Great Sword Admiring Idle	human	https://d99n9xvb9513w.cloudfront.net/thumbnails/motions/122600901/static.png
c9cc7140-b96c-11e4-a802-0aaa78deedf9	Great Sword Idle	Great Sword Idle	human	https://d99n9xvb9513w.cloudfront.net/thumbnails/motions/122190901/static.png
c9cc946d-b96c-11e4-a802-0aaa78deedf9	Great Sword Idle	Great Sword Look Around Idle	human	https://d99n9xvb9513w.cloudfront.net/thumbnails/motions/122580901/static.png
c9cc96a6-b96c-11e4-a802-0aaa78deedf9	Great Sword Idle	Great Sword Look Around Idle	human	https://d99n9xvb9513w.cloudfront.net/thumbnails/motions/122610901/static.png
c9cc952d-b96c-11e4-a802-0aaa78deedf9	Great Sword Idle	Great Sword Strike A Pose Idle	human	https://d99n9xvb9513w.cloudfront.net/thumbnails/motions/122590901/static.png
c9cc82f0-b96c-11e4-a802-0aaa78deedf9	Great Sword Impact	Great Sword Blocked Impact	human	https://d99n9xvb9513w.cloudfront.net/thumbnails/motions/122410901/static.png
c9cc8a56-b96c-11e4-a802-0aaa78deedf9	Great Sword Impact	Great Sword Crouching Blocked Impact	human	https://d99n9xvb9513w.cloudfront.net/thumbnails/motions/122510901/static.png
c9cc8b14-b96c-11e4-a802-0aaa78deedf9	Great Sword Impact	Great Sword Crouching Unblocked Impact	human	https://d99n9xvb9513w.cloudfront.net/thumbnails/motions/122520901/static.png
c9cc8471-b96c-11e4-a802-0aaa78deedf9	Great Sword Impact	Great Sword Head Impact	human	https://d99n9xvb9513w.cloudfront.net/thumbnails/motions/122430901/static.png
c9cc83b2-b96c-11e4-a802-0aaa78deedf9	Great Sword Impact	Great Sword Unblocked Impact	human	https://d99n9xvb9513w.cloudfront.net/thumbnails/motions/122420901/static.png
c9cc7cd9-b96c-11e4-a802-0aaa78deedf9	Great Sword Jump	Great Sword Jump	human	https://d99n9xvb9513w.cloudfront.net/thumbnails/motions/122330901/static.png
c9cc7c0e-b96c-11e4-a802-0aaa78deedf9	Great Sword Jump	Great Sword Running Jump	human	https://d99n9xvb9513w.cloudfront.net/thumbnails/motions/122320901/static.png
c9cc8bd6-b96c-11e4-a802-0aaa78deedf9	Great Sword Jump Attack	Great Sword Jump Attack From Run	human	https://d99n9xvb9513w.cloudfront.net/thumbnails/motions/122530901/static.png
c9cc93ac-b96c-11e4-a802-0aaa78deedf9	Great Sword Kick	Great Sword Side Kick	human	https://d99n9xvb9513w.cloudfront.net/thumbnails/motions/122570901/static.png
c9cc92cb-b96c-11e4-a802-0aaa78deedf9	Great Sword Kick	Great Sword Spin Kick	human	https://d99n9xvb9513w.cloudfront.net/thumbnails/motions/122560901/static.png
c9cc9819-b96c-11e4-a802-0aaa78deedf9	Great Sword Power Up	Great Sword Powering Up	human	https://d99n9xvb9513w.cloudfront.net/thumbnails/motions/122630901/static.png
c9cc7906-b96c-11e4-a802-0aaa78deedf9	Great Sword Run	Great Sword Bacward Run	human	https://d99n9xvb9513w.cloudfront.net/thumbnails/motions/122280901/static.png
c9cce2a9-b96c-11e4-a802-0aaa78deedf9	Great Sword Run	Great Sword Run	human	https://d99n9xvb9513w.cloudfront.net/thumbnails/motions/122270902/static.png
c9cc7e5c-b96c-11e4-a802-0aaa78deedf9	Great Sword Slash	Great Sword Combo Slash	human	https://d99n9xvb9513w.cloudfront.net/thumbnails/motions/122350901/static.png
c9cc8764-b96c-11e4-a802-0aaa78deedf9	Great Sword Slash	Great Sword Crouching Slash	human	https://d99n9xvb9513w.cloudfront.net/thumbnails/motions/122470901/static.png
c9cc7d9c-b96c-11e4-a802-0aaa78deedf9	Great Sword Slash	Great Sword Downward Slash	human	https://d99n9xvb9513w.cloudfront.net/thumbnails/motions/122340901/static.png
c9cc7f1e-b96c-11e4-a802-0aaa78deedf9	Great Sword Slash	Great Sword Low Slash	human	https://d99n9xvb9513w.cloudfront.net/thumbnails/motions/122360901/static.png
c9cc7fdc-b96c-11e4-a802-0aaa78deedf9	Great Sword Slash	Great Sword Power Slash	human	https://d99n9xvb9513w.cloudfront.net/thumbnails/motions/122370901/static.png
c9cc8c95-b96c-11e4-a802-0aaa78deedf9	Great Sword Slide Attack	Great Sword Low Slide Attack From Run	human	https://d99n9xvb9513w.cloudfront.net/thumbnails/motions/122540901/static.png
c9cc7a8d-b96c-11e4-a802-0aaa78deedf9	Great Sword Strafe	Great Sword Strafe Left Run	human	https://d99n9xvb9513w.cloudfront.net/thumbnails/motions/122300901/static.png
c9cc747b-b96c-11e4-a802-0aaa78deedf9	Great Sword Strafe	Great Sword Strafe Left Walk	human	https://d99n9xvb9513w.cloudfront.net/thumbnails/motions/122220901/static.png
c9cc7b4d-b96c-11e4-a802-0aaa78deedf9	Great Sword Strafe	Great Sword Strafe Right Run	human	https://d99n9xvb9513w.cloudfront.net/thumbnails/motions/122310901/static.png
c9cc753e-b96c-11e4-a802-0aaa78deedf9	Great Sword Strafe	Great Sword Strafe Right Walk	human	https://d99n9xvb9513w.cloudfront.net/thumbnails/motions/122230901/static.png
c9cc7780-b96c-11e4-a802-0aaa78deedf9	Great Sword Turn	Great Sword 90 Degree Left Turn	human	https://d99n9xvb9513w.cloudfront.net/thumbnails/motions/122260901/static.png
c9cc76c0-b96c-11e4-a802-0aaa78deedf9	Great Sword Turn	Great Sword 90 Degree Right Turn	human	https://d99n9xvb9513w.cloudfront.net/thumbnails/motions/122250901/static.png
c9cc73a7-b96c-11e4-a802-0aaa78deedf9	Great Sword Walk	Great Sword Backward Walk	human	https://d99n9xvb9513w.cloudfront.net/thumbnails/motions/122210901/static.png
c9cc7257-b96c-11e4-a802-0aaa78deedf9	Great Sword Walk	Great Sword Walk	human	https://d99n9xvb9513w.cloudfront.net/thumbnails/motions/122200901/static.png
c9c6a2cf-b96c-11e4-a802-0aaa78deedf9	Grenade Throw	Throwing A Grenade While Kneeling Pulling Pin With Teeth	human	https://d99n9xvb9513w.cloudfront.net/thumbnails/motions/103360901/static.png
c9c6a383-b96c-11e4-a802-0aaa78deedf9	Grenade Throw	Throwing A Grenade While Kneeling Pulling Pin With Teeth	human	https://d99n9xvb9513w.cloudfront.net/thumbnails/motions/103360902/static.png
c9c889b1-b96c-11e4-a802-0aaa78deedf9	Grenade Throw	Throwing A Grenade While Walking	human	https://d99n9xvb9513w.cloudfront.net/thumbnails/motions/116640901/static.png
c9c77a86-b96c-11e4-a802-0aaa78deedf9	Guitar Playing	Playing A Guitar	human	https://d99n9xvb9513w.cloudfront.net/thumbnails/motions/111490901/static.png
c9c77821-b96c-11e4-a802-0aaa78deedf9	Guitar Playing	Playing The Bass Guitar	human	https://d99n9xvb9513w.cloudfront.net/thumbnails/motions/111430901/static.png
c9c638d4-b96c-11e4-a802-0aaa78deedf9	Gunplay	Cover To Shooting	human	https://d99n9xvb9513w.cloudfront.net/thumbnails/motions/101450906/static.png
c9c6bdd2-b96c-11e4-a802-0aaa78deedf9	Gunplay	Duck And Look Around Apprehensively	human	https://d99n9xvb9513w.cloudfront.net/thumbnails/motions/104290901/static.png
c9c63594-b96c-11e4-a802-0aaa78deedf9	Gunplay	Gunplay With Remington Shotgun	human	https://d99n9xvb9513w.cloudfront.net/thumbnails/motions/101420901/static.png
c9c63736-b96c-11e4-a802-0aaa78deedf9	Gunplay	Male Kneeling Fantasy Gunplay With Hand Cannon	human	https://d99n9xvb9513w.cloudfront.net/thumbnails/motions/101430902/static.png
c9c63669-b96c-11e4-a802-0aaa78deedf9	Gunplay	Male Standing Fantasy Gunplay With Hand Cannon	human	https://d99n9xvb9513w.cloudfront.net/thumbnails/motions/101430901/static.png
c9c639a9-b96c-11e4-a802-0aaa78deedf9	Gunplay	Shooting	human	https://d99n9xvb9513w.cloudfront.net/thumbnails/motions/101450907/static.png
c9c63806-b96c-11e4-a802-0aaa78deedf9	Gunplay	Standing Shooting Rapid Fire	human	https://d99n9xvb9513w.cloudfront.net/thumbnails/motions/101450905/static.png
c9c63a74-b96c-11e4-a802-0aaa78deedf9	Gunplay	Standing Shooting Rapid Fire	human	https://d99n9xvb9513w.cloudfront.net/thumbnails/motions/101450908/static.png
c9c79ba5-b96c-11e4-a802-0aaa78deedf9	Hand Raising	Raising A Hand	human	https://d99n9xvb9513w.cloudfront.net/thumbnails/motions/113370901/static.png
c9c90a7c-b96c-11e4-a802-0aaa78deedf9	Hands Forward Gesture	Two Handed Forward Gesture	human	https://d99n9xvb9513w.cloudfront.net/thumbnails/motions/117200901/static.png
c9c66f7b-b96c-11e4-a802-0aaa78deedf9	Hanging	Hanging Idle	human	https://d99n9xvb9513w.cloudfront.net/thumbnails/motions/102110902/static.png
c9c98bd7-b96c-11e4-a802-0aaa78deedf9	Hanging Idle	Hanging By Hands Against Wall	human	https://d99n9xvb9513w.cloudfront.net/thumbnails/motions/118590901/static.png
c9c98f5f-b96c-11e4-a802-0aaa78deedf9	Hanging Idle	Hanging By Hands Gently Swaying	human	https://d99n9xvb9513w.cloudfront.net/thumbnails/motions/118560901/static.png
c9c80676-b96c-11e4-a802-0aaa78deedf9	Hanging Idle	Hanging From A Ledge Idle	human	https://d99n9xvb9513w.cloudfront.net/thumbnails/motions/114390901/static.png
c9c98a38-b96c-11e4-a802-0aaa78deedf9	Happy	Standing Happily	human	https://d99n9xvb9513w.cloudfront.net/thumbnails/motions/117920901/static.png
c9c91ba2-b96c-11e4-a802-0aaa78deedf9	Happy Hand Gesture	Happy Forward Hand Gesture	human	https://d99n9xvb9513w.cloudfront.net/thumbnails/motions/117060901/static.png
c9ccf37e-b96c-11e4-a802-0aaa78deedf9	Happy Idle	Happy Idle Variation 1	human	https://d99n9xvb9513w.cloudfront.net/thumbnails/motions/123900901/static.png
c9ccf445-b96c-11e4-a802-0aaa78deedf9	Happy Idle	Happy Idle Variation 2	human	https://d99n9xvb9513w.cloudfront.net/thumbnails/motions/123910901/static.png
c9ccf510-b96c-11e4-a802-0aaa78deedf9	Happy Right Turn	Turning Right	human	https://d99n9xvb9513w.cloudfront.net/thumbnails/motions/123920901/static.png
c9cceeed-b96c-11e4-a802-0aaa78deedf9	Happy Walk	Happy Walking Forward	human	https://d99n9xvb9513w.cloudfront.net/thumbnails/motions/123820901/static.png
c9ccf075-b96c-11e4-a802-0aaa78deedf9	Happy Walk Backward	Backward Happy Walk	human	https://d99n9xvb9513w.cloudfront.net/thumbnails/motions/123850901/static.png
c9ccefb2-b96c-11e4-a802-0aaa78deedf9	Happy Walk Forward Arc Left	Happy Walking Forward Arc Left	human	https://d99n9xvb9513w.cloudfront.net/thumbnails/motions/123840901/static.png
c9c912b9-b96c-11e4-a802-0aaa78deedf9	Hard Head Nod	Hard Head Nod Yes	human	https://d99n9xvb9513w.cloudfront.net/thumbnails/motions/117130901/static.png
c9c99c82-b96c-11e4-a802-0aaa78deedf9	Hard Landing	Mid-Air Falling To A Hard Landing	human	https://d99n9xvb9513w.cloudfront.net/thumbnails/motions/118150901/static.png
c9c9d323-b96c-11e4-a802-0aaa78deedf9	Hard Landing	Mid-Air Falling To A Hard Landing Game Blend	human	https://d99n9xvb9513w.cloudfront.net/thumbnails/motions/118150902/static.png
c9cc0fd8-b96c-11e4-a802-0aaa78deedf9	Harvesting	Harvesting With A Sythe	human	https://d99n9xvb9513w.cloudfront.net/thumbnails/motions/121610901/static.png
c9ca5210-b96c-11e4-a802-0aaa78deedf9	Having A Meeting, Female	Having A Meeting W/ Another At A Desk	human	https://d99n9xvb9513w.cloudfront.net/thumbnails/motions/119580902/static.png
c9ca50c4-b96c-11e4-a802-0aaa78deedf9	Having A Meeting, Male	Having A Meeting W/ Another At A Desk	human	https://d99n9xvb9513w.cloudfront.net/thumbnails/motions/119580901/static.png
c9c90efc-b96c-11e4-a802-0aaa78deedf9	Head Gesture	Gesturing Head Side To Side	human	https://d99n9xvb9513w.cloudfront.net/thumbnails/motions/117300901/static.png
c9cb516e-b96c-11e4-a802-0aaa78deedf9	Head Hit	Receiving A Big Hit To The Head From A Left Punch	human	https://d99n9xvb9513w.cloudfront.net/thumbnails/motions/116910902/static.png
c9cb53b0-b96c-11e4-a802-0aaa78deedf9	Head Hit	Receiving A Big Hit To The Head From A Right Punch	human	https://d99n9xvb9513w.cloudfront.net/thumbnails/motions/116910905/static.png
c9cb56e9-b96c-11e4-a802-0aaa78deedf9	Head Hit	Receiving A Big Hit To The Head From A Straight Punch	human	https://d99n9xvb9513w.cloudfront.net/thumbnails/motions/116910908/static.png
c9cb52f3-b96c-11e4-a802-0aaa78deedf9	Head Hit	Receiving A Light Hit To The Head From A Left Punch	human	https://d99n9xvb9513w.cloudfront.net/thumbnails/motions/116910904/static.png
c9cb5616-b96c-11e4-a802-0aaa78deedf9	Head Hit	Receiving A Light Hit To The Head From A Right Punch	human	https://d99n9xvb9513w.cloudfront.net/thumbnails/motions/116910907/static.png
c9cb5867-b96c-11e4-a802-0aaa78deedf9	Head Hit	Receiving A Light Hit To The Head From A Straight Punch	human	https://d99n9xvb9513w.cloudfront.net/thumbnails/motions/116910910/static.png
c9cb5234-b96c-11e4-a802-0aaa78deedf9	Head Hit	Receiving A Medium Hit To The Head From A Left Punch	human	https://d99n9xvb9513w.cloudfront.net/thumbnails/motions/116910903/static.png
c9cb546f-b96c-11e4-a802-0aaa78deedf9	Head Hit	Receiving A Medium Hit To The Head From A Right Punch	human	https://d99n9xvb9513w.cloudfront.net/thumbnails/motions/116910906/static.png
c9cb57a9-b96c-11e4-a802-0aaa78deedf9	Head Hit	Receiving A Medium Hit To The Head From A Straight Punch	human	https://d99n9xvb9513w.cloudfront.net/thumbnails/motions/116910909/static.png
c9c90d7b-b96c-11e4-a802-0aaa78deedf9	Head Nod Yes	Nodding Head Yes	human	https://d99n9xvb9513w.cloudfront.net/thumbnails/motions/117120901/static.png
c9c888f7-b96c-11e4-a802-0aaa78deedf9	Head Spinning	Breakdance Head Spin	human	https://d99n9xvb9513w.cloudfront.net/thumbnails/motions/116400902/static.png
c9c722ef-b96c-11e4-a802-0aaa78deedf9	Headbutt	Illegal Headbutt With Step	human	https://d99n9xvb9513w.cloudfront.net/thumbnails/motions/110420901/static.png
c9cc3045-b96c-11e4-a802-0aaa78deedf9	Header	Idle Soccer Header	human	https://d99n9xvb9513w.cloudfront.net/thumbnails/motions/112540901/static.png
c9cb5da4-b96c-11e4-a802-0aaa78deedf9	Header Soccerball	Juggling Header Of A Soccer Ball	human	https://d99n9xvb9513w.cloudfront.net/thumbnails/motions/120880901/static.png
c9cb6176-b96c-11e4-a802-0aaa78deedf9	Header Soccerball	Juggling Header Of A Soccer Ball	human	https://d99n9xvb9513w.cloudfront.net/thumbnails/motions/120940901/static.png
c9c88bf1-b96c-11e4-a802-0aaa78deedf9	Headspin End	Breakdance Headspin End	human	https://d99n9xvb9513w.cloudfront.net/thumbnails/motions/116400903/static.png
c9c880c1-b96c-11e4-a802-0aaa78deedf9	Headspin Start	Breakdance Headspin Start	human	https://d99n9xvb9513w.cloudfront.net/thumbnails/motions/116400901/static.png
c9c789d5-b96c-11e4-a802-0aaa78deedf9	Heavy Weapon Swing	Two Handed Heavy Weapon Swing	human	https://d99n9xvb9513w.cloudfront.net/thumbnails/motions/111030901/static.png
c9c7a9d4-b96c-11e4-a802-0aaa78deedf9	Hell Slammer A	Hell Slammer Attacker	human	https://d99n9xvb9513w.cloudfront.net/thumbnails/motions/113690901/static.png
c9c7f035-b96c-11e4-a802-0aaa78deedf9	Hell Slammer B	Hell Slammer Victim	human	https://d99n9xvb9513w.cloudfront.net/thumbnails/motions/113690902/static.png
c9c85d41-b96c-11e4-a802-0aaa78deedf9	Helping Out	Helping Someone Into A Vehicle	human	https://d99n9xvb9513w.cloudfront.net/thumbnails/motions/130170901/static.png
c9c8469a-b96c-11e4-a802-0aaa78deedf9	Hiding	Crouched Hiding To Ducking	human	https://d99n9xvb9513w.cloudfront.net/thumbnails/motions/130470901/static.png
c9c85003-b96c-11e4-a802-0aaa78deedf9	Hiding Grab	Grabs Radio While Hiding	human	https://d99n9xvb9513w.cloudfront.net/thumbnails/motions/130480901/static.png
c9c65cae-b96c-11e4-a802-0aaa78deedf9	Hip Hop Dancing	Female Hip Hop 'Arm Wave' Dancing	human	https://d99n9xvb9513w.cloudfront.net/thumbnails/motions/101960901/static.png
c9c65d8a-b96c-11e4-a802-0aaa78deedf9	Hip Hop Dancing	Female Hip Hop 'Body Wave' Dancing	human	https://d99n9xvb9513w.cloudfront.net/thumbnails/motions/101960902/static.png
c9c65e61-b96c-11e4-a802-0aaa78deedf9	Hip Hop Dancing	Female Hip Hop 'Kick Step' Dancing	human	https://d99n9xvb9513w.cloudfront.net/thumbnails/motions/101960903/static.png
c9c65f2a-b96c-11e4-a802-0aaa78deedf9	Hip Hop Dancing	Female Hip Hop 'Raise The Roof' Dancing	human	https://d99n9xvb9513w.cloudfront.net/thumbnails/motions/101960904/static.png
c9c65ff3-b96c-11e4-a802-0aaa78deedf9	Hip Hop Dancing	Female Hip Hop 'Rib Pops' Dancing	human	https://d99n9xvb9513w.cloudfront.net/thumbnails/motions/101960905/static.png
c9c66120-b96c-11e4-a802-0aaa78deedf9	Hip Hop Dancing	Female Hip Hop 'Running Man' Dancing	human	https://d99n9xvb9513w.cloudfront.net/thumbnails/motions/101960906/static.png
c9c661f0-b96c-11e4-a802-0aaa78deedf9	Hip Hop Dancing	Female Hip Hop 'Slide Step' Dancing	human	https://d99n9xvb9513w.cloudfront.net/thumbnails/motions/101960907/static.png
c9c7438e-b96c-11e4-a802-0aaa78deedf9	Hip Hop Dancing	Hip Hop Dance Moonwalk	human	https://d99n9xvb9513w.cloudfront.net/thumbnails/motions/108840901/static.png
c9c6fa80-b96c-11e4-a802-0aaa78deedf9	Hip Hop Dancing	Hip Hop Dancing Bboy Variation One	human	https://d99n9xvb9513w.cloudfront.net/thumbnails/motions/108350901/static.png
c9c6f09b-b96c-11e4-a802-0aaa78deedf9	Hip Hop Dancing	Hip Hop Dancing Really Twirl	human	https://d99n9xvb9513w.cloudfront.net/thumbnails/motions/109060901/static.png
c9c6e3a5-b96c-11e4-a802-0aaa78deedf9	Hip Hop Dancing	Hip Hop Dancing Shimmy	human	https://d99n9xvb9513w.cloudfront.net/thumbnails/motions/108690901/static.png
c9c6e172-b96c-11e4-a802-0aaa78deedf9	Hip Hop Dancing	Hip Hop Dancing Side To Side	human	https://d99n9xvb9513w.cloudfront.net/thumbnails/motions/108660901/static.png
c9c6e0ad-b96c-11e4-a802-0aaa78deedf9	Hip Hop Dancing	Hip Hop Just Listening Dancing Variation	human	https://d99n9xvb9513w.cloudfront.net/thumbnails/motions/108650901/static.png
c9c6f15b-b96c-11e4-a802-0aaa78deedf9	Hip Hop Dancing	Hip Hop Quake Variation 1	human	https://d99n9xvb9513w.cloudfront.net/thumbnails/motions/108780901/static.png
c9c6ed9e-b96c-11e4-a802-0aaa78deedf9	Hip Hop Dancing	Hip Hop Robot Dance Variation Two	human	https://d99n9xvb9513w.cloudfront.net/thumbnails/motions/108860901/static.png
c9c6f217-b96c-11e4-a802-0aaa78deedf9	Hip Hop Dancing	Hip Hop Runningman Dance	human	https://d99n9xvb9513w.cloudfront.net/thumbnails/motions/108780902/static.png
c9c6e4c9-b96c-11e4-a802-0aaa78deedf9	Hip Hop Dancing	Timid Dancing	human	https://d99n9xvb9513w.cloudfront.net/thumbnails/motions/108700901/static.png
c9c8d652-b96c-11e4-a802-0aaa78deedf9	Hit By Car	Getting Hit By A Car While Tired	human	https://d99n9xvb9513w.cloudfront.net/thumbnails/motions/137730901/static.png
c9cd8228-b96c-11e4-a802-0aaa78deedf9	Hit On Back Of Head	Getting Hit On The Back Of Head With An Object When Running	human	https://d99n9xvb9513w.cloudfront.net/thumbnails/motions/126560901/static.png
c9cd85fa-b96c-11e4-a802-0aaa78deedf9	Hit On Legs	Hit On Back Of Legs With An Object While Running	human	https://d99n9xvb9513w.cloudfront.net/thumbnails/motions/126610901/static.png
c9cd83b1-b96c-11e4-a802-0aaa78deedf9	Hit On Side Of Body	Getting Hit On The Left Side Of The Body With An Object When Running	human	https://d99n9xvb9513w.cloudfront.net/thumbnails/motions/126580901/static.png
c9cd82ea-b96c-11e4-a802-0aaa78deedf9	Hit On Side Of Body	Getting Hit On The Right Side Of The Body With An Object When Running	human	https://d99n9xvb9513w.cloudfront.net/thumbnails/motions/126570901/static.png
c9cd8541-b96c-11e4-a802-0aaa78deedf9	Hit On Side Of Head	Getting Hit On The Left Side Of The Head With An Object When Running	human	https://d99n9xvb9513w.cloudfront.net/thumbnails/motions/126600901/static.png
c9cd847a-b96c-11e4-a802-0aaa78deedf9	Hit On Side Of Head	Getting Hit On The Right Side Of The Head With An Object When Running	human	https://d99n9xvb9513w.cloudfront.net/thumbnails/motions/126590901/static.png
c9cd8cc4-b96c-11e4-a802-0aaa78deedf9	Hit On The Back	Getting Hit On The Back With An Object While Running	human	https://d99n9xvb9513w.cloudfront.net/thumbnails/motions/126700901/static.png
c9c947d0-b96c-11e4-a802-0aaa78deedf9	Hit Reaction	Hit Reaction	human	https://d99n9xvb9513w.cloudfront.net/thumbnails/motions/113860902/static.png
c9c86340-b96c-11e4-a802-0aaa78deedf9	Hit Reaction	Hit Reaction From Rifle Crouched	human	https://d99n9xvb9513w.cloudfront.net/thumbnails/motions/115720901/static.png
c9c896b0-b96c-11e4-a802-0aaa78deedf9	Hit Reaction	Hit Reaction When Running With Rifle	human	https://d99n9xvb9513w.cloudfront.net/thumbnails/motions/116690901/static.png
c9c6bc60-b96c-11e4-a802-0aaa78deedf9	Hit Reaction	Hit Reaction While Holding A Pistol	human	https://d99n9xvb9513w.cloudfront.net/thumbnails/motions/104250907/static.png
c9c6bd18-b96c-11e4-a802-0aaa78deedf9	Hit Reaction	Hit Reaction While Holding A Rifle	human	https://d99n9xvb9513w.cloudfront.net/thumbnails/motions/104250908/static.png
c9c7f7e3-b96c-11e4-a802-0aaa78deedf9	Hit Reaction	Holding Rifle	human	https://d99n9xvb9513w.cloudfront.net/thumbnails/motions/113860901/static.png
c9c6bba5-b96c-11e4-a802-0aaa78deedf9	Hit Reaction	Left Reaction To Front Hit Holding A Rifle	human	https://d99n9xvb9513w.cloudfront.net/thumbnails/motions/104250904/static.png
c9c6baf0-b96c-11e4-a802-0aaa78deedf9	Hit Reaction	Reaction To Getting Hit To The Left While Holding A Pistol	human	https://d99n9xvb9513w.cloudfront.net/thumbnails/motions/104250901/static.png
c9c89ed9-b96c-11e4-a802-0aaa78deedf9	Hit Reaction	Receive Punch To The Body	human	https://d99n9xvb9513w.cloudfront.net/thumbnails/motions/116880901/static.png
c9cb00f4-b96c-11e4-a802-0aaa78deedf9	Hit To Body	Receiving A Body Hit By A Right Uppercut	human	https://d99n9xvb9513w.cloudfront.net/thumbnails/motions/116890906/static.png
c9cb0034-b96c-11e4-a802-0aaa78deedf9	Hit To Body	Receiving A Body Hit By A Straight Punch	human	https://d99n9xvb9513w.cloudfront.net/thumbnails/motions/116890905/static.png
c9caff73-b96c-11e4-a802-0aaa78deedf9	Hit To Body	Receiving A Hit By An Uppercut To The Body	human	https://d99n9xvb9513w.cloudfront.net/thumbnails/motions/116890904/static.png
c9cafdf9-b96c-11e4-a802-0aaa78deedf9	Hit To Body	Receiving A Hit To The Body By A Straight	human	https://d99n9xvb9513w.cloudfront.net/thumbnails/motions/116890902/static.png
c9cafeb8-b96c-11e4-a802-0aaa78deedf9	Hit To Body	Receiving A Hit To The Body By A Uppercut	human	https://d99n9xvb9513w.cloudfront.net/thumbnails/motions/116890903/static.png
c9cd8778-b96c-11e4-a802-0aaa78deedf9	Hit To Head	Hit To The Back Of Head With Object While Running	human	https://d99n9xvb9513w.cloudfront.net/thumbnails/motions/126630901/static.png
c9cd8836-b96c-11e4-a802-0aaa78deedf9	Hit To Side Of Body	Hit To Side Of The Body With Object While Running	human	https://d99n9xvb9513w.cloudfront.net/thumbnails/motions/126640901/static.png
c9cd88ef-b96c-11e4-a802-0aaa78deedf9	Hit To The Legs	Hit To The Legs With Object While Running	human	https://d99n9xvb9513w.cloudfront.net/thumbnails/motions/126650901/static.png
c9cd4a64-b96c-11e4-a802-0aaa78deedf9	Hokey Pokey	Doing The Hokey Pokey	human	https://d99n9xvb9513w.cloudfront.net/thumbnails/motions/125690901/static.png
c9c95818-b96c-11e4-a802-0aaa78deedf9	Hold Off Assailant	Holding Off Assailant Attacking From Above While Sitting	human	https://d99n9xvb9513w.cloudfront.net/thumbnails/motions/137330902/static.png
c9c85f9c-b96c-11e4-a802-0aaa78deedf9	Holding Down	Kneeling To Holding Down Moving Object	human	https://d99n9xvb9513w.cloudfront.net/thumbnails/motions/130530902/static.png
c9cda11a-b96c-11e4-a802-0aaa78deedf9	Holding Idle	Holding An Object Idle	human	https://d99n9xvb9513w.cloudfront.net/thumbnails/motions/126870901/static.png
c9cda2af-b96c-11e4-a802-0aaa78deedf9	Holding Turn Left	Holding An Object While Turning Left	human	https://d99n9xvb9513w.cloudfront.net/thumbnails/motions/126910901/static.png
c9cda378-b96c-11e4-a802-0aaa78deedf9	Holding Turn Right	Holding An Object While Turning Right	human	https://d99n9xvb9513w.cloudfront.net/thumbnails/motions/126920901/static.png
c9cda1e7-b96c-11e4-a802-0aaa78deedf9	Holding Walk	Holding An Object While Walking	human	https://d99n9xvb9513w.cloudfront.net/thumbnails/motions/126880901/static.png
c9c96391-b96c-11e4-a802-0aaa78deedf9	Honking Horn	Hitting Steering Wheel In Driving Idle	human	https://d99n9xvb9513w.cloudfront.net/thumbnails/motions/131370901/static.png
c9cb0e71-b96c-11e4-a802-0aaa78deedf9	Hook	Long Hook Punch To The Body	human	https://d99n9xvb9513w.cloudfront.net/thumbnails/motions/110460903/static.png
c9cb11ba-b96c-11e4-a802-0aaa78deedf9	Hook	Long Hook Punch To The Head	human	https://d99n9xvb9513w.cloudfront.net/thumbnails/motions/110460906/static.png
c9cb0f38-b96c-11e4-a802-0aaa78deedf9	Hook	Mid Hook Punch To The Body	human	https://d99n9xvb9513w.cloudfront.net/thumbnails/motions/110460904/static.png
c9cb1308-b96c-11e4-a802-0aaa78deedf9	Hook	Mid Hook Punch To The Head	human	https://d99n9xvb9513w.cloudfront.net/thumbnails/motions/110460907/static.png
c9cb0db7-b96c-11e4-a802-0aaa78deedf9	Hook	Short Hook Punch To The Body	human	https://d99n9xvb9513w.cloudfront.net/thumbnails/motions/110460902/static.png
c9cb1065-b96c-11e4-a802-0aaa78deedf9	Hook	Short Hook Punch To The Head	human	https://d99n9xvb9513w.cloudfront.net/thumbnails/motions/110460905/static.png
c9c7fb71-b96c-11e4-a802-0aaa78deedf9	Hook Punch	A Hook Punch	human	https://d99n9xvb9513w.cloudfront.net/thumbnails/motions/113550901/static.png
c9cd0d5d-b96c-11e4-a802-0aaa78deedf9	Hostage Situation Idle - Hostage	Armed Villain Holding A Hostage From Behind	human	https://d99n9xvb9513w.cloudfront.net/thumbnails/motions/124060906/static.png
c9cd0c9e-b96c-11e4-a802-0aaa78deedf9	Hostage Situation Idle - Villain	Armed Villain Holding A Hostage From Behind	human	https://d99n9xvb9513w.cloudfront.net/thumbnails/motions/124060905/static.png
c9c6f609-b96c-11e4-a802-0aaa78deedf9	House Dancing	House Dance Variation 3	human	https://d99n9xvb9513w.cloudfront.net/thumbnails/motions/109560901/static.png
c9c6e690-b96c-11e4-a802-0aaa78deedf9	House Dancing	House Dance Variation Four	human	https://d99n9xvb9513w.cloudfront.net/thumbnails/motions/108720901/static.png
c9c6e5b1-b96c-11e4-a802-0aaa78deedf9	House Dancing	House Dance Variation Two	human	https://d99n9xvb9513w.cloudfront.net/thumbnails/motions/108710901/static.png
c9c71cfd-b96c-11e4-a802-0aaa78deedf9	Hurricane Kick	Flying Hurricane Kick	human	https://d99n9xvb9513w.cloudfront.net/thumbnails/motions/110960901/static.png
c9cadd1a-b96c-11e4-a802-0aaa78deedf9	Idle	Bouncing Boxing Idle	human	https://d99n9xvb9513w.cloudfront.net/thumbnails/motions/110400902/static.png
c9ca94bd-b96c-11e4-a802-0aaa78deedf9	Idle	Crouched For Cover Against Object	human	https://d99n9xvb9513w.cloudfront.net/thumbnails/motions/118180902/static.png
c9ccf750-b96c-11e4-a802-0aaa78deedf9	Idle	Female Idle	human	https://d99n9xvb9513w.cloudfront.net/thumbnails/motions/124530901/static.png
c9c98e99-b96c-11e4-a802-0aaa78deedf9	Idle	Looking Over Both Shoulders	human	https://d99n9xvb9513w.cloudfront.net/thumbnails/motions/118060901/static.png
c9c9ff70-b96c-11e4-a802-0aaa78deedf9	Idle	Looking Over Both Shoulders	human	https://d99n9xvb9513w.cloudfront.net/thumbnails/motions/118060902/static.png
c9c60b71-b96c-11e4-a802-0aaa78deedf9	Idle	Male Boxing Idle	human	https://d99n9xvb9513w.cloudfront.net/thumbnails/motions/100500901/static.png
c9caaa17-b96c-11e4-a802-0aaa78deedf9	Idle	Male Fitness Idle	human	https://d99n9xvb9513w.cloudfront.net/thumbnails/motions/120120901/static.png
c9cad94a-b96c-11e4-a802-0aaa78deedf9	Idle	Male Fitness Idle	human	https://d99n9xvb9513w.cloudfront.net/thumbnails/motions/120130901/static.png
c9cada0b-b96c-11e4-a802-0aaa78deedf9	Idle	Male Fitness Idle With Breathing	human	https://d99n9xvb9513w.cloudfront.net/thumbnails/motions/120140901/static.png
c9c9965a-b96c-11e4-a802-0aaa78deedf9	Idle	Ready Pose To Adjusting Stance	human	https://d99n9xvb9513w.cloudfront.net/thumbnails/motions/118070901/static.png
c9ce8927-b96c-11e4-a802-0aaa78deedf9	Idle	Rifle Standing Idle	human	https://d99n9xvb9513w.cloudfront.net/thumbnails/motions/128620933/static.png
c9caa3e7-b96c-11e4-a802-0aaa78deedf9	Idle	Standing Cover Against Object	human	https://d99n9xvb9513w.cloudfront.net/thumbnails/motions/118270902/static.png
c9c972d1-b96c-11e4-a802-0aaa78deedf9	Idle	Standing Idle	human	https://d99n9xvb9513w.cloudfront.net/thumbnails/motions/117780901/static.png
c9c981a2-b96c-11e4-a802-0aaa78deedf9	Idle	Standing Idle	human	https://d99n9xvb9513w.cloudfront.net/thumbnails/motions/117620901/static.png
c9c99350-b96c-11e4-a802-0aaa78deedf9	Idle	Standing Idle	human	https://d99n9xvb9513w.cloudfront.net/thumbnails/motions/118050901/static.png
c9caa05e-b96c-11e4-a802-0aaa78deedf9	Idle	Standing Short Idle	human	https://d99n9xvb9513w.cloudfront.net/thumbnails/motions/118050902/static.png
c9c79c65-b96c-11e4-a802-0aaa78deedf9	Idle	Weight Shift Idle	human	https://d99n9xvb9513w.cloudfront.net/thumbnails/motions/113410901/static.png
c9cea19a-b96c-11e4-a802-0aaa78deedf9	Idle Aiming	Rifle Standing Idle Aiming	human	https://d99n9xvb9513w.cloudfront.net/thumbnails/motions/128620934/static.png
c9ce8aaf-b96c-11e4-a802-0aaa78deedf9	Idle Crouching	Rifle Crouched Idle	human	https://d99n9xvb9513w.cloudfront.net/thumbnails/motions/128620950/static.png
c9ceac02-b96c-11e4-a802-0aaa78deedf9	Idle Crouching Aiming	Rifle Crouched Idle Aiming	human	https://d99n9xvb9513w.cloudfront.net/thumbnails/motions/128620949/static.png
c9c9baaa-b96c-11e4-a802-0aaa78deedf9	Idle To Braced Hang	Jump To A Braced Hang From Standing Idle	human	https://d99n9xvb9513w.cloudfront.net/thumbnails/motions/118730901/static.png
c9cac1ca-b96c-11e4-a802-0aaa78deedf9	Idle To Push Up	Fitness Idle Transition To Basic Push Up	human	https://d99n9xvb9513w.cloudfront.net/thumbnails/motions/119950901/static.png
c9c898e4-b96c-11e4-a802-0aaa78deedf9	Idle To Running	Start Running While Aiming Rifle	human	https://d99n9xvb9513w.cloudfront.net/thumbnails/motions/115960901/static.png
c9cac414-b96c-11e4-a802-0aaa78deedf9	Idle To Situp	Fitness Idle Transition To Situp	human	https://d99n9xvb9513w.cloudfront.net/thumbnails/motions/119980901/static.png
c9cd815b-b96c-11e4-a802-0aaa78deedf9	Idle To Sprint	Start Sprint From Action Idle	human	https://d99n9xvb9513w.cloudfront.net/thumbnails/motions/126550901/static.png
c9cabffc-b96c-11e4-a802-0aaa78deedf9	Idle Transition	Transition From Fitness Idle To Idle	human	https://d99n9xvb9513w.cloudfront.net/thumbnails/motions/119880901/static.png
c9cad03d-b96c-11e4-a802-0aaa78deedf9	Idle Transition	Transition From Idle To Fitness Idle	human	https://d99n9xvb9513w.cloudfront.net/thumbnails/motions/119890901/static.png
c9cadf65-b96c-11e4-a802-0aaa78deedf9	Illegal Elbow Punch	Illegal Cross Elbow	human	https://d99n9xvb9513w.cloudfront.net/thumbnails/motions/110410904/static.png
c9cadde1-b96c-11e4-a802-0aaa78deedf9	Illegal Elbow Punch	Illegal Elbow To The Head	human	https://d99n9xvb9513w.cloudfront.net/thumbnails/motions/110410902/static.png
c9cadea3-b96c-11e4-a802-0aaa78deedf9	Illegal Elbow Punch	Illegal Elbow Uppercut	human	https://d99n9xvb9513w.cloudfront.net/thumbnails/motions/110410903/static.png
c9cadacd-b96c-11e4-a802-0aaa78deedf9	Illegal Headbutt	Illegal Headbutt With Step	human	https://d99n9xvb9513w.cloudfront.net/thumbnails/motions/110420902/static.png
c9cae022-b96c-11e4-a802-0aaa78deedf9	Illegal Knee	Boxing Illegal Knee	human	https://d99n9xvb9513w.cloudfront.net/thumbnails/motions/110430902/static.png
c9cae0e3-b96c-11e4-a802-0aaa78deedf9	Illegal Knee	Muay Thai Illegal Knee	human	https://d99n9xvb9513w.cloudfront.net/thumbnails/motions/110430903/static.png
c9ce4db0-b96c-11e4-a802-0aaa78deedf9	Injured Backwards Turn Left	Injured Walking Backwards Left Turn	human	https://d99n9xvb9513w.cloudfront.net/thumbnails/motions/125230901/static.png
c9ce4ced-b96c-11e4-a802-0aaa78deedf9	Injured Backwards Turn Right	Injured Walking Backwards Right Turn	human	https://d99n9xvb9513w.cloudfront.net/thumbnails/motions/125220901/static.png
c9ce552b-b96c-11e4-a802-0aaa78deedf9	Injured Hurting Idle	Injured Holding Hurt Leg Idle	human	https://d99n9xvb9513w.cloudfront.net/thumbnails/motions/125310903/static.png
c9ce52f6-b96c-11e4-a802-0aaa78deedf9	Injured Idle	Injured Standard Idle	human	https://d99n9xvb9513w.cloudfront.net/thumbnails/motions/125300901/static.png
c9c8ef48-b96c-11e4-a802-0aaa78deedf9	Injured Jog	Jogging While Holding And Checking Injured Arm	human	https://d99n9xvb9513w.cloudfront.net/thumbnails/motions/137840901/static.png
c9ce4e73-b96c-11e4-a802-0aaa78deedf9	Injured Run	Injured Running	human	https://d99n9xvb9513w.cloudfront.net/thumbnails/motions/125240901/static.png
c9ce50b2-b96c-11e4-a802-0aaa78deedf9	Injured Run Backwards	Injured Running Backwards	human	https://d99n9xvb9513w.cloudfront.net/thumbnails/motions/125270901/static.png
c9ce5235-b96c-11e4-a802-0aaa78deedf9	Injured Run Backwards Left Turn	Injured Running Backwards Turning Left	human	https://d99n9xvb9513w.cloudfront.net/thumbnails/motions/125290901/static.png
c9ce5175-b96c-11e4-a802-0aaa78deedf9	Injured Run Backwards Right Turn	Injured Running Backwards Turning Right	human	https://d99n9xvb9513w.cloudfront.net/thumbnails/motions/125280901/static.png
c9ce576a-b96c-11e4-a802-0aaa78deedf9	Injured Run Jump	Injured Jumping While Running	human	https://d99n9xvb9513w.cloudfront.net/thumbnails/motions/125340901/static.png
c9ce4f31-b96c-11e4-a802-0aaa78deedf9	Injured Run Left Turn	Injured Running Turning Left	human	https://d99n9xvb9513w.cloudfront.net/thumbnails/motions/125250901/static.png
c9ce4ff2-b96c-11e4-a802-0aaa78deedf9	Injured Run Right Turn	Injured Running Turning Right	human	https://d99n9xvb9513w.cloudfront.net/thumbnails/motions/125260901/static.png
c9ce5825-b96c-11e4-a802-0aaa78deedf9	Injured Standing Jump	Injured Jumping While Standing	human	https://d99n9xvb9513w.cloudfront.net/thumbnails/motions/125340902/static.png
c9ce53ae-b96c-11e4-a802-0aaa78deedf9	Injured Stumble Idle	Injured Stumbling Idle	human	https://d99n9xvb9513w.cloudfront.net/thumbnails/motions/125310901/static.png
c9ce56a7-b96c-11e4-a802-0aaa78deedf9	Injured Turn Left	Injured Standing Turning Left	human	https://d99n9xvb9513w.cloudfront.net/thumbnails/motions/125330901/static.png
c9ce55ed-b96c-11e4-a802-0aaa78deedf9	Injured Turn Right	Injured Standing Turning Right	human	https://d99n9xvb9513w.cloudfront.net/thumbnails/motions/125320901/static.png
c9cdc569-b96c-11e4-a802-0aaa78deedf9	Injured Walk	Injured Walking	human	https://d99n9xvb9513w.cloudfront.net/thumbnails/motions/125180901/static.png
c9c6eaa4-b96c-11e4-a802-0aaa78deedf9	Injured Walk	Injury On Right Leg And Arm	human	https://d99n9xvb9513w.cloudfront.net/thumbnails/motions/109840901/static.png
c9ce4bf3-b96c-11e4-a802-0aaa78deedf9	Injured Walk Backwards	Injured Walking Backwards	human	https://d99n9xvb9513w.cloudfront.net/thumbnails/motions/125210901/static.png
c9ce48f3-b96c-11e4-a802-0aaa78deedf9	Injured Walk Left Turn	Injured Walking Turning Left	human	https://d99n9xvb9513w.cloudfront.net/thumbnails/motions/125190901/static.png
c9ce4b1d-b96c-11e4-a802-0aaa78deedf9	Injured Walk Right Turn	Injured Walking Turning Right	human	https://d99n9xvb9513w.cloudfront.net/thumbnails/motions/125200901/static.png
c9c641cc-b96c-11e4-a802-0aaa78deedf9	Injured Walking	Walking With Arm Injury	human	https://d99n9xvb9513w.cloudfront.net/thumbnails/motions/101620901/static.png
c9ce546f-b96c-11e4-a802-0aaa78deedf9	Injured Wave Idle	Injured Wave For Help Idle	human	https://d99n9xvb9513w.cloudfront.net/thumbnails/motions/125310902/static.png
c9c626e0-b96c-11e4-a802-0aaa78deedf9	Inside Crescent Kick	Aerial 360 Degree Front Side Rotation Kick With Rear Foot	human	https://d99n9xvb9513w.cloudfront.net/thumbnails/motions/101020901/static.png
c9c83c87-b96c-11e4-a802-0aaa78deedf9	Inspecting	Looking At Rifle	human	https://d99n9xvb9513w.cloudfront.net/thumbnails/motions/130630901/static.png
c9c9a8af-b96c-11e4-a802-0aaa78deedf9	Insult	Insulting With Rude Gesture	human	https://d99n9xvb9513w.cloudfront.net/thumbnails/motions/117980901/static.png
c9c8c0a4-b96c-11e4-a802-0aaa78deedf9	Intercepting	Intercept And Wave To Stop	human	https://d99n9xvb9513w.cloudfront.net/thumbnails/motions/135500901/static.png
c9cab4d0-b96c-11e4-a802-0aaa78deedf9	Inverted Double Kick To Kip Up	Hand Stand Kick With Both Feet To Kip Up	human	https://d99n9xvb9513w.cloudfront.net/thumbnails/motions/120420901/static.png
c9c7f41f-b96c-11e4-a802-0aaa78deedf9	Inward Block	Inward Block	human	https://d99n9xvb9513w.cloudfront.net/thumbnails/motions/113570901/static.png
c9ce7545-b96c-11e4-a802-0aaa78deedf9	Iv Pole Walking	Walking With An Iv Pole	human	https://d99n9xvb9513w.cloudfront.net/thumbnails/motions/128590901/static.png
c9cae414-b96c-11e4-a802-0aaa78deedf9	Jab Cross	Boxing Jab Cross Long	human	https://d99n9xvb9513w.cloudfront.net/thumbnails/motions/110440905/static.png
c9cae4da-b96c-11e4-a802-0aaa78deedf9	Jab Cross	Boxing Jab Cross Medium	human	https://d99n9xvb9513w.cloudfront.net/thumbnails/motions/110440906/static.png
c9caec94-b96c-11e4-a802-0aaa78deedf9	Jab Cross	Short Jab Cross	human	https://d99n9xvb9513w.cloudfront.net/thumbnails/motions/110440907/static.png
c9c7eede-b96c-11e4-a802-0aaa78deedf9	Jab To Elbow Punch	Jab To Elbow Combo	human	https://d99n9xvb9513w.cloudfront.net/thumbnails/motions/113910901/static.png
c9c664fa-b96c-11e4-a802-0aaa78deedf9	Jazz Dancing	Female Jazz Dancing 'Arm Push'	human	https://d99n9xvb9513w.cloudfront.net/thumbnails/motions/101970903/static.png
c9c773ea-b96c-11e4-a802-0aaa78deedf9	Jazz Dancing	Female Jazz Dancing 'Around The World'	human	https://d99n9xvb9513w.cloudfront.net/thumbnails/motions/112100901/static.png
c9c665b7-b96c-11e4-a802-0aaa78deedf9	Jazz Dancing	Female Jazz Dancing 'Around The World'- Loop	human	https://d99n9xvb9513w.cloudfront.net/thumbnails/motions/101970904/static.png
c9c66382-b96c-11e4-a802-0aaa78deedf9	Jazz Dancing	Female Jazz Dancing 'Rockette Kick'	human	https://d99n9xvb9513w.cloudfront.net/thumbnails/motions/101970901/static.png
c9c66441-b96c-11e4-a802-0aaa78deedf9	Jazz Dancing	Female Jazz Square Dancing	human	https://d99n9xvb9513w.cloudfront.net/thumbnails/motions/101970902/static.png
c9cd7b57-b96c-11e4-a802-0aaa78deedf9	Jog Backward	Soccer Jog Backward	human	https://d99n9xvb9513w.cloudfront.net/thumbnails/motions/125720901/static.png
c9cd7fd4-b96c-11e4-a802-0aaa78deedf9	Jog Backward Diagonal	Soccer Jog Diagonal Backward Left	human	https://d99n9xvb9513w.cloudfront.net/thumbnails/motions/125780901/static.png
c9cd7f15-b96c-11e4-a802-0aaa78deedf9	Jog Backward Diagonal	Soccer Jog Diagonal Backward Right	human	https://d99n9xvb9513w.cloudfront.net/thumbnails/motions/125770901/static.png
c9cd7a95-b96c-11e4-a802-0aaa78deedf9	Jog Forward	Soccer Jog Forward	human	https://d99n9xvb9513w.cloudfront.net/thumbnails/motions/125710901/static.png
c9cd7e53-b96c-11e4-a802-0aaa78deedf9	Jog Forward Diagonal	Soccer Jog Diagonal Forward Left	human	https://d99n9xvb9513w.cloudfront.net/thumbnails/motions/125760901/static.png
c9cd7d95-b96c-11e4-a802-0aaa78deedf9	Jog Forward Diagonal	Soccer Jog Diagonal Forward Right	human	https://d99n9xvb9513w.cloudfront.net/thumbnails/motions/125750901/static.png
c9c867ac-b96c-11e4-a802-0aaa78deedf9	Jog In Circle	Jog In A Circle	human	https://d99n9xvb9513w.cloudfront.net/thumbnails/motions/116510901/static.png
c9cd7c15-b96c-11e4-a802-0aaa78deedf9	Jog Strafe Left	Soccer Strafe Left	human	https://d99n9xvb9513w.cloudfront.net/thumbnails/motions/125730901/static.png
c9cd7cd3-b96c-11e4-a802-0aaa78deedf9	Jog Strafe Right	Soccer Strafe Right	human	https://d99n9xvb9513w.cloudfront.net/thumbnails/motions/125740901/static.png
c9c8707d-b96c-11e4-a802-0aaa78deedf9	Jogging	Jogging	human	https://d99n9xvb9513w.cloudfront.net/thumbnails/motions/116500901/static.png
c9cbf8c2-b96c-11e4-a802-0aaa78deedf9	Jogging Stumble	Brief Stumble While Jogging	human	https://d99n9xvb9513w.cloudfront.net/thumbnails/motions/121450901/static.png
c9c72ec7-b96c-11e4-a802-0aaa78deedf9	Jogging With Box	Jogging While Carrying A Box	human	https://d99n9xvb9513w.cloudfront.net/thumbnails/motions/111220901/static.png
c9c8cd32-b96c-11e4-a802-0aaa78deedf9	Jostled Passenger	Passenger Jostled While Sitting In A Vehicle	human	https://d99n9xvb9513w.cloudfront.net/thumbnails/motions/136170901/static.png
c9c6cbcb-b96c-11e4-a802-0aaa78deedf9	Joyful Jump	Ecstatic Jumping With Both Legs And Arms	human	https://d99n9xvb9513w.cloudfront.net/thumbnails/motions/106090904/static.png
c9ccec92-b96c-11e4-a802-0aaa78deedf9	Jump	Backward Running Jump	human	https://d99n9xvb9513w.cloudfront.net/thumbnails/motions/124490902/static.png
c9ccfe2b-b96c-11e4-a802-0aaa78deedf9	Jump	Female Forward Running Jump	human	https://d99n9xvb9513w.cloudfront.net/thumbnails/motions/124620901/static.png
c9cd217e-b96c-11e4-a802-0aaa78deedf9	Jump	Female Ninja Running Jump	human	https://d99n9xvb9513w.cloudfront.net/thumbnails/motions/125080901/static.png
c9ccebcf-b96c-11e4-a802-0aaa78deedf9	Jump	Forward Running Jump	human	https://d99n9xvb9513w.cloudfront.net/thumbnails/motions/124490901/static.png
c9ccee21-b96c-11e4-a802-0aaa78deedf9	Jump	Jump In Place	human	https://d99n9xvb9513w.cloudfront.net/thumbnails/motions/124500902/static.png
c9c86cd4-b96c-11e4-a802-0aaa78deedf9	Jump	Jump While Walking And Aiming Rifle	human	https://d99n9xvb9513w.cloudfront.net/thumbnails/motions/116120901/static.png
c9c97399-b96c-11e4-a802-0aaa78deedf9	Jump	Jumping In Place	human	https://d99n9xvb9513w.cloudfront.net/thumbnails/motions/117730901/static.png
c9c97f8f-b96c-11e4-a802-0aaa78deedf9	Jump	Jumping In Place	human	https://d99n9xvb9513w.cloudfront.net/thumbnails/motions/117580901/static.png
c9c95cf0-b96c-11e4-a802-0aaa78deedf9	Jump Attack	Mutant Jump Attack To Ready Pose	human	https://d99n9xvb9513w.cloudfront.net/thumbnails/motions/111990901/static.png
c9c6d3d1-b96c-11e4-a802-0aaa78deedf9	Jump Away	Jumping Away To Avoid Explosion	human	https://d99n9xvb9513w.cloudfront.net/thumbnails/motions/107720901/static.png
c9ccfeed-b96c-11e4-a802-0aaa78deedf9	Jump Backward	Female Jump Running Backward	human	https://d99n9xvb9513w.cloudfront.net/thumbnails/motions/124630901/static.png
c9c86d8e-b96c-11e4-a802-0aaa78deedf9	Jump Backward	Jumping While Running And Holding A Rifle	human	https://d99n9xvb9513w.cloudfront.net/thumbnails/motions/115840901/static.png
c9c6695e-b96c-11e4-a802-0aaa78deedf9	Jump Down	Jumping Down From 2 Feet Platform With 2 Feet	human	https://d99n9xvb9513w.cloudfront.net/thumbnails/motions/102030901/static.png
c9cea6ae-b96c-11e4-a802-0aaa78deedf9	Jump Down	Rifle Jump Down	human	https://d99n9xvb9513w.cloudfront.net/thumbnails/motions/128620942/static.png
c9c86e4c-b96c-11e4-a802-0aaa78deedf9	Jump Forward	Jumping While Running And Holding A Rifle	human	https://d99n9xvb9513w.cloudfront.net/thumbnails/motions/115850901/static.png
c9c9995b-b96c-11e4-a802-0aaa78deedf9	Jump From Wall	Hanging On Wall To Jump Off	human	https://d99n9xvb9513w.cloudfront.net/thumbnails/motions/118680901/static.png
c9cea5e9-b96c-11e4-a802-0aaa78deedf9	Jump Loop	Rifle Jump Idle	human	https://d99n9xvb9513w.cloudfront.net/thumbnails/motions/128620941/static.png
c9caae47-b96c-11e4-a802-0aaa78deedf9	Jump Over	Flying Jump Rolling To Run	human	https://d99n9xvb9513w.cloudfront.net/thumbnails/motions/120360901/static.png
c9ce8499-b96c-11e4-a802-0aaa78deedf9	Jump Push Up	Jump Push Up	human	https://d99n9xvb9513w.cloudfront.net/thumbnails/motions/128640905/static.png
c9c9cf55-b96c-11e4-a802-0aaa78deedf9	Jump To Freehang	Standing Jump To Freehang	human	https://d99n9xvb9513w.cloudfront.net/thumbnails/motions/118570901/static.png
c9c9d3e0-b96c-11e4-a802-0aaa78deedf9	Jump To Hang	Jump Grab To Free Hanging	human	https://d99n9xvb9513w.cloudfront.net/thumbnails/motions/118580901/static.png
c9cea51f-b96c-11e4-a802-0aaa78deedf9	Jump Up	Rifle Jump Up	human	https://d99n9xvb9513w.cloudfront.net/thumbnails/motions/128620940/static.png
c9c627b2-b96c-11e4-a802-0aaa78deedf9	Jumping	Eagle Jump	human	https://d99n9xvb9513w.cloudfront.net/thumbnails/motions/101050901/static.png
c9c7fab0-b96c-11e4-a802-0aaa78deedf9	Jumping	Jump Up	human	https://d99n9xvb9513w.cloudfront.net/thumbnails/motions/113310902/static.png
c9c9a668-b96c-11e4-a802-0aaa78deedf9	Jumping	Jumping From Action Idle	human	https://d99n9xvb9513w.cloudfront.net/thumbnails/motions/118110901/static.png
c9c66b89-b96c-11e4-a802-0aaa78deedf9	Jumping	Male Jumping Down From 2ft High Platform With One Foot	human	https://d99n9xvb9513w.cloudfront.net/thumbnails/motions/102060901/static.png
c9c64840-b96c-11e4-a802-0aaa78deedf9	Jumping	Male Jumping Down From 4 Feet	human	https://d99n9xvb9513w.cloudfront.net/thumbnails/motions/101740901/static.png
c9c667ea-b96c-11e4-a802-0aaa78deedf9	Jumping	Male Jumping Down From 4ft And Crouching On One Hand	human	https://d99n9xvb9513w.cloudfront.net/thumbnails/motions/102010901/static.png
c9c668a5-b96c-11e4-a802-0aaa78deedf9	Jumping	Male Jumping Down From 4ft With A Rifle	human	https://d99n9xvb9513w.cloudfront.net/thumbnails/motions/102020901/static.png
c9c66a19-b96c-11e4-a802-0aaa78deedf9	Jumping	Male Jumping Onto Platform	human	https://d99n9xvb9513w.cloudfront.net/thumbnails/motions/102050901/static.png
c9ca8d0f-b96c-11e4-a802-0aaa78deedf9	Jumping	Male Jumping Over An Obstacle With 1 Hand Planted	human	https://d99n9xvb9513w.cloudfront.net/thumbnails/motions/119770901/static.png
c9ca8bbd-b96c-11e4-a802-0aaa78deedf9	Jumping	Male Jumping Over An Obstacle With 2 Hands Planted	human	https://d99n9xvb9513w.cloudfront.net/thumbnails/motions/119760901/static.png
c9ca9801-b96c-11e4-a802-0aaa78deedf9	Jumping	Male Jumping Over And Obstacle Out To A Spin	human	https://d99n9xvb9513w.cloudfront.net/thumbnails/motions/119780901/static.png
c9c66acd-b96c-11e4-a802-0aaa78deedf9	Jumping	Male Stepping Onto Platform	human	https://d99n9xvb9513w.cloudfront.net/thumbnails/motions/102050902/static.png
c9c849de-b96c-11e4-a802-0aaa78deedf9	Jumping	Step Up To Jump Over Object	human	https://d99n9xvb9513w.cloudfront.net/thumbnails/motions/130240901/static.png
c9c843ba-b96c-11e4-a802-0aaa78deedf9	Jumping Down	Jump Down Over A Rail Clumsily	human	https://d99n9xvb9513w.cloudfront.net/thumbnails/motions/130140901/static.png
c9c66d35-b96c-11e4-a802-0aaa78deedf9	Jumping Down	Jump Down With One Foot While Holding Rifle	human	https://d99n9xvb9513w.cloudfront.net/thumbnails/motions/102080902/static.png
c9c66c45-b96c-11e4-a802-0aaa78deedf9	Jumping Down	Jump Down With Two Feet While Holding Rifle	human	https://d99n9xvb9513w.cloudfront.net/thumbnails/motions/102080901/static.png
c9c9d197-b96c-11e4-a802-0aaa78deedf9	Jumping Down	Jumping Down From Falling Idle Game Blend	human	https://d99n9xvb9513w.cloudfront.net/thumbnails/motions/118110905/static.png
c9c8ca31-b96c-11e4-a802-0aaa78deedf9	Jumping Down	Jumping Down From Higher Level	human	https://d99n9xvb9513w.cloudfront.net/thumbnails/motions/135970901/static.png
c9c8476e-b96c-11e4-a802-0aaa78deedf9	Jumping Down	Jumping Down Over A Railing	human	https://d99n9xvb9513w.cloudfront.net/thumbnails/motions/130150901/static.png
c9c64b7c-b96c-11e4-a802-0aaa78deedf9	Jumping Down	Male Cape Jump Down	human	https://d99n9xvb9513w.cloudfront.net/thumbnails/motions/101770904/static.png
c9c64c7c-b96c-11e4-a802-0aaa78deedf9	Jumping Down	Male Frog Style Jump Down	human	https://d99n9xvb9513w.cloudfront.net/thumbnails/motions/101770905/static.png
c9c649e2-b96c-11e4-a802-0aaa78deedf9	Jumping Down	Male Graceful Jump Down	human	https://d99n9xvb9513w.cloudfront.net/thumbnails/motions/101770902/static.png
c9c64d8d-b96c-11e4-a802-0aaa78deedf9	Jumping Down	Male Half Frog Style Jump Down	human	https://d99n9xvb9513w.cloudfront.net/thumbnails/motions/101770906/static.png
c9c6490f-b96c-11e4-a802-0aaa78deedf9	Jumping Down	Male Hulking Giant Jump Down	human	https://d99n9xvb9513w.cloudfront.net/thumbnails/motions/101770901/static.png
c9c64ab0-b96c-11e4-a802-0aaa78deedf9	Jumping Down	Male Menacing Jump Down	human	https://d99n9xvb9513w.cloudfront.net/thumbnails/motions/101770903/static.png
c9c84c29-b96c-11e4-a802-0aaa78deedf9	Jumping Down	Squatting Jump Down To Squatting	human	https://d99n9xvb9513w.cloudfront.net/thumbnails/motions/130510901/static.png
c9caceb2-b96c-11e4-a802-0aaa78deedf9	Jumping Jacks	Standard Jumping Jacks	human	https://d99n9xvb9513w.cloudfront.net/thumbnails/motions/120090901/static.png
c9ccd825-b96c-11e4-a802-0aaa78deedf9	Jumping Out Of A Plane	Quick Exit Out The Top Of A Flying Plane	human	https://d99n9xvb9513w.cloudfront.net/thumbnails/motions/124280901/static.png
c9c76939-b96c-11e4-a802-0aaa78deedf9	Jumping Over Into Combat	Jumping Over Obstacle Getting Ready To Fight	human	https://d99n9xvb9513w.cloudfront.net/thumbnails/motions/112440901/static.png
c9c71644-b96c-11e4-a802-0aaa78deedf9	Jumping Rope	Jumping Rope	human	https://d99n9xvb9513w.cloudfront.net/thumbnails/motions/110450901/static.png
c9c9cc39-b96c-11e4-a802-0aaa78deedf9	Jumping To Hanging	Ledge Hit To Hanging Braced	human	https://d99n9xvb9513w.cloudfront.net/thumbnails/motions/118710901/static.png
c9c9d919-b96c-11e4-a802-0aaa78deedf9	Jumping Up	Jumping Up From Action Idle	human	https://d99n9xvb9513w.cloudfront.net/thumbnails/motions/118110903/static.png
c9c9d019-b96c-11e4-a802-0aaa78deedf9	Jumping Up	Jumping Up From Action Idle Game Blend	human	https://d99n9xvb9513w.cloudfront.net/thumbnails/motions/118110904/static.png
c9cb329c-b96c-11e4-a802-0aaa78deedf9	Kettlebell Swing	End Russian Kettlebell Swing To Fitness Idle	human	https://d99n9xvb9513w.cloudfront.net/thumbnails/motions/120300901/static.png
c9cb2cfa-b96c-11e4-a802-0aaa78deedf9	Kettlebell Swing	Russian Kettlebell Swing	human	https://d99n9xvb9513w.cloudfront.net/thumbnails/motions/120280901/static.png
c9cb316a-b96c-11e4-a802-0aaa78deedf9	Kettlebell Swing	Start Russian Kettlebell Swing From Fitness Idle	human	https://d99n9xvb9513w.cloudfront.net/thumbnails/motions/120290901/static.png
c9cb5aab-b96c-11e4-a802-0aaa78deedf9	Kick Soccerball	Juggling Left Kick Of A Soccer Ball	human	https://d99n9xvb9513w.cloudfront.net/thumbnails/motions/120840901/static.png
c9cb5b6b-b96c-11e4-a802-0aaa78deedf9	Kick Soccerball	Juggling Right Kick Of A Soccer Ball	human	https://d99n9xvb9513w.cloudfront.net/thumbnails/motions/120850901/static.png
c9cc9b70-b96c-11e4-a802-0aaa78deedf9	Kick To The Groin	Receive A Kick To The Groin To Falling Down	human	https://d99n9xvb9513w.cloudfront.net/thumbnails/motions/123150901/static.png
c9cca0a4-b96c-11e4-a802-0aaa78deedf9	Kick To The Groin	Receive A Kick To The Groin To Falling Down	human	https://d99n9xvb9513w.cloudfront.net/thumbnails/motions/123220901/static.png
c9cc9c32-b96c-11e4-a802-0aaa78deedf9	Kick To The Groin	Receive A Kick To The Groin To Standing	human	https://d99n9xvb9513w.cloudfront.net/thumbnails/motions/123160901/static.png
c9cca162-b96c-11e4-a802-0aaa78deedf9	Kick To The Groin	Receive A Kick To The Groin To Standing	human	https://d99n9xvb9513w.cloudfront.net/thumbnails/motions/123230901/static.png
c9cb59e2-b96c-11e4-a802-0aaa78deedf9	Kick Up Soccerball	Kicking Up A Soccer Ball	human	https://d99n9xvb9513w.cloudfront.net/thumbnails/motions/120830901/static.png
c9c62882-b96c-11e4-a802-0aaa78deedf9	Kicking	Butterfly Kick Advancing	human	https://d99n9xvb9513w.cloudfront.net/thumbnails/motions/101090901/static.png
c9c62472-b96c-11e4-a802-0aaa78deedf9	Kicking	Double Front Snap Kick	human	https://d99n9xvb9513w.cloudfront.net/thumbnails/motions/100930901/static.png
c9c6253f-b96c-11e4-a802-0aaa78deedf9	Kicking	Double Front Snap Kick Advancing	human	https://d99n9xvb9513w.cloudfront.net/thumbnails/motions/100940901/static.png
c9c61f91-b96c-11e4-a802-0aaa78deedf9	Kicking	Male Front Snap Kick With The Lead Foot	human	https://d99n9xvb9513w.cloudfront.net/thumbnails/motions/100860901/static.png
c9c6205d-b96c-11e4-a802-0aaa78deedf9	Kicking	Male Front Snap Kick With The Lead Foot Advancing	human	https://d99n9xvb9513w.cloudfront.net/thumbnails/motions/100870901/static.png
c9c622d6-b96c-11e4-a802-0aaa78deedf9	Kicking	Male Front Snap Kick With The Rear Foot Advancing	human	https://d99n9xvb9513w.cloudfront.net/thumbnails/motions/100910901/static.png
c9c623a5-b96c-11e4-a802-0aaa78deedf9	Kicking	Male Front Snap Kick With The Rear Foot Retreating	human	https://d99n9xvb9513w.cloudfront.net/thumbnails/motions/100920901/static.png
c9c63e81-b96c-11e4-a802-0aaa78deedf9	Kicking	Male Thrust Kick With The Lead Foot	human	https://d99n9xvb9513w.cloudfront.net/thumbnails/motions/101550901/static.png
c9c63f53-b96c-11e4-a802-0aaa78deedf9	Kicking	Male Thrust Kick With The Rear Foot	human	https://d99n9xvb9513w.cloudfront.net/thumbnails/motions/101560901/static.png
c9c5fba3-b96c-11e4-a802-0aaa78deedf9	Kicking	Roundhouse Kick With The Rear Foot	human	https://d99n9xvb9513w.cloudfront.net/thumbnails/motions/90018/static.png
c9c62610-b96c-11e4-a802-0aaa78deedf9	Kicking	Spinning Back Kick Advancing	human	https://d99n9xvb9513w.cloudfront.net/thumbnails/motions/100970901/static.png
c9c8ba11-b96c-11e4-a802-0aaa78deedf9	Kicking Out	Kicking While Sitting On Ground	human	https://d99n9xvb9513w.cloudfront.net/thumbnails/motions/136010901/static.png
c9caf807-b96c-11e4-a802-0aaa78deedf9	Kidney Hit	Receiving A Hit In The Kidneys	human	https://d99n9xvb9513w.cloudfront.net/thumbnails/motions/116880903/static.png
c9ca7e66-b96c-11e4-a802-0aaa78deedf9	Kip Up	Male Kip Up To Standing	human	https://d99n9xvb9513w.cloudfront.net/thumbnails/motions/119730901/static.png
c9c955c6-b96c-11e4-a802-0aaa78deedf9	Kiss	Kissing A Shorter Person For A Long Period	human	https://d99n9xvb9513w.cloudfront.net/thumbnails/motions/115410902/static.png
c9c9543b-b96c-11e4-a802-0aaa78deedf9	Kiss	Kissing A Shorter Person For A Short Period	human	https://d99n9xvb9513w.cloudfront.net/thumbnails/motions/115410901/static.png
c9c95a6d-b96c-11e4-a802-0aaa78deedf9	Kiss	Kissing A Taller Person For A Long Period	human	https://d99n9xvb9513w.cloudfront.net/thumbnails/motions/115410904/static.png
c9c958e4-b96c-11e4-a802-0aaa78deedf9	Kiss	Kissing A Taller Person For A Short Period	human	https://d99n9xvb9513w.cloudfront.net/thumbnails/motions/115410903/static.png
c9c7a0ea-b96c-11e4-a802-0aaa78deedf9	Knee Jab	Swing Club And Triple Knee Kicks	human	https://d99n9xvb9513w.cloudfront.net/thumbnails/motions/113840901/static.png
c9c7a323-b96c-11e4-a802-0aaa78deedf9	Knee Jabs To Uppercut	Triple Knee Jabs To Uppercut Combo	human	https://d99n9xvb9513w.cloudfront.net/thumbnails/motions/113610901/static.png
c9c60c4f-b96c-11e4-a802-0aaa78deedf9	Knee Kick Lead	Kicking With Lead Foot	human	https://d99n9xvb9513w.cloudfront.net/thumbnails/motions/100510901/static.png
c9cb5c2a-b96c-11e4-a802-0aaa78deedf9	Kneeing Soccerball	Juggling Left Knee Of A Soccer Ball	human	https://d99n9xvb9513w.cloudfront.net/thumbnails/motions/120860901/static.png
c9cb5ce7-b96c-11e4-a802-0aaa78deedf9	Kneeing Soccerball	Juggling Right Knee Of A Soccer Ball	human	https://d99n9xvb9513w.cloudfront.net/thumbnails/motions/120870901/static.png
c9c6ceb1-b96c-11e4-a802-0aaa78deedf9	Kneel	Kneeling Warming Hands Over Campfire	human	https://d99n9xvb9513w.cloudfront.net/thumbnails/motions/107830901/static.png
c9c836af-b96c-11e4-a802-0aaa78deedf9	Kneeling	Kneeling On One Knee Idle	human	https://d99n9xvb9513w.cloudfront.net/thumbnails/motions/130710901/static.png
c9c8ac04-b96c-11e4-a802-0aaa78deedf9	Kneeling Down	Standing To Kneeling Down	human	https://d99n9xvb9513w.cloudfront.net/thumbnails/motions/135940901/static.png
c9cd9c47-b96c-11e4-a802-0aaa78deedf9	Kneeling Idle	Kneeling Idle	human	https://d99n9xvb9513w.cloudfront.net/thumbnails/motions/126720901/static.png
c9c8cded-b96c-11e4-a802-0aaa78deedf9	Kneeling Inspecting	Kneeling And Inspecting Element With Hands	human	https://d99n9xvb9513w.cloudfront.net/thumbnails/motions/136350901/static.png
c9c8555f-b96c-11e4-a802-0aaa78deedf9	Kneeling Pointing	Kneeling To Pointing	human	https://d99n9xvb9513w.cloudfront.net/thumbnails/motions/130520901/static.png
c9c61ec1-b96c-11e4-a802-0aaa78deedf9	Knife Idle	Knife On The Rear Hand, Reverse Grip	human	https://d99n9xvb9513w.cloudfront.net/thumbnails/motions/100850904/static.png
c9c954ff-b96c-11e4-a802-0aaa78deedf9	Knock Off Assailant	Knock Off Assailant While Sitting	human	https://d99n9xvb9513w.cloudfront.net/thumbnails/motions/136360902/static.png
c9c8a565-b96c-11e4-a802-0aaa78deedf9	Knocked Down	Knocked Down To Stomach	human	https://d99n9xvb9513w.cloudfront.net/thumbnails/motions/135610901/static.png
c9c725f7-b96c-11e4-a802-0aaa78deedf9	Knocked Out	Knocked Out Falling To Back	human	https://d99n9xvb9513w.cloudfront.net/thumbnails/motions/110720901/static.png
c9c7216e-b96c-11e4-a802-0aaa78deedf9	Knocked Out	Knocked Out Falling To Stomach	human	https://d99n9xvb9513w.cloudfront.net/thumbnails/motions/110670901/static.png
c9c8d8a2-b96c-11e4-a802-0aaa78deedf9	Knocked Unconscious	Pilot Flying Helicopter Getting Knocked Unconscious	human	https://d99n9xvb9513w.cloudfront.net/thumbnails/motions/136860901/static.png
c9c808ef-b96c-11e4-a802-0aaa78deedf9	Landing	Landing From Jump	human	https://d99n9xvb9513w.cloudfront.net/thumbnails/motions/115080901/static.png
c9c6ec22-b96c-11e4-a802-0aaa78deedf9	Laughing	Laughing Standing	human	https://d99n9xvb9513w.cloudfront.net/thumbnails/motions/109820901/static.png
c9c850ca-b96c-11e4-a802-0aaa78deedf9	Laying	Laying Looking Behind	human	https://d99n9xvb9513w.cloudfront.net/thumbnails/motions/130570901/static.png
c9c84906-b96c-11e4-a802-0aaa78deedf9	Laying	Laying On Back	human	https://d99n9xvb9513w.cloudfront.net/thumbnails/motions/130560901/static.png
c9c83d6c-b96c-11e4-a802-0aaa78deedf9	Laying	Laying On Back Idle	human	https://d99n9xvb9513w.cloudfront.net/thumbnails/motions/130720901/static.png
c9ce6cd3-b96c-11e4-a802-0aaa78deedf9	Laying Breathless	Laying While Breathless Idle	human	https://d99n9xvb9513w.cloudfront.net/thumbnails/motions/128490901/static.png
c9ce65c1-b96c-11e4-a802-0aaa78deedf9	Laying Hand Gesture	Laying On A Bed Gesturing With Hand	human	https://d99n9xvb9513w.cloudfront.net/thumbnails/motions/128430901/static.png
c9ce6355-b96c-11e4-a802-0aaa78deedf9	Laying Idle	Laying On A Bed Idle	human	https://d99n9xvb9513w.cloudfront.net/thumbnails/motions/128400902/static.png
c9ccd767-b96c-11e4-a802-0aaa78deedf9	Laying Idle	Laying On Back Looking Around	human	https://d99n9xvb9513w.cloudfront.net/thumbnails/motions/124270901/static.png
c9ce7005-b96c-11e4-a802-0aaa78deedf9	Laying Mild Cough	Laying Coughing Mildly	human	https://d99n9xvb9513w.cloudfront.net/thumbnails/motions/128520901/static.png
c9ce7187-b96c-11e4-a802-0aaa78deedf9	Laying Moaning	Laying Squirming And Moaning	human	https://d99n9xvb9513w.cloudfront.net/thumbnails/motions/128540901/static.png
c9ce642e-b96c-11e4-a802-0aaa78deedf9	Laying Nodding	Laying On A Bed Nodding	human	https://d99n9xvb9513w.cloudfront.net/thumbnails/motions/128410901/static.png
c9ce7303-b96c-11e4-a802-0aaa78deedf9	Laying Seizure	Laying Having A Seizure	human	https://d99n9xvb9513w.cloudfront.net/thumbnails/motions/128560901/static.png
c9ce70c7-b96c-11e4-a802-0aaa78deedf9	Laying Severe Cough	Laying Coughing Severely	human	https://d99n9xvb9513w.cloudfront.net/thumbnails/motions/128530901/static.png
c9ce64fc-b96c-11e4-a802-0aaa78deedf9	Laying Shaking Head	Laying On A Bed Shaking Head	human	https://d99n9xvb9513w.cloudfront.net/thumbnails/motions/128420901/static.png
c9ce6684-b96c-11e4-a802-0aaa78deedf9	Laying Shrugging	Laying On A Bed Shrugging	human	https://d99n9xvb9513w.cloudfront.net/thumbnails/motions/128440901/static.png
c9ce6e3b-b96c-11e4-a802-0aaa78deedf9	Laying Sleeping	Laying Asleep On A Bed	human	https://d99n9xvb9513w.cloudfront.net/thumbnails/motions/128500901/static.png
c9ce7243-b96c-11e4-a802-0aaa78deedf9	Laying Vomiting	Laying Vomiting Into A Bag	human	https://d99n9xvb9513w.cloudfront.net/thumbnails/motions/128550901/static.png
c9cb1594-b96c-11e4-a802-0aaa78deedf9	Lead Jab	Long Body Jab	human	https://d99n9xvb9513w.cloudfront.net/thumbnails/motions/110470903/static.png
c9cb1868-b96c-11e4-a802-0aaa78deedf9	Lead Jab	Long Head Jab	human	https://d99n9xvb9513w.cloudfront.net/thumbnails/motions/110470906/static.png
c9cb19f9-b96c-11e4-a802-0aaa78deedf9	Lead Jab	Med Head Jab	human	https://d99n9xvb9513w.cloudfront.net/thumbnails/motions/110470907/static.png
c9cb1672-b96c-11e4-a802-0aaa78deedf9	Lead Jab	Mid Body Jab	human	https://d99n9xvb9513w.cloudfront.net/thumbnails/motions/110470904/static.png
c9cb144f-b96c-11e4-a802-0aaa78deedf9	Lead Jab	Short Body Jab	human	https://d99n9xvb9513w.cloudfront.net/thumbnails/motions/110470902/static.png
c9cb1733-b96c-11e4-a802-0aaa78deedf9	Lead Jab	Short Head Jab	human	https://d99n9xvb9513w.cloudfront.net/thumbnails/motions/110470905/static.png
c9c696b0-b96c-11e4-a802-0aaa78deedf9	Leaning	Leaning Square Against A Wall With One Leg Up	human	https://d99n9xvb9513w.cloudfront.net/thumbnails/motions/102880904/static.png
c9c69770-b96c-11e4-a802-0aaa78deedf9	Leaning	Leaning Square With Shoulders Against A Wall	human	https://d99n9xvb9513w.cloudfront.net/thumbnails/motions/102880905/static.png
c9c8bace-b96c-11e4-a802-0aaa78deedf9	Leaning On A Wall	Little Girl Leaning On A Wall Listening To Music	human	https://d99n9xvb9513w.cloudfront.net/thumbnails/motions/115430901/static.png
c9caed58-b96c-11e4-a802-0aaa78deedf9	Left Block	High Left Block	human	https://d99n9xvb9513w.cloudfront.net/thumbnails/motions/110530902/static.png
c9caf191-b96c-11e4-a802-0aaa78deedf9	Left Block	Low Left Block	human	https://d99n9xvb9513w.cloudfront.net/thumbnails/motions/110580902/static.png
c9c9a063-b96c-11e4-a802-0aaa78deedf9	Left Cover Sneak	Left Standing Sneak Behind Cover	human	https://d99n9xvb9513w.cloudfront.net/thumbnails/motions/118280901/static.png
c9caa18e-b96c-11e4-a802-0aaa78deedf9	Left Cover Sneak	Left Standing Sneak Behind Cover	human	https://d99n9xvb9513w.cloudfront.net/thumbnails/motions/118280905/static.png
c9ca81d8-b96c-11e4-a802-0aaa78deedf9	Left Cover Sneak W/ Rifle	Left Standing Sneak Behind Cover W/ Rifle	human	https://d99n9xvb9513w.cloudfront.net/thumbnails/motions/118280903/static.png
c9cb0b78-b96c-11e4-a802-0aaa78deedf9	Left Pivot	High Left Boxing Pivot	human	https://d99n9xvb9513w.cloudfront.net/thumbnails/motions/110390902/static.png
c9cb0c39-b96c-11e4-a802-0aaa78deedf9	Left Pivot	Low Left Boxing Pivot	human	https://d99n9xvb9513w.cloudfront.net/thumbnails/motions/110390903/static.png
c9c9abd3-b96c-11e4-a802-0aaa78deedf9	Left Shimmy	Free Hanging Shimmy Left	human	https://d99n9xvb9513w.cloudfront.net/thumbnails/motions/118530901/static.png
c9c96c6d-b96c-11e4-a802-0aaa78deedf9	Left Strafe	Running Strafe To The Left	human	https://d99n9xvb9513w.cloudfront.net/thumbnails/motions/117760901/static.png
c9c97b90-b96c-11e4-a802-0aaa78deedf9	Left Strafe	Running Strafe To The Left	human	https://d99n9xvb9513w.cloudfront.net/thumbnails/motions/117610901/static.png
c9c94ad6-b96c-11e4-a802-0aaa78deedf9	Left Strafe Jump	Jumping While Strafing Left- Loop	human	https://d99n9xvb9513w.cloudfront.net/thumbnails/motions/117390901/static.png
c9c9829c-b96c-11e4-a802-0aaa78deedf9	Left Strafe Walk	Walking Strafe To The Left	human	https://d99n9xvb9513w.cloudfront.net/thumbnails/motions/117690901/static.png
c9c96857-b96c-11e4-a802-0aaa78deedf9	Left Strafe Walking	Strafe Walking To The Left	human	https://d99n9xvb9513w.cloudfront.net/thumbnails/motions/117860901/static.png
c9c94644-b96c-11e4-a802-0aaa78deedf9	Left Strafing Jump	Jumping While Strafing Left	human	https://d99n9xvb9513w.cloudfront.net/thumbnails/motions/117400901/static.png
c9cd20bb-b96c-11e4-a802-0aaa78deedf9	Left Turn	Female Ninja Left Turn In Place	human	https://d99n9xvb9513w.cloudfront.net/thumbnails/motions/125070901/static.png
c9c96eae-b96c-11e4-a802-0aaa78deedf9	Left Turn	Standing 180 Left Turn	human	https://d99n9xvb9513w.cloudfront.net/thumbnails/motions/117800901/static.png
c9c9794e-b96c-11e4-a802-0aaa78deedf9	Left Turn	Standing Left Turn	human	https://d99n9xvb9513w.cloudfront.net/thumbnails/motions/117800905/static.png
c9c9841d-b96c-11e4-a802-0aaa78deedf9	Left Turn	Standing Left Turn	human	https://d99n9xvb9513w.cloudfront.net/thumbnails/motions/117640901/static.png
c9c99af5-b96c-11e4-a802-0aaa78deedf9	Left Turn	Standing Left Turn	human	https://d99n9xvb9513w.cloudfront.net/thumbnails/motions/118310901/static.png
c9c97200-b96c-11e4-a802-0aaa78deedf9	Left Turn	Standing Left Turn Game Blend	human	https://d99n9xvb9513w.cloudfront.net/thumbnails/motions/117800903/static.png
c9c98730-b96c-11e4-a802-0aaa78deedf9	Left Turn	Standing Left Turn Game Blend	human	https://d99n9xvb9513w.cloudfront.net/thumbnails/motions/117640903/static.png
c9c9a98d-b96c-11e4-a802-0aaa78deedf9	Left Turn	Standing Left Turn Sans Rotation	human	https://d99n9xvb9513w.cloudfront.net/thumbnails/motions/118310902/static.png
c9c8f012-b96c-11e4-a802-0aaa78deedf9	Left Turn	Turning Left With Rifle	human	https://d99n9xvb9513w.cloudfront.net/thumbnails/motions/115890901/static.png
c9c94322-b96c-11e4-a802-0aaa78deedf9	Left Turn 45	45 Degree Left Turn From Idle	human	https://d99n9xvb9513w.cloudfront.net/thumbnails/motions/104120906/static.png
c9c97ad2-b96c-11e4-a802-0aaa78deedf9	Left Turn 90	Standing Left Turn	human	https://d99n9xvb9513w.cloudfront.net/thumbnails/motions/117800907/static.png
c9c9f051-b96c-11e4-a802-0aaa78deedf9	Left Turn W/ Briefcase	Female Left Turn With Briefcase	human	https://d99n9xvb9513w.cloudfront.net/thumbnails/motions/118940901/static.png
c9c9ec93-b96c-11e4-a802-0aaa78deedf9	Left Turn W/Briefcase	Male Left Turn With Briefcase	human	https://d99n9xvb9513w.cloudfront.net/thumbnails/motions/118880901/static.png
c9c64438-b96c-11e4-a802-0aaa78deedf9	Leg Sweep	360 Degrees Back Leg Sweep	human	https://d99n9xvb9513w.cloudfront.net/thumbnails/motions/101640903/static.png
c9c6429a-b96c-11e4-a802-0aaa78deedf9	Leg Sweep	360 Degrees Front Leg Sweep	human	https://d99n9xvb9513w.cloudfront.net/thumbnails/motions/101630903/static.png
c9c7abe7-b96c-11e4-a802-0aaa78deedf9	Leg Sweep	360 Leg Sweep Kick	human	https://d99n9xvb9513w.cloudfront.net/thumbnails/motions/111700901/static.png
c9c64507-b96c-11e4-a802-0aaa78deedf9	Leg Sweep	Back Leg Sweep	human	https://d99n9xvb9513w.cloudfront.net/thumbnails/motions/101640904/static.png
c9c6436d-b96c-11e4-a802-0aaa78deedf9	Leg Sweep	Front Leg Sweep	human	https://d99n9xvb9513w.cloudfront.net/thumbnails/motions/101630904/static.png
c9c91f89-b96c-11e4-a802-0aaa78deedf9	Lengthy Head Nod	Nodding Head Yes	human	https://d99n9xvb9513w.cloudfront.net/thumbnails/motions/117100901/static.png
c9c6fe3b-b96c-11e4-a802-0aaa78deedf9	Lifting	Pick Up Object And Examine	human	https://d99n9xvb9513w.cloudfront.net/thumbnails/motions/110150903/static.png
c9c8fb6e-b96c-11e4-a802-0aaa78deedf9	Lifting Object	Lifting A Heavy Object With Both Hands	human	https://d99n9xvb9513w.cloudfront.net/thumbnails/motions/136250901/static.png
c9cb033b-b96c-11e4-a802-0aaa78deedf9	Light Hit To Head	Receiving A Light Hit From A Left Punch	human	https://d99n9xvb9513w.cloudfront.net/thumbnails/motions/116900904/static.png
c9cb0575-b96c-11e4-a802-0aaa78deedf9	Light Hit To Head	Receiving A Light Hit From A Right Punch	human	https://d99n9xvb9513w.cloudfront.net/thumbnails/motions/116900907/static.png
c9cb07b2-b96c-11e4-a802-0aaa78deedf9	Light Hit To Head	Receiving A Light Hit From A Straight Punch	human	https://d99n9xvb9513w.cloudfront.net/thumbnails/motions/116900910/static.png
c9c63329-b96c-11e4-a802-0aaa78deedf9	Listening To Music	Male With Headphones Listening To Music	human	https://d99n9xvb9513w.cloudfront.net/thumbnails/motions/101330904/static.png
c9cb4ff3-b96c-11e4-a802-0aaa78deedf9	Livershot Knockdown	Receiving A Hit To The Liver	human	https://d99n9xvb9513w.cloudfront.net/thumbnails/motions/110370902/static.png
c9c73c1d-b96c-11e4-a802-0aaa78deedf9	Locking Hip Hop Dance	Locking Hip Hop Dance Variation Two	human	https://d99n9xvb9513w.cloudfront.net/thumbnails/motions/108830901/static.png
c9cae725-b96c-11e4-a802-0aaa78deedf9	Long Left Side Step	Long Left Boxing Side Step	human	https://d99n9xvb9513w.cloudfront.net/thumbnails/motions/110490904/static.png
c9caea63-b96c-11e4-a802-0aaa78deedf9	Long Right Side Step	Long Right Boxing Side Step	human	https://d99n9xvb9513w.cloudfront.net/thumbnails/motions/110510904/static.png
c9caebc0-b96c-11e4-a802-0aaa78deedf9	Long Step Forward	Long Boxing Step Forward	human	https://d99n9xvb9513w.cloudfront.net/thumbnails/motions/110520905/static.png
c9c8f860-b96c-11e4-a802-0aaa78deedf9	Look Around	Look Around Nervously	human	https://d99n9xvb9513w.cloudfront.net/thumbnails/motions/137670901/static.png
c9c81a1d-b96c-11e4-a802-0aaa78deedf9	Look Around	Looking Around At Oneself	human	https://d99n9xvb9513w.cloudfront.net/thumbnails/motions/115520901/static.png
c9cced58-b96c-11e4-a802-0aaa78deedf9	Look Around	Looking Around The Body	human	https://d99n9xvb9513w.cloudfront.net/thumbnails/motions/124500901/static.png
c9c8dd68-b96c-11e4-a802-0aaa78deedf9	Look Away Gesture	Sarcastically Looking Away	human	https://d99n9xvb9513w.cloudfront.net/thumbnails/motions/117030901/static.png
c9c9df32-b96c-11e4-a802-0aaa78deedf9	Look Behind Run	Running While Looking Behind	human	https://d99n9xvb9513w.cloudfront.net/thumbnails/motions/114520901/static.png
c9c8d27d-b96c-11e4-a802-0aaa78deedf9	Look Over Shoulder	Quick Nervous Look Over Right Shoulder	human	https://d99n9xvb9513w.cloudfront.net/thumbnails/motions/137370901/static.png
c9c9645b-b96c-11e4-a802-0aaa78deedf9	Looking	Looking At Something And Shading Eyes	human	https://d99n9xvb9513w.cloudfront.net/thumbnails/motions/130370902/static.png
c9c6fef8-b96c-11e4-a802-0aaa78deedf9	Looking	Looking Off Into The Distance	human	https://d99n9xvb9513w.cloudfront.net/thumbnails/motions/110210901/static.png
c9c86288-b96c-11e4-a802-0aaa78deedf9	Looking	Looking With Hand Shading Eyes	human	https://d99n9xvb9513w.cloudfront.net/thumbnails/motions/130370901/static.png
c9c6cdf7-b96c-11e4-a802-0aaa78deedf9	Looking Around	Idle Stand Looking Around	human	https://d99n9xvb9513w.cloudfront.net/thumbnails/motions/107820901/static.png
c9c9dff0-b96c-11e4-a802-0aaa78deedf9	Looking Around	Looking Around With Duel Wielded Pistols	human	https://d99n9xvb9513w.cloudfront.net/thumbnails/motions/115090901/static.png
c9c8c433-b96c-11e4-a802-0aaa78deedf9	Looking Behind	Standing Idle Looking Behind Over Right Side	human	https://d99n9xvb9513w.cloudfront.net/thumbnails/motions/135910901/static.png
c9c91871-b96c-11e4-a802-0aaa78deedf9	Looking Down	Looking Down And Away	human	https://d99n9xvb9513w.cloudfront.net/thumbnails/motions/117230901/static.png
c9c8dc34-b96c-11e4-a802-0aaa78deedf9	Looking Right	Quickly Looking To The Right	human	https://d99n9xvb9513w.cloudfront.net/thumbnails/motions/135990901/static.png
c9ca04b6-b96c-11e4-a802-0aaa78deedf9	Looking Through Files Low	Male Looking Through A File Cabinet Low	human	https://d99n9xvb9513w.cloudfront.net/thumbnails/motions/119260901/static.png
c9c99282-b96c-11e4-a802-0aaa78deedf9	Loser	Showing Loser Gesture While Standing	human	https://d99n9xvb9513w.cloudfront.net/thumbnails/motions/117990901/static.png
c9ccc173-b96c-11e4-a802-0aaa78deedf9	Low Crawl	Super Low Crawl, Or Crawling Up A Wall	human	https://d99n9xvb9513w.cloudfront.net/thumbnails/motions/123240901/static.png
c9c8df3d-b96c-11e4-a802-0aaa78deedf9	Lower Pistol	Lower Pistol While Sitting	human	https://d99n9xvb9513w.cloudfront.net/thumbnails/motions/137600901/static.png
c9c88183-b96c-11e4-a802-0aaa78deedf9	Lying Down	Laying Down On An Exam Table/Bed As In A Doctors Office	human	https://d99n9xvb9513w.cloudfront.net/thumbnails/motions/116460901/static.png
c9cbb628-b96c-11e4-a802-0aaa78deedf9	Macaco Side	Capoeira Side Step Flip Escape	human	https://d99n9xvb9513w.cloudfront.net/thumbnails/motions/121190901/static.png
c9c73e50-b96c-11e4-a802-0aaa78deedf9	Macarena Dance	Dancing The Macarena	human	https://d99n9xvb9513w.cloudfront.net/thumbnails/motions/109080901/static.png
c9c80212-b96c-11e4-a802-0aaa78deedf9	Magic Heal	Casting A Healing Spell With One Hand	human	https://d99n9xvb9513w.cloudfront.net/thumbnails/motions/114890901/static.png
c9c802f0-b96c-11e4-a802-0aaa78deedf9	Magic Spell Casting	Casting A Spell With One Hand	human	https://d99n9xvb9513w.cloudfront.net/thumbnails/motions/114890902/static.png
1189d701-e683-4281-a13d-3a48fce4797f	Male Action Pose	Crawling Forward Reaching With Left Hand	human	https://d99n9xvb9513w.cloudfront.net/thumbnails/motions/150000903/static.png
8202fbeb-5755-4943-ba48-c7d8c8af9407	Male Action Pose	Exaggerated Punch With Right Hand	human	https://d99n9xvb9513w.cloudfront.net/thumbnails/motions/150000907/static.png
829cc0ef-488c-422a-8b1b-2f836ed60811	Male Action Pose	Jab With Right Hand	human	https://d99n9xvb9513w.cloudfront.net/thumbnails/motions/150000908/static.png
a55d8f43-5c5c-4b3c-8ad7-4e4b93e2491c	Male Action Pose	On Hands And Toes, Right Leg Forward	human	https://d99n9xvb9513w.cloudfront.net/thumbnails/motions/150000901/static.png
54026c13-c161-474e-a187-a4973b1f5bde	Male Action Pose	Push Up	human	https://d99n9xvb9513w.cloudfront.net/thumbnails/motions/150000902/static.png
e033b8e4-7c18-4491-884d-e16d4331bcf4	Male Action Pose	Pushing Backwards	human	https://d99n9xvb9513w.cloudfront.net/thumbnails/motions/150000906/static.png
a02a47ae-3e9f-42d6-8826-bc55a5b89a6c	Male Action Pose	Pushing With Both Hands	human	https://d99n9xvb9513w.cloudfront.net/thumbnails/motions/150000904/static.png
f95846bf-6c0c-4429-81c5-d2d58d110a27	Male Action Pose	Pushing With Left Side Of Body	human	https://d99n9xvb9513w.cloudfront.net/thumbnails/motions/150000905/static.png
ede8954e-5272-46c2-b3c5-c701e5ee887c	Male Crouch Pose	Arms Spread Looking Upwards	human	https://d99n9xvb9513w.cloudfront.net/thumbnails/motions/150100901/static.png
4d1eb9fd-1c87-4782-8324-0c6cac3aa9fb	Male Crouch Pose	Leaning Against Object, Looking Left	human	https://d99n9xvb9513w.cloudfront.net/thumbnails/motions/150100903/static.png
d525734f-e335-4711-91c6-283811398fb4	Male Crouch Pose	Leaning Forward, Right Hand Supporting	human	https://d99n9xvb9513w.cloudfront.net/thumbnails/motions/150100902/static.png
2f6d96c7-c5a3-4ba4-8ed3-bd9f6b4eb461	Male Crouch Pose	Looking Forward	human	https://d99n9xvb9513w.cloudfront.net/thumbnails/motions/150100904/static.png
177cf7c1-c4b0-48fb-8ab9-b7e81e7a2331	Male Dance Pose	Legs Crossed	human	https://d99n9xvb9513w.cloudfront.net/thumbnails/motions/150200902/static.png
9e1d4b43-a847-480f-877d-db3054c5a5ac	Male Dance Pose	Legs Spread Leaning Left	human	https://d99n9xvb9513w.cloudfront.net/thumbnails/motions/150200903/static.png
bf38a13c-91b2-4a7f-9683-56dd57ff6c01	Male Dance Pose	Legs Spread Leaning Right	human	https://d99n9xvb9513w.cloudfront.net/thumbnails/motions/150200904/static.png
789c6577-08ca-416d-bbc3-4599d55b01b2	Male Dance Pose	On Right Foot, Arms Extended Backwards	human	https://d99n9xvb9513w.cloudfront.net/thumbnails/motions/150200901/static.png
a1feb8c6-44d3-4510-a8e5-9a9a28960830	Male Dynamic Pose	Floating, Left Leg Bent, Hands Spread	human	https://d99n9xvb9513w.cloudfront.net/thumbnails/motions/150300902/static.png
4c9c15f3-ba77-4a08-9b49-513023030327	Male Dynamic Pose	Floating, Legs Raised, Arms Extended Upwards	human	https://d99n9xvb9513w.cloudfront.net/thumbnails/motions/150300901/static.png
23d40ce5-0728-416c-9aee-7a97ea373b11	Male Dynamic Pose	Leaping Forward, Arms Extended Backwards	human	https://d99n9xvb9513w.cloudfront.net/thumbnails/motions/150300903/static.png
62e92e9c-623b-4754-9cb7-c234973eb982	Male Laying Pose	On Back, Left Leg Bent	human	https://d99n9xvb9513w.cloudfront.net/thumbnails/motions/150400903/static.png
31027f3c-03cb-41c0-a7ca-c7cc149a6d53	Male Laying Pose	On Back, Left Leg Bent, Hands Behind Head	human	https://d99n9xvb9513w.cloudfront.net/thumbnails/motions/150400904/static.png
304a666d-6d1c-4ddd-9944-8710879c309c	Male Laying Pose	On Back, Legs Crossed, Hands Behind Head	human	https://d99n9xvb9513w.cloudfront.net/thumbnails/motions/150400905/static.png
f501b173-92d7-40a2-b213-286e3c69173f	Male Laying Pose	On Left Side, Left Arm Supporting	human	https://d99n9xvb9513w.cloudfront.net/thumbnails/motions/150400901/static.png
cc3de474-7811-47ad-972c-152326c0b59a	Male Laying Pose	On Left Side, Left Arm Supporting Head	human	https://d99n9xvb9513w.cloudfront.net/thumbnails/motions/150400902/static.png
757589a5-d1c8-45bc-a0a0-76cf6adba4e5	Male Laying Pose	On Right Side, Right Arm Supporting	human	https://d99n9xvb9513w.cloudfront.net/thumbnails/motions/150400906/static.png
b414a4b5-236d-46e3-a2bd-efd45612ec42	Male Locomotion Pose	Running Forward	human	https://d99n9xvb9513w.cloudfront.net/thumbnails/motions/150500904/static.png
c7d5ec2b-c398-4cbd-8440-352c51488ce6	Male Locomotion Pose	Running Forward	human	https://d99n9xvb9513w.cloudfront.net/thumbnails/motions/150500903/static.png
03dffa68-d243-470f-b059-d10f8fcfeabb	Male Locomotion Pose	Sneaking Forward	human	https://d99n9xvb9513w.cloudfront.net/thumbnails/motions/150500905/static.png
64cb8917-9b8b-4ede-9972-04d728cd7085	Male Locomotion Pose	Stepping Forward Looking Left	human	https://d99n9xvb9513w.cloudfront.net/thumbnails/motions/150500906/static.png
fbd14d0d-6ef3-48d4-933c-f4bdc4ff2e24	Male Locomotion Pose	Walking Forward	human	https://d99n9xvb9513w.cloudfront.net/thumbnails/motions/150500902/static.png
ddf86676-b6f0-4290-bbd7-bd6647f84fd4	Male Locomotion Pose	Walking Forward, Looking Right	human	https://d99n9xvb9513w.cloudfront.net/thumbnails/motions/150500901/static.png
9cf58708-0b86-40ae-bcfe-d211289530f7	Male Sitting Pose	Arms Resting On Knees	human	https://d99n9xvb9513w.cloudfront.net/thumbnails/motions/150600901/static.png
7acd6eb0-c2ee-4fde-bf33-95f51372b3cb	Male Sitting Pose	Elbows On Legs Leaning Forward	human	https://d99n9xvb9513w.cloudfront.net/thumbnails/motions/150600910/static.png
4a332831-d65a-45a3-a330-5463db336c3b	Male Sitting Pose	Elbows On Legs Leaning Left	human	https://d99n9xvb9513w.cloudfront.net/thumbnails/motions/150600911/static.png
f2bdf1e8-4c6f-4ac7-b227-18caec2c79d3	Male Sitting Pose	Knees Up, Holding Object	human	https://d99n9xvb9513w.cloudfront.net/thumbnails/motions/150600902/static.png
a9ee80a2-21bf-4878-b858-55d5613c1331	Male Sitting Pose	Leaning Backwards, Arms Supporting	human	https://d99n9xvb9513w.cloudfront.net/thumbnails/motions/150600905/static.png
6630659d-ac80-4087-bc82-d393183fa7c5	Male Sitting Pose	Leaning Forwards Hands In Front	human	https://d99n9xvb9513w.cloudfront.net/thumbnails/motions/150600912/static.png
06f95726-a7d9-4df6-a41d-bd04809305f0	Male Sitting Pose	Legs Crossed, Hands Behind Head	human	https://d99n9xvb9513w.cloudfront.net/thumbnails/motions/150600909/static.png
7f89db68-fb6f-4771-9b58-9c0e56fd1c30	Male Sitting Pose	Legs Crossed, Holding Object	human	https://d99n9xvb9513w.cloudfront.net/thumbnails/motions/150600903/static.png
4362690a-8af0-41ac-9a22-33e43a51a6ee	Male Sitting Pose	Reaching Hands Towards Toes	human	https://d99n9xvb9513w.cloudfront.net/thumbnails/motions/150600904/static.png
fec5edc4-5789-4583-8ae7-605f01ffe227	Male Sitting Pose	Reaching Left Hand Towards Right Toes	human	https://d99n9xvb9513w.cloudfront.net/thumbnails/motions/150600906/static.png
14ee62b6-eb89-4753-9544-ea8921e18ed7	Male Sitting Pose	Reclined Looking Downwards	human	https://d99n9xvb9513w.cloudfront.net/thumbnails/motions/150600907/static.png
3838bc60-16cc-4871-98c1-63a2aee41e27	Male Sitting Pose	Reclined, Facepalm	human	https://d99n9xvb9513w.cloudfront.net/thumbnails/motions/150600908/static.png
dac70582-43d1-435b-8aa6-70da1ba37b66	Male Sitting Pose	Reclined, Hands Behind Head	human	https://d99n9xvb9513w.cloudfront.net/thumbnails/motions/150600913/static.png
5b8e43ff-89ab-4a58-961c-67a5393b24b2	Male Sitting Pose	Reclined, Left Leg Crossed	human	https://d99n9xvb9513w.cloudfront.net/thumbnails/motions/150600914/static.png
98ce4e31-526b-41cd-bcd7-8bc4ece87bee	Male Sitting Pose	Reclined, Left Leg Crossed, Hands Behind Head	human	https://d99n9xvb9513w.cloudfront.net/thumbnails/motions/150600915/static.png
b556be04-9f5c-4008-a419-c600e689a695	Male Sitting Pose	Reclined, Right Leg Crossed, Hands Behind Head	human	https://d99n9xvb9513w.cloudfront.net/thumbnails/motions/150600916/static.png
72153912-313f-49db-83f6-15f0d467666c	Male Sitting Pose	Sitting Backwards On Chair, Hands Grasping	human	https://d99n9xvb9513w.cloudfront.net/thumbnails/motions/150600918/static.png
b81a8d54-0f09-4c56-8f4d-243bd3d9aa9c	Male Sitting Pose	Sitting Backwards On Chair, Hands Relaxed	human	https://d99n9xvb9513w.cloudfront.net/thumbnails/motions/150600917/static.png
08f3514a-0d3b-469d-9f27-57f97d9fcb9b	Male Standing Pose	Arms Behind Back	human	https://d99n9xvb9513w.cloudfront.net/thumbnails/motions/150700902/static.png
64a05ff5-38ab-4b26-a925-808769f6b8bf	Male Standing Pose	Arms Slightly Spread	human	https://d99n9xvb9513w.cloudfront.net/thumbnails/motions/150700907/static.png
4ce6d573-d378-4908-9552-42a8a05af500	Male Standing Pose	Left Elbow Resting On Object	human	https://d99n9xvb9513w.cloudfront.net/thumbnails/motions/150700913/static.png
93695678-9ffe-4e41-b775-2f8ca5c7c15d	Male Standing Pose	Left Hand On Hip	human	https://d99n9xvb9513w.cloudfront.net/thumbnails/motions/150700901/static.png
3bf002cc-5527-4c84-b55c-23db82a48d51	Male Standing Pose	Left Leg On Object, Left Hand On Knee	human	https://d99n9xvb9513w.cloudfront.net/thumbnails/motions/150700910/static.png
5d0f41e7-12d2-4d5b-98fc-42efbdd05929	Male Standing Pose	Left Leg On Object, Left Hand On Knee, Right Hand On Hip	human	https://d99n9xvb9513w.cloudfront.net/thumbnails/motions/150700911/static.png
1fe07cde-9aa2-478b-870e-397601e63507	Male Standing Pose	Legs Crossed, Leaning On Object	human	https://d99n9xvb9513w.cloudfront.net/thumbnails/motions/150700912/static.png
08b56eb4-f99a-4e1b-a3df-bb543f33dbbf	Male Standing Pose	Legs Crossed, Left Arm On Object, Right Hand On Hip	human	https://d99n9xvb9513w.cloudfront.net/thumbnails/motions/150700914/static.png
c6c4ddd1-3bfa-439d-aabb-bb80d03e4388	Male Standing Pose	Looking Forward	human	https://d99n9xvb9513w.cloudfront.net/thumbnails/motions/150700905/static.png
aaba4531-7c08-4d2c-a7a6-8eae3879611d	Male Standing Pose	Looking Left	human	https://d99n9xvb9513w.cloudfront.net/thumbnails/motions/150700904/static.png
670efeec-dabc-492d-a713-a8a28a959249	Male Standing Pose	Looking Right	human	https://d99n9xvb9513w.cloudfront.net/thumbnails/motions/150700906/static.png
e6070070-bfbf-4fb2-87c9-ba85671346a1	Male Standing Pose	Right Hand Behind Head	human	https://d99n9xvb9513w.cloudfront.net/thumbnails/motions/150700903/static.png
0b2ee33c-87ea-4f85-9c9e-f517f883de7a	Male Standing Pose	Right Leg On Object, Hands Crossed	human	https://d99n9xvb9513w.cloudfront.net/thumbnails/motions/150700908/static.png
01da8857-474f-404d-aa34-2e09e697f02c	Male Standing Pose	Right Leg On Object, Left Hand On Hip, Right Hand On Chin	human	https://d99n9xvb9513w.cloudfront.net/thumbnails/motions/150700909/static.png
c9cbb798-b96c-11e4-a802-0aaa78deedf9	Martelo 2	Capoeira High Kick	human	https://d99n9xvb9513w.cloudfront.net/thumbnails/motions/121200901/static.png
c9cbb918-b96c-11e4-a802-0aaa78deedf9	Martelo 3	Capoeira High Kick With Forward Step	human	https://d99n9xvb9513w.cloudfront.net/thumbnails/motions/121210901/static.png
c9cbe2c3-b96c-11e4-a802-0aaa78deedf9	Martelo Do Chau	Capoeira Spin Kick	human	https://d99n9xvb9513w.cloudfront.net/thumbnails/motions/121230901/static.png
c9cbc0bd-b96c-11e4-a802-0aaa78deedf9	Martelo Do Chau Sem Mao	Capoeira Spin Kick	human	https://d99n9xvb9513w.cloudfront.net/thumbnails/motions/121220901/static.png
c9cb027f-b96c-11e4-a802-0aaa78deedf9	Medium Hit To Head	Receiving A Medium Hit From A Left Punch	human	https://d99n9xvb9513w.cloudfront.net/thumbnails/motions/116900903/static.png
c9cb04b8-b96c-11e4-a802-0aaa78deedf9	Medium Hit To Head	Receiving A Medium Hit From A Right Punch	human	https://d99n9xvb9513w.cloudfront.net/thumbnails/motions/116900906/static.png
c9cb06f7-b96c-11e4-a802-0aaa78deedf9	Medium Hit To Head	Receiving A Medium Hit From A Straight Punch	human	https://d99n9xvb9513w.cloudfront.net/thumbnails/motions/116900909/static.png
c9cae666-b96c-11e4-a802-0aaa78deedf9	Medium Left Side Step	Medium Left Boxing Side Step	human	https://d99n9xvb9513w.cloudfront.net/thumbnails/motions/110490903/static.png
c9cae8e0-b96c-11e4-a802-0aaa78deedf9	Medium Right Side Step	Medium Right Boxing Side Step	human	https://d99n9xvb9513w.cloudfront.net/thumbnails/motions/110510903/static.png
c9ce78f7-b96c-11e4-a802-0aaa78deedf9	Medium Run	Medium Speed Running	human	https://d99n9xvb9513w.cloudfront.net/thumbnails/motions/128630903/static.png
c9cb1b52-b96c-11e4-a802-0aaa78deedf9	Medium Step Forward	Medium Boxing Step Forward	human	https://d99n9xvb9513w.cloudfront.net/thumbnails/motions/110520904/static.png
c9cbc42a-b96c-11e4-a802-0aaa78deedf9	Meia Lua De Compasso	Capoeira Side Step Spin Kick	human	https://d99n9xvb9513w.cloudfront.net/thumbnails/motions/121250901/static.png
c9cbc269-b96c-11e4-a802-0aaa78deedf9	Meia Lua De Compasso Back	Capoeira Retreating Spin Kick	human	https://d99n9xvb9513w.cloudfront.net/thumbnails/motions/121240901/static.png
c9cbc81c-b96c-11e4-a802-0aaa78deedf9	Meia Lua De Frente	Capoeira Front Kick	human	https://d99n9xvb9513w.cloudfront.net/thumbnails/motions/121260901/static.png
c9c6a64d-b96c-11e4-a802-0aaa78deedf9	Military Signaling	Military Signal "Look" While Crouched	human	https://d99n9xvb9513w.cloudfront.net/thumbnails/motions/103450903/static.png
c9c6a70a-b96c-11e4-a802-0aaa78deedf9	Military Signaling	Military Signal "Look" While Crouched	human	https://d99n9xvb9513w.cloudfront.net/thumbnails/motions/103450904/static.png
c9c6a494-b96c-11e4-a802-0aaa78deedf9	Military Signaling	Military Signaling "Follow" While Crouched	human	https://d99n9xvb9513w.cloudfront.net/thumbnails/motions/103450901/static.png
c9c6a7c8-b96c-11e4-a802-0aaa78deedf9	Military Signaling	Military Signaling "Move Slow" While Crouched	human	https://d99n9xvb9513w.cloudfront.net/thumbnails/motions/103450905/static.png
c9c6a58a-b96c-11e4-a802-0aaa78deedf9	Military Signaling	Military Signaling "Stay Back" While Crouched	human	https://d99n9xvb9513w.cloudfront.net/thumbnails/motions/103450902/static.png
c9cd050b-b96c-11e4-a802-0aaa78deedf9	Mma Idle	Mma Standing Idle	human	https://d99n9xvb9513w.cloudfront.net/thumbnails/motions/123950901/static.png
c9cd39f5-b96c-11e4-a802-0aaa78deedf9	Mma Kick	Mma High Kick	human	https://d99n9xvb9513w.cloudfront.net/thumbnails/motions/124070905/static.png
c9cd28fc-b96c-11e4-a802-0aaa78deedf9	Mma Kick	Mma Low Kick	human	https://d99n9xvb9513w.cloudfront.net/thumbnails/motions/124070903/static.png
c9cd385b-b96c-11e4-a802-0aaa78deedf9	Mma Kick	Mma Medium Kick	human	https://d99n9xvb9513w.cloudfront.net/thumbnails/motions/124070904/static.png
c9cd3af5-b96c-11e4-a802-0aaa78deedf9	Mma Kick	Mma Roundhouse Kick	human	https://d99n9xvb9513w.cloudfront.net/thumbnails/motions/124070906/static.png
c9cd278a-b96c-11e4-a802-0aaa78deedf9	Mma Kick	Mma Side Kick	human	https://d99n9xvb9513w.cloudfront.net/thumbnails/motions/124070901/static.png
c9cd2845-b96c-11e4-a802-0aaa78deedf9	Mma Kick	Mma Spinning Back Kick	human	https://d99n9xvb9513w.cloudfront.net/thumbnails/motions/124070902/static.png
c9c736ed-b96c-11e4-a802-0aaa78deedf9	Moonwalk	Walking Backwards Sliding Feet	human	https://d99n9xvb9513w.cloudfront.net/thumbnails/motions/108840902/static.png
c9c87f4b-b96c-11e4-a802-0aaa78deedf9	Moving Backward In Crawl Position	Moving Backward In Crawl Position With Rifle	human	https://d99n9xvb9513w.cloudfront.net/thumbnails/motions/112970902/static.png
c9c87e8e-b96c-11e4-a802-0aaa78deedf9	Moving Backward In Prone Position	Moving Backward In Prone Position With Rifle	human	https://d99n9xvb9513w.cloudfront.net/thumbnails/motions/112970901/static.png
c9c85c47-b96c-11e4-a802-0aaa78deedf9	Moving Object	Holding Down To Moving Object	human	https://d99n9xvb9513w.cloudfront.net/thumbnails/motions/130490901/static.png
c9c807f5-b96c-11e4-a802-0aaa78deedf9	Moving While Hanging	Moving Sideways While Hanging From A Bar	human	https://d99n9xvb9513w.cloudfront.net/thumbnails/motions/115070901/static.png
c9c93f13-b96c-11e4-a802-0aaa78deedf9	Mutant Breathing Idle	Mutant Breathing Idle	human	https://d99n9xvb9513w.cloudfront.net/thumbnails/motions/111280903/static.png
c9c93d98-b96c-11e4-a802-0aaa78deedf9	Mutant Dying	Mutant Dying Falling Onto Back	human	https://d99n9xvb9513w.cloudfront.net/thumbnails/motions/107070902/static.png
c9c94c6f-b96c-11e4-a802-0aaa78deedf9	Mutant Flexing Muscles	Mutant Flexing Muscles From Standing Idle	human	https://d99n9xvb9513w.cloudfront.net/thumbnails/motions/110620902/static.png
c9c940be-b96c-11e4-a802-0aaa78deedf9	Mutant Idle	Mutant Stretching Idle	human	https://d99n9xvb9513w.cloudfront.net/thumbnails/motions/111280904/static.png
c9c93e57-b96c-11e4-a802-0aaa78deedf9	Mutant Idle	Mutant Stretching Idle With Breathing	human	https://d99n9xvb9513w.cloudfront.net/thumbnails/motions/111280902/static.png
c9c95db7-b96c-11e4-a802-0aaa78deedf9	Mutant Jump Attack	Mutant Jump Attack To Idle	human	https://d99n9xvb9513w.cloudfront.net/thumbnails/motions/111990902/static.png
c9c935fe-b96c-11e4-a802-0aaa78deedf9	Mutant Jumping	Mutant Eagle Jump	human	https://d99n9xvb9513w.cloudfront.net/thumbnails/motions/101050902/static.png
c9c9377f-b96c-11e4-a802-0aaa78deedf9	Mutant Jumping	Mutant Eagle Jump Game Blend	human	https://d99n9xvb9513w.cloudfront.net/thumbnails/motions/101050903/static.png
c9c94258-b96c-11e4-a802-0aaa78deedf9	Mutant Left Turn 45	Mutant 45 Degree Left Turn Game Blend	human	https://d99n9xvb9513w.cloudfront.net/thumbnails/motions/104120905/static.png
c9ccb404-b96c-11e4-a802-0aaa78deedf9	Mutant Punch	Quick Left Handed Punch	human	https://d99n9xvb9513w.cloudfront.net/thumbnails/motions/121560901/static.png
c9c93fe1-b96c-11e4-a802-0aaa78deedf9	Mutant Right Turn 45	Mutant 45 Degree Right Turn From Idle	human	https://d99n9xvb9513w.cloudfront.net/thumbnails/motions/104120903/static.png
c9c94196-b96c-11e4-a802-0aaa78deedf9	Mutant Right Turn 45	Mutant 45 Degree Right Turn Game Blend	human	https://d99n9xvb9513w.cloudfront.net/thumbnails/motions/104120904/static.png
c9c93242-b96c-11e4-a802-0aaa78deedf9	Mutant Right Turn 90	Mutant 90 Degree Right Turn From Idle	human	https://d99n9xvb9513w.cloudfront.net/thumbnails/motions/104120902/static.png
c9ccb4c2-b96c-11e4-a802-0aaa78deedf9	Mutant Roaring	Mutant Roaring	human	https://d99n9xvb9513w.cloudfront.net/thumbnails/motions/121560902/static.png
c9c93cdc-b96c-11e4-a802-0aaa78deedf9	Mutant Run	Mutant Running	human	https://d99n9xvb9513w.cloudfront.net/thumbnails/motions/104020902/static.png
c9c93c1d-b96c-11e4-a802-0aaa78deedf9	Mutant Swiping	Mutant Attacking With Left Hand	human	https://d99n9xvb9513w.cloudfront.net/thumbnails/motions/102320908/static.png
c9c93a8c-b96c-11e4-a802-0aaa78deedf9	Mutant Walking	Mutant Brutal Walk	human	https://d99n9xvb9513w.cloudfront.net/thumbnails/motions/100470902/static.png
c9c9113b-b96c-11e4-a802-0aaa78deedf9	Neck Stretching	Stretching Neck Rolling Side To Side	human	https://d99n9xvb9513w.cloudfront.net/thumbnails/motions/117270901/static.png
c9c900c8-b96c-11e4-a802-0aaa78deedf9	Nervously Look Around	Nervously Looking Around Left To Right -  Loop	human	https://d99n9xvb9513w.cloudfront.net/thumbnails/motions/137360901/static.png
c9c80e28-b96c-11e4-a802-0aaa78deedf9	Neutral Idle	Neutral Idle	human	https://d99n9xvb9513w.cloudfront.net/thumbnails/motions/115170901/static.png
c9cd013a-b96c-11e4-a802-0aaa78deedf9	Ninja Idle	Female Ninja Idle	human	https://d99n9xvb9513w.cloudfront.net/thumbnails/motions/124660901/static.png
c9cd01ff-b96c-11e4-a802-0aaa78deedf9	Ninja Idle	Female Ninja Idle Var. 1	human	https://d99n9xvb9513w.cloudfront.net/thumbnails/motions/124660902/static.png
c9cd02ca-b96c-11e4-a802-0aaa78deedf9	Ninja Idle	Female Ninja Idle Var. 2	human	https://d99n9xvb9513w.cloudfront.net/thumbnails/motions/124660903/static.png
c9cd0387-b96c-11e4-a802-0aaa78deedf9	Ninja Idle	Female Ninja Idle Var. 3	human	https://d99n9xvb9513w.cloudfront.net/thumbnails/motions/124660904/static.png
c9c7943c-b96c-11e4-a802-0aaa78deedf9	No	Indicating No	human	https://d99n9xvb9513w.cloudfront.net/thumbnails/motions/110100901/static.png
c9cbe56d-b96c-11e4-a802-0aaa78deedf9	Northern Soul Dance	Basic Northern Soul Step	human	https://d99n9xvb9513w.cloudfront.net/thumbnails/motions/121400901/static.png
c9cbe9de-b96c-11e4-a802-0aaa78deedf9	Northern Soul Floor Combo	Northern Soul Dance Spin And Floor Work	human	https://d99n9xvb9513w.cloudfront.net/thumbnails/motions/121430901/static.png
c9cbeb3e-b96c-11e4-a802-0aaa78deedf9	Northern Soul Floor Spin	Northern Soul Dance Spin On Floor	human	https://d99n9xvb9513w.cloudfront.net/thumbnails/motions/121440901/static.png
c9cbe6de-b96c-11e4-a802-0aaa78deedf9	Northern Soul Spin	Northern Soul Dance Spin	human	https://d99n9xvb9513w.cloudfront.net/thumbnails/motions/121410901/static.png
c9cbe86b-b96c-11e4-a802-0aaa78deedf9	Northern Soul Spin Combo	Northern Soul Dance Spin Dip And Splits	human	https://d99n9xvb9513w.cloudfront.net/thumbnails/motions/121420901/static.png
c9cb4cf2-b96c-11e4-a802-0aaa78deedf9	Offensive Idle	Offensive Soccer Idle	human	https://d99n9xvb9513w.cloudfront.net/thumbnails/motions/120800901/static.png
c9c6c004-b96c-11e4-a802-0aaa78deedf9	Old Man Idle	Old Man Standing Idle	human	https://d99n9xvb9513w.cloudfront.net/thumbnails/motions/104340901/static.png
c9c6c0c2-b96c-11e4-a802-0aaa78deedf9	Old Man Walk	Slow Old Man Shuffle Walk	human	https://d99n9xvb9513w.cloudfront.net/thumbnails/motions/104350901/static.png
c9cdaf7b-b96c-11e4-a802-0aaa78deedf9	One Hand Club Combo	One Handed Club Combo Attack	human	https://d99n9xvb9513w.cloudfront.net/thumbnails/motions/128130901/static.png
c9cdaeb2-b96c-11e4-a802-0aaa78deedf9	One Hand Sword Combo	One Handed Sword Combo Attack	human	https://d99n9xvb9513w.cloudfront.net/thumbnails/motions/128120901/static.png
c9c695f0-b96c-11e4-a802-0aaa78deedf9	One Shoulder Lean	Leaning Against A Wall With Various Postures	human	https://d99n9xvb9513w.cloudfront.net/thumbnails/motions/102880902/static.png
c9ca4de1-b96c-11e4-a802-0aaa78deedf9	Open Door Outwards	Open Door Outwards While Walking	human	https://d99n9xvb9513w.cloudfront.net/thumbnails/motions/119420901/static.png
c9c84f3e-b96c-11e4-a802-0aaa78deedf9	Opening	Attempting To Open A Door	human	https://d99n9xvb9513w.cloudfront.net/thumbnails/motions/130390901/static.png
c9c6d61e-b96c-11e4-a802-0aaa78deedf9	Opening	Opening And Closing Cabinet Door	human	https://d99n9xvb9513w.cloudfront.net/thumbnails/motions/107910903/static.png
c9c6d49e-b96c-11e4-a802-0aaa78deedf9	Opening	Opening Cabinet Door	human	https://d99n9xvb9513w.cloudfront.net/thumbnails/motions/107910901/static.png
c9ca0572-b96c-11e4-a802-0aaa78deedf9	Opening A Filing Cabinet	Using The Bottom Drawer Of A Filing Cabinet	human	https://d99n9xvb9513w.cloudfront.net/thumbnails/motions/119270901/static.png
c9c6d6e6-b96c-11e4-a802-0aaa78deedf9	Opening A Lid	Opening The Lid On A Chest Or Box	human	https://d99n9xvb9513w.cloudfront.net/thumbnails/motions/107920901/static.png
c9ca099c-b96c-11e4-a802-0aaa78deedf9	Opening Door Inwards	Male Walking And Opening A Door Inwards	human	https://d99n9xvb9513w.cloudfront.net/thumbnails/motions/119410901/static.png
c9cd16df-b96c-11e4-a802-0aaa78deedf9	Orc Idle	Female Orc Standing Idle	human	https://d99n9xvb9513w.cloudfront.net/thumbnails/motions/124730901/static.png
c9cd22ff-b96c-11e4-a802-0aaa78deedf9	Orc Idle	Male Orc Standing Idle	human	https://d99n9xvb9513w.cloudfront.net/thumbnails/motions/125120901/static.png
c9cd2486-b96c-11e4-a802-0aaa78deedf9	Orc Idle	Male Orc Standing Idle	human	https://d99n9xvb9513w.cloudfront.net/thumbnails/motions/125150901/static.png
c9cd1621-b96c-11e4-a802-0aaa78deedf9	Orc Walk	Female Orc Walk Forward	human	https://d99n9xvb9513w.cloudfront.net/thumbnails/motions/124720901/static.png
c9cd254a-b96c-11e4-a802-0aaa78deedf9	Orc Walk	Male Orc Walk Forward	human	https://d99n9xvb9513w.cloudfront.net/thumbnails/motions/125170901/static.png
c9c7f658-b96c-11e4-a802-0aaa78deedf9	Outward Block	Blocking With Arm	human	https://d99n9xvb9513w.cloudfront.net/thumbnails/motions/113620901/static.png
c9cb2327-b96c-11e4-a802-0aaa78deedf9	Overhead Squat	End Overhead Squat Workout To Fitness Idle	human	https://d99n9xvb9513w.cloudfront.net/thumbnails/motions/120200901/static.png
c9cb21a5-b96c-11e4-a802-0aaa78deedf9	Overhead Squat	Overhead Squat Workout	human	https://d99n9xvb9513w.cloudfront.net/thumbnails/motions/120180901/static.png
c9cb2262-b96c-11e4-a802-0aaa78deedf9	Overhead Squat	Start Overhead Squat Workout From Fitness Idle	human	https://d99n9xvb9513w.cloudfront.net/thumbnails/motions/120190901/static.png
c9ca0326-b96c-11e4-a802-0aaa78deedf9	Pacing And Talking On A Phone	Female Answers A Phone While Walking	human	https://d99n9xvb9513w.cloudfront.net/thumbnails/motions/119180901/static.png
c9cc1658-b96c-11e4-a802-0aaa78deedf9	Paddling	Paddling A Single Oar Canoe	human	https://d99n9xvb9513w.cloudfront.net/thumbnails/motions/121650901/static.png
c9cd93a9-b96c-11e4-a802-0aaa78deedf9	Pain Gesture	Sporty Granny Back Pain Gesture	human	https://d99n9xvb9513w.cloudfront.net/thumbnails/motions/127330901/static.png
c9c8cbb3-b96c-11e4-a802-0aaa78deedf9	Patting	Patting On The Back	human	https://d99n9xvb9513w.cloudfront.net/thumbnails/motions/135920901/static.png
c9c84aa4-b96c-11e4-a802-0aaa78deedf9	Petting	Petting A Large Animal	human	https://d99n9xvb9513w.cloudfront.net/thumbnails/motions/130330901/static.png
c9c7fe60-b96c-11e4-a802-0aaa78deedf9	Petting Animal	Petting An Animal	human	https://d99n9xvb9513w.cloudfront.net/thumbnails/motions/113100901/static.png
c9c786dc-b96c-11e4-a802-0aaa78deedf9	Piano Playing	Playing A Run On A Piano	human	https://d99n9xvb9513w.cloudfront.net/thumbnails/motions/112170901/static.png
c9c791f3-b96c-11e4-a802-0aaa78deedf9	Piano Playing	Playing Multiple Runs On A Piano	human	https://d99n9xvb9513w.cloudfront.net/thumbnails/motions/112170902/static.png
c9cda6af-b96c-11e4-a802-0aaa78deedf9	Pick Fruit	Picking Fruit At Eye Level	human	https://d99n9xvb9513w.cloudfront.net/thumbnails/motions/127010901/static.png
c9cda77e-b96c-11e4-a802-0aaa78deedf9	Pick Fruit	Picking Fruit From Ground	human	https://d99n9xvb9513w.cloudfront.net/thumbnails/motions/127020901/static.png
c9cda511-b96c-11e4-a802-0aaa78deedf9	Pick Fruit	Picking Low Hanging Fruit	human	https://d99n9xvb9513w.cloudfront.net/thumbnails/motions/126990901/static.png
c9cca803-b96c-11e4-a802-0aaa78deedf9	Pick Up Item	Left Item Pick Up Into Pack When Running	human	https://d99n9xvb9513w.cloudfront.net/thumbnails/motions/123340901/static.png
c9cca8c4-b96c-11e4-a802-0aaa78deedf9	Pick Up Item	Right Item Pick Up Into Pack When Running	human	https://d99n9xvb9513w.cloudfront.net/thumbnails/motions/123350901/static.png
c9ce6f23-b96c-11e4-a802-0aaa78deedf9	Picking At Shirt	Laying Picking At Shirt	human	https://d99n9xvb9513w.cloudfront.net/thumbnails/motions/128510901/static.png
c9c6d7aa-b96c-11e4-a802-0aaa78deedf9	Picking Up	Picking Up An Object	human	https://d99n9xvb9513w.cloudfront.net/thumbnails/motions/107920902/static.png
c9c6c5eb-b96c-11e4-a802-0aaa78deedf9	Picking Up Object	Picking Up An Object With One Hand	human	https://d99n9xvb9513w.cloudfront.net/thumbnails/motions/104460901/static.png
c9ce855b-b96c-11e4-a802-0aaa78deedf9	Pike Walk	Pike Walk	human	https://d99n9xvb9513w.cloudfront.net/thumbnails/motions/128640906/static.png
c9c8bb8a-b96c-11e4-a802-0aaa78deedf9	Pilot Flips Switches	Pilot Flips High Switches In A Helicopter	human	https://d99n9xvb9513w.cloudfront.net/thumbnails/motions/136830901/static.png
c9c8c81f-b96c-11e4-a802-0aaa78deedf9	Pilot Flips Switches	Pilot Flips Low Switches In A Helicopter	human	https://d99n9xvb9513w.cloudfront.net/thumbnails/motions/136840901/static.png
c9c8cf82-b96c-11e4-a802-0aaa78deedf9	Piloting	Pilot Flies Helicopter	human	https://d99n9xvb9513w.cloudfront.net/thumbnails/motions/136850901/static.png
c9cad647-b96c-11e4-a802-0aaa78deedf9	Pistol	Pistol Workout	human	https://d99n9xvb9513w.cloudfront.net/thumbnails/motions/120060901/static.png
c9c8b958-b96c-11e4-a802-0aaa78deedf9	Pistol Aim	Pistol Aim To Holster Idle	human	https://d99n9xvb9513w.cloudfront.net/thumbnails/motions/136330901/static.png
c9c6be88-b96c-11e4-a802-0aaa78deedf9	Pistol Idle	Idle Holding Pistol, Kicking Out And Shaking Legs	human	https://d99n9xvb9513w.cloudfront.net/thumbnails/motions/104310901/static.png
c9cdb599-b96c-11e4-a802-0aaa78deedf9	Pistol Idle	Idle With Aimed Pistol	human	https://d99n9xvb9513w.cloudfront.net/thumbnails/motions/128210901/static.png
c9c6b74c-b96c-11e4-a802-0aaa78deedf9	Pistol Idle	Ready Alert Two Hand Pistol Grip	human	https://d99n9xvb9513w.cloudfront.net/thumbnails/motions/104200901/static.png
c9cdb822-b96c-11e4-a802-0aaa78deedf9	Pistol Jump	Running Jump With A Pistol	human	https://d99n9xvb9513w.cloudfront.net/thumbnails/motions/128240901/static.png
c9cdb661-b96c-11e4-a802-0aaa78deedf9	Pistol Jump	Standing Jump With Aimed Pistol	human	https://d99n9xvb9513w.cloudfront.net/thumbnails/motions/128220901/static.png
c9cdc2f1-b96c-11e4-a802-0aaa78deedf9	Pistol Kneel To Stand	Pistol Kneeling To Standing	human	https://d99n9xvb9513w.cloudfront.net/thumbnails/motions/128380901/static.png
c9cdc22d-b96c-11e4-a802-0aaa78deedf9	Pistol Kneeling Idle	Kneeling Idle With Aimed Pistol	human	https://d99n9xvb9513w.cloudfront.net/thumbnails/motions/128370901/static.png
c9cdb75a-b96c-11e4-a802-0aaa78deedf9	Pistol Run	Running With A Pistol	human	https://d99n9xvb9513w.cloudfront.net/thumbnails/motions/128230901/static.png
c9c9b1f3-b96c-11e4-a802-0aaa78deedf9	Pistol Run	Running With Aimed Pistol	human	https://d99n9xvb9513w.cloudfront.net/thumbnails/motions/114260903/static.png
c9cdbf21-b96c-11e4-a802-0aaa78deedf9	Pistol Run Arc	Run Arc Left With An Aimed Pistol	human	https://d99n9xvb9513w.cloudfront.net/thumbnails/motions/128330901/static.png
c9cdbe5f-b96c-11e4-a802-0aaa78deedf9	Pistol Run Arc	Run Arc Right With An Aimed Pistol	human	https://d99n9xvb9513w.cloudfront.net/thumbnails/motions/128320901/static.png
c9cdb9ae-b96c-11e4-a802-0aaa78deedf9	Pistol Run Backward	Running Backward With An Aimed Pistol	human	https://d99n9xvb9513w.cloudfront.net/thumbnails/motions/128260901/static.png
c9cdbfdd-b96c-11e4-a802-0aaa78deedf9	Pistol Run Backward Arc	Run Backward Arc Left With An Aimed Pistol	human	https://d99n9xvb9513w.cloudfront.net/thumbnails/motions/128340901/static.png
c9cdc0a4-b96c-11e4-a802-0aaa78deedf9	Pistol Run Backward Arc	Run Backward Arc Right With An Aimed Pistol	human	https://d99n9xvb9513w.cloudfront.net/thumbnails/motions/128350901/static.png
c9cdc166-b96c-11e4-a802-0aaa78deedf9	Pistol Stand To Kneel	Pistol Standing To Kneeling	human	https://d99n9xvb9513w.cloudfront.net/thumbnails/motions/128360901/static.png
c9cad704-b96c-11e4-a802-0aaa78deedf9	Pistol Start	Start Pistol Workout From Fitness Idle	human	https://d99n9xvb9513w.cloudfront.net/thumbnails/motions/120070901/static.png
c9cdbb48-b96c-11e4-a802-0aaa78deedf9	Pistol Strafe	Strafe Left With An Aimed Pistol	human	https://d99n9xvb9513w.cloudfront.net/thumbnails/motions/128280901/static.png
c9cdbc0b-b96c-11e4-a802-0aaa78deedf9	Pistol Strafe	Strafe Right With An Aimed Pistol	human	https://d99n9xvb9513w.cloudfront.net/thumbnails/motions/128290901/static.png
c9cad7c6-b96c-11e4-a802-0aaa78deedf9	Pistol To Idle	Trasition From Pistol To Fitness Idle	human	https://d99n9xvb9513w.cloudfront.net/thumbnails/motions/120080901/static.png
c9cdb8f0-b96c-11e4-a802-0aaa78deedf9	Pistol Walk	Walking With An Aimed Pistol	human	https://d99n9xvb9513w.cloudfront.net/thumbnails/motions/128250901/static.png
c9cdbd9a-b96c-11e4-a802-0aaa78deedf9	Pistol Walk Arc	Walk Arc Left With An Aimed Pistol	human	https://d99n9xvb9513w.cloudfront.net/thumbnails/motions/128310901/static.png
c9cdbcce-b96c-11e4-a802-0aaa78deedf9	Pistol Walk Arc	Walk Arc Right With An Aimed Pistol	human	https://d99n9xvb9513w.cloudfront.net/thumbnails/motions/128300901/static.png
c9cdba81-b96c-11e4-a802-0aaa78deedf9	Pistol Walk Backward	Walking Backward With An Aimed Pistol	human	https://d99n9xvb9513w.cloudfront.net/thumbnails/motions/128270901/static.png
c9cdc3cc-b96c-11e4-a802-0aaa78deedf9	Pistol Walk Backward Arc	Walk Backward Arc Left With An Aimed Pistol	human	https://d99n9xvb9513w.cloudfront.net/thumbnails/motions/128390901/static.png
c9cdc4a1-b96c-11e4-a802-0aaa78deedf9	Pistol Walk Backward Arc	Walk Backward Arc Right With An Aimed Pistol	human	https://d99n9xvb9513w.cloudfront.net/thumbnails/motions/128400901/static.png
c9c890a6-b96c-11e4-a802-0aaa78deedf9	Pistol Whip	Overhand Strike With Pistol	human	https://d99n9xvb9513w.cloudfront.net/thumbnails/motions/115990901/static.png
c9c70433-b96c-11e4-a802-0aaa78deedf9	Pivot	Rotate From Front Foot	human	https://d99n9xvb9513w.cloudfront.net/thumbnails/motions/110390901/static.png
c9cacdf1-b96c-11e4-a802-0aaa78deedf9	Plank	Plank Position	human	https://d99n9xvb9513w.cloudfront.net/thumbnails/motions/120030901/static.png
c9cda04a-b96c-11e4-a802-0aaa78deedf9	Plant A Plant	Kneeling Planting A Plant	human	https://d99n9xvb9513w.cloudfront.net/thumbnails/motions/126830901/static.png
c9cd9f7a-b96c-11e4-a802-0aaa78deedf9	Plant Tree	Standing Planting A Tree	human	https://d99n9xvb9513w.cloudfront.net/thumbnails/motions/126820901/static.png
c9c7fcea-b96c-11e4-a802-0aaa78deedf9	Playing Drums	Basic Rock Beat	human	https://d99n9xvb9513w.cloudfront.net/thumbnails/motions/113820901/static.png
c9ca549f-b96c-11e4-a802-0aaa78deedf9	Playing The Violin	Playing A Short Piece On The Violin	human	https://d99n9xvb9513w.cloudfront.net/thumbnails/motions/119700901/static.png
c9c9897a-b96c-11e4-a802-0aaa78deedf9	Plotting	Evil Plotting	human	https://d99n9xvb9513w.cloudfront.net/thumbnails/motions/117950901/static.png
c9c693bf-b96c-11e4-a802-0aaa78deedf9	Pointing	Pointing Behind With Thumb	human	https://d99n9xvb9513w.cloudfront.net/thumbnails/motions/102840901/static.png
c9c78d87-b96c-11e4-a802-0aaa78deedf9	Pointing	Pointing While Seated	human	https://d99n9xvb9513w.cloudfront.net/thumbnails/motions/113300901/static.png
c9c6947c-b96c-11e4-a802-0aaa78deedf9	Pointing	Pointing With Arm Bent	human	https://d99n9xvb9513w.cloudfront.net/thumbnails/motions/102840903/static.png
c9c91d36-b96c-11e4-a802-0aaa78deedf9	Pointing Forward	Looking Down Then Pointing Forward	human	https://d99n9xvb9513w.cloudfront.net/thumbnails/motions/117240901/static.png
c9cd9ac5-b96c-11e4-a802-0aaa78deedf9	Pointing Gesture	Aj Pointing Gesture	human	https://d99n9xvb9513w.cloudfront.net/thumbnails/motions/127420901/static.png
c9cd9608-b96c-11e4-a802-0aaa78deedf9	Pointing Gesture	Big Vegas Pointing Gesture	human	https://d99n9xvb9513w.cloudfront.net/thumbnails/motions/127360901/static.png
c9cbca55-b96c-11e4-a802-0aaa78deedf9	Pontera	Capoeira Front Kick	human	https://d99n9xvb9513w.cloudfront.net/thumbnails/motions/121270901/static.png
c9c90bfa-b96c-11e4-a802-0aaa78deedf9	Pouting	Standing Pout Gesture	human	https://d99n9xvb9513w.cloudfront.net/thumbnails/motions/117170901/static.png
c9c69fb6-b96c-11e4-a802-0aaa78deedf9	Praying	Buckled Stand And Praying	human	https://d99n9xvb9513w.cloudfront.net/thumbnails/motions/103120902/static.png
c9c6a06d-b96c-11e4-a802-0aaa78deedf9	Praying	Falling To Knees In Prayer	human	https://d99n9xvb9513w.cloudfront.net/thumbnails/motions/103130901/static.png
c9c6a211-b96c-11e4-a802-0aaa78deedf9	Praying	Kneeling In Prayer	human	https://d99n9xvb9513w.cloudfront.net/thumbnails/motions/103130904/static.png
c9c6a14d-b96c-11e4-a802-0aaa78deedf9	Praying	Kneeling In Prayer To Standing Up	human	https://d99n9xvb9513w.cloudfront.net/thumbnails/motions/103130903/static.png
c9c6a884-b96c-11e4-a802-0aaa78deedf9	Praying	Standing Praying While Swaying	human	https://d99n9xvb9513w.cloudfront.net/thumbnails/motions/103480901/static.png
c9c9603c-b96c-11e4-a802-0aaa78deedf9	Prone Backwards Start	Transition Into Prone Backwards From Prone	human	https://d99n9xvb9513w.cloudfront.net/thumbnails/motions/117370901/static.png
c9c961f4-b96c-11e4-a802-0aaa78deedf9	Prone Backwards Stop	Transition Into Prone From Prone Backwards	human	https://d99n9xvb9513w.cloudfront.net/thumbnails/motions/117370902/static.png
c9c8a3f3-b96c-11e4-a802-0aaa78deedf9	Prone Death	Dying From A Prone Position	human	https://d99n9xvb9513w.cloudfront.net/thumbnails/motions/116780901/static.png
c9c85afc-b96c-11e4-a802-0aaa78deedf9	Prone Firing Rifle	Firing A Rifle While Prone	human	https://d99n9xvb9513w.cloudfront.net/thumbnails/motions/112990901/static.png
c9c94952-b96c-11e4-a802-0aaa78deedf9	Prone Firing Rifle	Prone Fire Rifle Upper Body	human	https://d99n9xvb9513w.cloudfront.net/thumbnails/motions/112990903/static.png
c9c878a5-b96c-11e4-a802-0aaa78deedf9	Prone Forward	Moving Forward While In Prone Position	human	https://d99n9xvb9513w.cloudfront.net/thumbnails/motions/112980901/static.png
c9c95057-b96c-11e4-a802-0aaa78deedf9	Prone Forward Stop	Prone Move Forward To Stop In Prone Position	human	https://d99n9xvb9513w.cloudfront.net/thumbnails/motions/117380902/static.png
c9c875ba-b96c-11e4-a802-0aaa78deedf9	Prone Idle	Lying Down Prone With Rifle	human	https://d99n9xvb9513w.cloudfront.net/thumbnails/motions/113000901/static.png
c9c94a11-b96c-11e4-a802-0aaa78deedf9	Prone Left Turn	Turning Left While Prone	human	https://d99n9xvb9513w.cloudfront.net/thumbnails/motions/117510901/static.png
c9c943dc-b96c-11e4-a802-0aaa78deedf9	Prone Left Turn	Turning Left While Prone Game Blend	human	https://d99n9xvb9513w.cloudfront.net/thumbnails/motions/117510902/static.png
c9c87673-b96c-11e4-a802-0aaa78deedf9	Prone Reloading	Reloading Rifle In Prone	human	https://d99n9xvb9513w.cloudfront.net/thumbnails/motions/115780901/static.png
c9c944a4-b96c-11e4-a802-0aaa78deedf9	Prone Right Turn	Turning Right While Prone	human	https://d99n9xvb9513w.cloudfront.net/thumbnails/motions/117520901/static.png
c9c93b5c-b96c-11e4-a802-0aaa78deedf9	Prone Right Turn	Turning Right While Prone Game Blend	human	https://d99n9xvb9513w.cloudfront.net/thumbnails/motions/117520902/static.png
c9c86fc2-b96c-11e4-a802-0aaa78deedf9	Prone Roll	Rifle Prone Rolling Right	human	https://d99n9xvb9513w.cloudfront.net/thumbnails/motions/115800901/static.png
c9c9390c-b96c-11e4-a802-0aaa78deedf9	Prone Roll	Rifle Prone Rolling Right Game Blend	human	https://d99n9xvb9513w.cloudfront.net/thumbnails/motions/115800902/static.png
c9c8772f-b96c-11e4-a802-0aaa78deedf9	Prone To Crouch Transition	Transition From Prone To Crouch	human	https://d99n9xvb9513w.cloudfront.net/thumbnails/motions/115820901/static.png
c9c9aef0-b96c-11e4-a802-0aaa78deedf9	Pull Heavy Object	Pulling A Heavy Object	human	https://d99n9xvb9513w.cloudfront.net/thumbnails/motions/118360901/static.png
c9c9b139-b96c-11e4-a802-0aaa78deedf9	Pull Heavy Object Start	Start To Pull A Heavy Object	human	https://d99n9xvb9513w.cloudfront.net/thumbnails/motions/118360902/static.png
c9c9b37a-b96c-11e4-a802-0aaa78deedf9	Pull Heavy Object Stop	Stop Pulling A Heavy Object	human	https://d99n9xvb9513w.cloudfront.net/thumbnails/motions/118360903/static.png
c9c8a4a8-b96c-11e4-a802-0aaa78deedf9	Pull Pilot From Seat	Pull Pilot Out Of Seat And Take The Controls	human	https://d99n9xvb9513w.cloudfront.net/thumbnails/motions/135520901/static.png
c9cd9ead-b96c-11e4-a802-0aaa78deedf9	Pull Plant	Kneeling Pulling Up A Plant	human	https://d99n9xvb9513w.cloudfront.net/thumbnails/motions/126810901/static.png
c9cd9de5-b96c-11e4-a802-0aaa78deedf9	Pull Plant	Standing Pulling Up A Plant	human	https://d99n9xvb9513w.cloudfront.net/thumbnails/motions/126800901/static.png
c9c8d41c-b96c-11e4-a802-0aaa78deedf9	Pulled From Seat	Pulled Out Of Pilot Seat	human	https://d99n9xvb9513w.cloudfront.net/thumbnails/motions/135840901/static.png
c9c6fb3e-b96c-11e4-a802-0aaa78deedf9	Pulling A Rope	Mime Pulling A Rope	human	https://d99n9xvb9513w.cloudfront.net/thumbnails/motions/109870901/static.png
c9c8524e-b96c-11e4-a802-0aaa78deedf9	Pulling Lever	Pulling A Lever Down	human	https://d99n9xvb9513w.cloudfront.net/thumbnails/motions/130340901/static.png
c9caf4f2-b96c-11e4-a802-0aaa78deedf9	Punch Combo	Four Punch Combo	human	https://d99n9xvb9513w.cloudfront.net/thumbnails/motions/113830902/static.png
c9c7f118-b96c-11e4-a802-0aaa78deedf9	Punch To Elbow Combo	Vertical Elbow And Solar Plexus Strike	human	https://d99n9xvb9513w.cloudfront.net/thumbnails/motions/113650901/static.png
c9c5f8da-b96c-11e4-a802-0aaa78deedf9	Punching	Cross Punch	human	https://d99n9xvb9513w.cloudfront.net/thumbnails/motions/90009/static.png
c9c5fab8-b96c-11e4-a802-0aaa78deedf9	Punching	Hook Punch With The Rear Hand	human	https://d99n9xvb9513w.cloudfront.net/thumbnails/motions/90013/static.png
c9c5f9cb-b96c-11e4-a802-0aaa78deedf9	Punching	Hook With The Lead Hand	human	https://d99n9xvb9513w.cloudfront.net/thumbnails/motions/90010/static.png
c9c5f7e1-b96c-11e4-a802-0aaa78deedf9	Punching	Jab Punch	human	https://d99n9xvb9513w.cloudfront.net/thumbnails/motions/90007/static.png
c9c7a268-b96c-11e4-a802-0aaa78deedf9	Punching Bag	Various Punches To A Punching Bag	human	https://d99n9xvb9513w.cloudfront.net/thumbnails/motions/113930901/static.png
c9c72e08-b96c-11e4-a802-0aaa78deedf9	Push	Pushing Heavy Object	human	https://d99n9xvb9513w.cloudfront.net/thumbnails/motions/111260901/static.png
c9c74449-b96c-11e4-a802-0aaa78deedf9	Push	Pushing Heavy Object	human	https://d99n9xvb9513w.cloudfront.net/thumbnails/motions/111260902/static.png
c9c9d4a0-b96c-11e4-a802-0aaa78deedf9	Push Start	Start To Push A Heavy Object	human	https://d99n9xvb9513w.cloudfront.net/thumbnails/motions/118350901/static.png
c9c9d793-b96c-11e4-a802-0aaa78deedf9	Push Stop	Stop Pushing A Heavy Object	human	https://d99n9xvb9513w.cloudfront.net/thumbnails/motions/118350903/static.png
c9cac106-b96c-11e4-a802-0aaa78deedf9	Push Up	Basic Push Up	human	https://d99n9xvb9513w.cloudfront.net/thumbnails/motions/119940901/static.png
c9cac28e-b96c-11e4-a802-0aaa78deedf9	Push Up To Idle	Basic Push Up Transition To Fitness Idle	human	https://d99n9xvb9513w.cloudfront.net/thumbnails/motions/119960901/static.png
c9c9d617-b96c-11e4-a802-0aaa78deedf9	Pushing	Pushing A Heavy Object	human	https://d99n9xvb9513w.cloudfront.net/thumbnails/motions/118350902/static.png
c9c857a0-b96c-11e4-a802-0aaa78deedf9	Pushing	Pushing An Object Forward	human	https://d99n9xvb9513w.cloudfront.net/thumbnails/motions/130200901/static.png
c9c6a9f8-b96c-11e4-a802-0aaa78deedf9	Put Back Rifle	Ready Pose To Standing Putting Back The Rifle	human	https://d99n9xvb9513w.cloudfront.net/thumbnails/motions/103530902/static.png
c9c6ac49-b96c-11e4-a802-0aaa78deedf9	Put Back Rifle	Ready Pose To Standing Putting Back The Rifle To The Side	human	https://d99n9xvb9513w.cloudfront.net/thumbnails/motions/103530905/static.png
c9c6ae7b-b96c-11e4-a802-0aaa78deedf9	Put Back Rifle Behind Shoulder	Putting Rifle Away Behind The Shoulder	human	https://d99n9xvb9513w.cloudfront.net/thumbnails/motions/103530908/static.png
c9c6d86d-b96c-11e4-a802-0aaa78deedf9	Putting Down	Putting Down An Object	human	https://d99n9xvb9513w.cloudfront.net/thumbnails/motions/107920903/static.png
c9c7f1df-b96c-11e4-a802-0aaa78deedf9	Quad Punch	Quad Punch Combo	human	https://d99n9xvb9513w.cloudfront.net/thumbnails/motions/113830901/static.png
c9cc2a0c-b96c-11e4-a802-0aaa78deedf9	Quarterback Pass	Quarterback Scramble And Pass	human	https://d99n9xvb9513w.cloudfront.net/thumbnails/motions/110290901/static.png
c9cbcc59-b96c-11e4-a802-0aaa78deedf9	Queshada 1	Capoeira Side Step Front Kick	human	https://d99n9xvb9513w.cloudfront.net/thumbnails/motions/121280901/static.png
c9cbd192-b96c-11e4-a802-0aaa78deedf9	Queshada 2	Capoeira Side Step Front Kick	human	https://d99n9xvb9513w.cloudfront.net/thumbnails/motions/121290901/static.png
c9c8c959-b96c-11e4-a802-0aaa78deedf9	Quick 180 Turn	Quick Right 180 Turn	human	https://d99n9xvb9513w.cloudfront.net/thumbnails/motions/136110901/static.png
c9c9f4bc-b96c-11e4-a802-0aaa78deedf9	Quick Formal Bow	Quick Formal Bow	human	https://d99n9xvb9513w.cloudfront.net/thumbnails/motions/119110901/static.png
c9c9f57a-b96c-11e4-a802-0aaa78deedf9	Quick Informal Bow	Quick Informal Bow	human	https://d99n9xvb9513w.cloudfront.net/thumbnails/motions/119110902/static.png
c9cac657-b96c-11e4-a802-0aaa78deedf9	Quick Roll To Run	Quick Roll Eveade To Run	human	https://d99n9xvb9513w.cloudfront.net/thumbnails/motions/120430901/static.png
c9ce8617-b96c-11e4-a802-0aaa78deedf9	Quick Steps	Sideways Jumps	human	https://d99n9xvb9513w.cloudfront.net/thumbnails/motions/128640907/static.png
c9c723ad-b96c-11e4-a802-0aaa78deedf9	Rallying	Rallying The Crowd To Make Them Cheer	human	https://d99n9xvb9513w.cloudfront.net/thumbnails/motions/110920901/static.png
c9c7f4df-b96c-11e4-a802-0aaa78deedf9	Rapping	MC Rapping On The Microphone	human	https://d99n9xvb9513w.cloudfront.net/thumbnails/motions/112740901/static.png
c9cbd343-b96c-11e4-a802-0aaa78deedf9	Rasteira 1	Capoeira Escape	human	https://d99n9xvb9513w.cloudfront.net/thumbnails/motions/121310901/static.png
c9cbce44-b96c-11e4-a802-0aaa78deedf9	Rasteira 2	Capoeira Escape	human	https://d99n9xvb9513w.cloudfront.net/thumbnails/motions/121300901/static.png
c9c8a6db-b96c-11e4-a802-0aaa78deedf9	Reaching Down	Reaching Down Over A Ledge	human	https://d99n9xvb9513w.cloudfront.net/thumbnails/motions/136040901/static.png
c9ce7dba-b96c-11e4-a802-0aaa78deedf9	Reaching Out	Reaching Out Gesture	human	https://d99n9xvb9513w.cloudfront.net/thumbnails/motions/128630907/static.png
c9c8214a-b96c-11e4-a802-0aaa78deedf9	Reacting	Being Surprised And Looking Right	human	https://d99n9xvb9513w.cloudfront.net/thumbnails/motions/130820901/static.png
c9c60e0e-b96c-11e4-a802-0aaa78deedf9	Reaction	Male Reaction Hit On The Left Side	human	https://d99n9xvb9513w.cloudfront.net/thumbnails/motions/100540901/static.png
c9c60d2e-b96c-11e4-a802-0aaa78deedf9	Reaction	Male Reaction Hit On The Right Side	human	https://d99n9xvb9513w.cloudfront.net/thumbnails/motions/100530901/static.png
c9c6b803-b96c-11e4-a802-0aaa78deedf9	Ready Idle	Ready To Combat To Defensive Idle	human	https://d99n9xvb9513w.cloudfront.net/thumbnails/motions/104210901/static.png
c9cc2f59-b96c-11e4-a802-0aaa78deedf9	Receive	Soccer Idle Chest Receive	human	https://d99n9xvb9513w.cloudfront.net/thumbnails/motions/112480901/static.png
c9c89bdf-b96c-11e4-a802-0aaa78deedf9	Receive Punch To The Face	Receive Stomach Uppercut	human	https://d99n9xvb9513w.cloudfront.net/thumbnails/motions/116900901/static.png
c9cb5926-b96c-11e4-a802-0aaa78deedf9	Receive Soccerball	Receiving A Soccerball And Playing With It	human	https://d99n9xvb9513w.cloudfront.net/thumbnails/motions/120820901/static.png
c9c8976c-b96c-11e4-a802-0aaa78deedf9	Receive Stomach Uppercut	Receive Stomach Uppercut	human	https://d99n9xvb9513w.cloudfront.net/thumbnails/motions/116890901/static.png
c9c90592-b96c-11e4-a802-0aaa78deedf9	Receive Uppercut To The Face	Receive An Uppercut Punch To The Face	human	https://d99n9xvb9513w.cloudfront.net/thumbnails/motions/116910901/static.png
c9cc2acd-b96c-11e4-a802-0aaa78deedf9	Receiver Catch	Receiver Catch On Boundary Line	human	https://d99n9xvb9513w.cloudfront.net/thumbnails/motions/110300901/static.png
c9cb0870-b96c-11e4-a802-0aaa78deedf9	Receiving A Big Uppercut	Getting Rocked By A Big Uppercut	human	https://d99n9xvb9513w.cloudfront.net/thumbnails/motions/116920902/static.png
c9cb0936-b96c-11e4-a802-0aaa78deedf9	Receiving An Uppercut	Getting Hit By An Uppercut	human	https://d99n9xvb9513w.cloudfront.net/thumbnails/motions/116920903/static.png
c9c95b2f-b96c-11e4-a802-0aaa78deedf9	Receiving Cpr	Receiving Cpr On The Ground	human	https://d99n9xvb9513w.cloudfront.net/thumbnails/motions/115980902/static.png
c9c994dc-b96c-11e4-a802-0aaa78deedf9	Rejected	Being Rejected While Standing	human	https://d99n9xvb9513w.cloudfront.net/thumbnails/motions/117960901/static.png
c9cd0bde-b96c-11e4-a802-0aaa78deedf9	Release Hostage - Hostage	Armed Villain Releasing Hostage	human	https://d99n9xvb9513w.cloudfront.net/thumbnails/motions/124060904/static.png
c9cd0b1e-b96c-11e4-a802-0aaa78deedf9	Release Hostage - Villain	Armed Villain Releasing Hostage	human	https://d99n9xvb9513w.cloudfront.net/thumbnails/motions/124060903/static.png
c9c92112-b96c-11e4-a802-0aaa78deedf9	Relieved Sigh	Sighing In Relief	human	https://d99n9xvb9513w.cloudfront.net/thumbnails/motions/117160901/static.png
c9c86923-b96c-11e4-a802-0aaa78deedf9	Reload	Reload Rifle While In Crouch Position	human	https://d99n9xvb9513w.cloudfront.net/thumbnails/motions/115730901/static.png
c9c8a1be-b96c-11e4-a802-0aaa78deedf9	Reload	Run While Reloading Rifle	human	https://d99n9xvb9513w.cloudfront.net/thumbnails/motions/116660901/static.png
c9c8a337-b96c-11e4-a802-0aaa78deedf9	Reload	Walk While Reloading Rifle	human	https://d99n9xvb9513w.cloudfront.net/thumbnails/motions/116620901/static.png
c9c646a9-b96c-11e4-a802-0aaa78deedf9	Reloading	Gun Reload While Walking	human	https://d99n9xvb9513w.cloudfront.net/thumbnails/motions/101710901/static.png
c9c8939f-b96c-11e4-a802-0aaa78deedf9	Reloading	Reloading Rifle While Standing	human	https://d99n9xvb9513w.cloudfront.net/thumbnails/motions/113030901/static.png
c9c8d597-b96c-11e4-a802-0aaa78deedf9	Removing Driver	Riding Passenger Attempts To Pull Driver Or Pilot Out Of Seat	human	https://d99n9xvb9513w.cloudfront.net/thumbnails/motions/136180901/static.png
c9c8aace-b96c-11e4-a802-0aaa78deedf9	Restrain	Block And Restraining A Larger Person	human	https://d99n9xvb9513w.cloudfront.net/thumbnails/motions/135530901/static.png
c9c78ccd-b96c-11e4-a802-0aaa78deedf9	Revealing Dice	Revealing Dice From Under A Cup	human	https://d99n9xvb9513w.cloudfront.net/thumbnails/motions/113260901/static.png
c9cafa24-b96c-11e4-a802-0aaa78deedf9	Rib Hit	Receiving A Hit In The Ribs	human	https://d99n9xvb9513w.cloudfront.net/thumbnails/motions/116880905/static.png
c9cd54bf-b96c-11e4-a802-0aaa78deedf9	Rifle Aim To Down	Rifle Aiming To Down	human	https://d99n9xvb9513w.cloudfront.net/thumbnails/motions/126040901/static.png
c9cd63d3-b96c-11e4-a802-0aaa78deedf9	Rifle Aim To Kneel	Rifle Aiming And Kneeling	human	https://d99n9xvb9513w.cloudfront.net/thumbnails/motions/126260901/static.png
c9c84492-b96c-11e4-a802-0aaa78deedf9	Rifle Aiming Idle	Rifle Standing Aiming Idle	human	https://d99n9xvb9513w.cloudfront.net/thumbnails/motions/115690901/static.png
c9cd534a-b96c-11e4-a802-0aaa78deedf9	Rifle Backward Run To Stop	Rifle Running Backward To Standing	human	https://d99n9xvb9513w.cloudfront.net/thumbnails/motions/126020901/static.png
c9cd51c9-b96c-11e4-a802-0aaa78deedf9	Rifle Backward Walk To Stop	Rifle Walking Backward To Standing	human	https://d99n9xvb9513w.cloudfront.net/thumbnails/motions/126000901/static.png
c9c6c99a-b96c-11e4-a802-0aaa78deedf9	Rifle Block	Blocking With A Rifle	human	https://d99n9xvb9513w.cloudfront.net/thumbnails/motions/104850901/static.png
c9cd655c-b96c-11e4-a802-0aaa78deedf9	Rifle Crouch Backward Walk	Rifle Walking Backward Crouched	human	https://d99n9xvb9513w.cloudfront.net/thumbnails/motions/126280901/static.png
c9cd6e7e-b96c-11e4-a802-0aaa78deedf9	Rifle Crouch Idle To Walk	Rifle Crouch Idle To Crouch Walk	human	https://d99n9xvb9513w.cloudfront.net/thumbnails/motions/126400901/static.png
c9cd6935-b96c-11e4-a802-0aaa78deedf9	Rifle Crouch Turn	135 Degree Left Turn	human	https://d99n9xvb9513w.cloudfront.net/thumbnails/motions/126330901/static.png
c9cd6c40-b96c-11e4-a802-0aaa78deedf9	Rifle Crouch Turn	135 Degree Right Turn	human	https://d99n9xvb9513w.cloudfront.net/thumbnails/motions/126370901/static.png
c9cd69f9-b96c-11e4-a802-0aaa78deedf9	Rifle Crouch Turn	180 Degree Left Turn	human	https://d99n9xvb9513w.cloudfront.net/thumbnails/motions/126340901/static.png
c9cd6cfe-b96c-11e4-a802-0aaa78deedf9	Rifle Crouch Turn	180 Degree Right Turn	human	https://d99n9xvb9513w.cloudfront.net/thumbnails/motions/126380901/static.png
c9cd67a6-b96c-11e4-a802-0aaa78deedf9	Rifle Crouch Turn	45 Degree Left Turn	human	https://d99n9xvb9513w.cloudfront.net/thumbnails/motions/126310901/static.png
c9cd6ac2-b96c-11e4-a802-0aaa78deedf9	Rifle Crouch Turn	45 Degree Right Turn	human	https://d99n9xvb9513w.cloudfront.net/thumbnails/motions/126350901/static.png
c9cd686a-b96c-11e4-a802-0aaa78deedf9	Rifle Crouch Turn	90 Degree Left Turn	human	https://d99n9xvb9513w.cloudfront.net/thumbnails/motions/126320901/static.png
c9cd6b7e-b96c-11e4-a802-0aaa78deedf9	Rifle Crouch Turn	90 Degree Right Turn	human	https://d99n9xvb9513w.cloudfront.net/thumbnails/motions/126360901/static.png
c9cd649b-b96c-11e4-a802-0aaa78deedf9	Rifle Crouch Walk	Rifle Walking Crouched	human	https://d99n9xvb9513w.cloudfront.net/thumbnails/motions/126270901/static.png
c9cd6623-b96c-11e4-a802-0aaa78deedf9	Rifle Crouch Walk	Rifle Walking Right Crouched	human	https://d99n9xvb9513w.cloudfront.net/thumbnails/motions/126290901/static.png
c9cd6f3d-b96c-11e4-a802-0aaa78deedf9	Rifle Crouch Walk To Idle	Rifle Crouch Walking To Idle	human	https://d99n9xvb9513w.cloudfront.net/thumbnails/motions/126410901/static.png
c9cd6ffc-b96c-11e4-a802-0aaa78deedf9	Rifle Crouch Walk To Kneel	Rifle Crouch Walking To Kneel Idle	human	https://d99n9xvb9513w.cloudfront.net/thumbnails/motions/126420901/static.png
c9c871f6-b96c-11e4-a802-0aaa78deedf9	Rifle Death	Dying Reaction While Standing Holding A Rifle	human	https://d99n9xvb9513w.cloudfront.net/thumbnails/motions/115860901/static.png
c9cd5407-b96c-11e4-a802-0aaa78deedf9	Rifle Down To Aim	Rifle Down To Aiming	human	https://d99n9xvb9513w.cloudfront.net/thumbnails/motions/126030901/static.png
c9cd74a2-b96c-11e4-a802-0aaa78deedf9	Rifle Hit To Back	Rifle Getting Hit To Ground	human	https://d99n9xvb9513w.cloudfront.net/thumbnails/motions/126450901/static.png
c9c6bf49-b96c-11e4-a802-0aaa78deedf9	Rifle Idle	Idle Holding A Rifle While Shaking Legs	human	https://d99n9xvb9513w.cloudfront.net/thumbnails/motions/104320901/static.png
c9c6b8bb-b96c-11e4-a802-0aaa78deedf9	Rifle Idle	Rifle Idle	human	https://d99n9xvb9513w.cloudfront.net/thumbnails/motions/104220901/static.png
c9cd5052-b96c-11e4-a802-0aaa78deedf9	Rifle Idle	Rifle Idle Looking Around	human	https://d99n9xvb9513w.cloudfront.net/thumbnails/motions/125980901/static.png
c9cd4f94-b96c-11e4-a802-0aaa78deedf9	Rifle Idle	Two Hand Lowered Gun Rifle Idle	human	https://d99n9xvb9513w.cloudfront.net/thumbnails/motions/125970901/static.png
c9cd4ed4-b96c-11e4-a802-0aaa78deedf9	Rifle Idle	Two Hand Rifle Idle	human	https://d99n9xvb9513w.cloudfront.net/thumbnails/motions/125960901/static.png
c9cd6dc3-b96c-11e4-a802-0aaa78deedf9	Rifle Idle To Crouch	Rifle Idle To Crouch Walk	human	https://d99n9xvb9513w.cloudfront.net/thumbnails/motions/126390901/static.png
c9c84db9-b96c-11e4-a802-0aaa78deedf9	Rifle Jump	Standing Jumping	human	https://d99n9xvb9513w.cloudfront.net/thumbnails/motions/115880901/static.png
c9c93484-b96c-11e4-a802-0aaa78deedf9	Rifle Jump	Standing Jumping Game Blend	human	https://d99n9xvb9513w.cloudfront.net/thumbnails/motions/115880903/static.png
c9c92527-b96c-11e4-a802-0aaa78deedf9	Rifle Jump In Place	Standing Jumping In Place	human	https://d99n9xvb9513w.cloudfront.net/thumbnails/motions/115880902/static.png
c9cd717c-b96c-11e4-a802-0aaa78deedf9	Rifle Kneel Hit To Back	Rifle Kneeling Getting Hit To Back	human	https://d99n9xvb9513w.cloudfront.net/thumbnails/motions/126460901/static.png
c9cd79d4-b96c-11e4-a802-0aaa78deedf9	Rifle Kneel Idle	Rifle Kneeling Idle	human	https://d99n9xvb9513w.cloudfront.net/thumbnails/motions/126540901/static.png
c9cd6315-b96c-11e4-a802-0aaa78deedf9	Rifle Kneel To Aim	Rifle Kneeling And Aiming	human	https://d99n9xvb9513w.cloudfront.net/thumbnails/motions/126250901/static.png
c9cd6196-b96c-11e4-a802-0aaa78deedf9	Rifle Kneel To Prone	Rifle Kneeling To Prone	human	https://d99n9xvb9513w.cloudfront.net/thumbnails/motions/126230901/static.png
c9cd60ba-b96c-11e4-a802-0aaa78deedf9	Rifle Kneel To Stand	Rifle Kneeling To Standing	human	https://d99n9xvb9513w.cloudfront.net/thumbnails/motions/126220901/static.png
c9c89e21-b96c-11e4-a802-0aaa78deedf9	Rifle Prone Hit Reaction	Rifle Prone Hit Reaction	human	https://d99n9xvb9513w.cloudfront.net/thumbnails/motions/116790901/static.png
c9cd6254-b96c-11e4-a802-0aaa78deedf9	Rifle Prone To Kneel	Rifle Prone To Kneeling	human	https://d99n9xvb9513w.cloudfront.net/thumbnails/motions/126240901/static.png
c9cd57c4-b96c-11e4-a802-0aaa78deedf9	Rifle Pull Out	Pulling Out Rifle	human	https://d99n9xvb9513w.cloudfront.net/thumbnails/motions/126080901/static.png
c9c6c8e0-b96c-11e4-a802-0aaa78deedf9	Rifle Punch	Advancing And Punching With Butt Of A Rifle	human	https://d99n9xvb9513w.cloudfront.net/thumbnails/motions/104840901/static.png
c9cd5708-b96c-11e4-a802-0aaa78deedf9	Rifle Put Away	Putting Rifle Away	human	https://d99n9xvb9513w.cloudfront.net/thumbnails/motions/126070901/static.png
c9cd75ce-b96c-11e4-a802-0aaa78deedf9	Rifle Rubbing Eyes	Rifle Rubbing Debris From Eyes	human	https://d99n9xvb9513w.cloudfront.net/thumbnails/motions/126480901/static.png
c9c814a0-b96c-11e4-a802-0aaa78deedf9	Rifle Run	Running With Rifle Aimed	human	https://d99n9xvb9513w.cloudfront.net/thumbnails/motions/114260901/static.png
c9cd4d5c-b96c-11e4-a802-0aaa78deedf9	Rifle Run	Running With Rifle Down	human	https://d99n9xvb9513w.cloudfront.net/thumbnails/motions/125940901/static.png
c9c8662e-b96c-11e4-a802-0aaa78deedf9	Rifle Run To Dying	Getting Shot While Running With An Aimed Rifle	human	https://d99n9xvb9513w.cloudfront.net/thumbnails/motions/116100901/static.png
c9cd528d-b96c-11e4-a802-0aaa78deedf9	Rifle Run To Stop	Rifle Running To Standing	human	https://d99n9xvb9513w.cloudfront.net/thumbnails/motions/126010901/static.png
c9cd7246-b96c-11e4-a802-0aaa78deedf9	Rifle Shielding Face	Rifle Shielding Face From Debris	human	https://d99n9xvb9513w.cloudfront.net/thumbnails/motions/126470901/static.png
c9cd5581-b96c-11e4-a802-0aaa78deedf9	Rifle Side Step	Rifle Left Side Step	human	https://d99n9xvb9513w.cloudfront.net/thumbnails/motions/126050901/static.png
c9cd5646-b96c-11e4-a802-0aaa78deedf9	Rifle Side Step	Rifle Right Side Step	human	https://d99n9xvb9513w.cloudfront.net/thumbnails/motions/126060901/static.png
c9cd5e7d-b96c-11e4-a802-0aaa78deedf9	Rifle Stand To Kneel	Rifle Standing To Kneeling	human	https://d99n9xvb9513w.cloudfront.net/thumbnails/motions/126210901/static.png
c9c8b89a-b96c-11e4-a802-0aaa78deedf9	Rifle Start Run	Starting To Run With A Aimed Rifle	human	https://d99n9xvb9513w.cloudfront.net/thumbnails/motions/136150901/static.png
c9cd5a01-b96c-11e4-a802-0aaa78deedf9	Rifle Turn	135 Degree Left Turn	human	https://d99n9xvb9513w.cloudfront.net/thumbnails/motions/126110901/static.png
c9cd5d03-b96c-11e4-a802-0aaa78deedf9	Rifle Turn	135 Degree Right Turn	human	https://d99n9xvb9513w.cloudfront.net/thumbnails/motions/126160901/static.png
c9cd5ab9-b96c-11e4-a802-0aaa78deedf9	Rifle Turn	180 Degree Left Turn	human	https://d99n9xvb9513w.cloudfront.net/thumbnails/motions/126120901/static.png
c9cd5dbe-b96c-11e4-a802-0aaa78deedf9	Rifle Turn	180 Degree Right Turn	human	https://d99n9xvb9513w.cloudfront.net/thumbnails/motions/126170901/static.png
c9cd5884-b96c-11e4-a802-0aaa78deedf9	Rifle Turn	45 Degree Left Turn	human	https://d99n9xvb9513w.cloudfront.net/thumbnails/motions/126090901/static.png
c9cd5b7f-b96c-11e4-a802-0aaa78deedf9	Rifle Turn	45 Degree Right Turn	human	https://d99n9xvb9513w.cloudfront.net/thumbnails/motions/126140901/static.png
c9cd5941-b96c-11e4-a802-0aaa78deedf9	Rifle Turn	90 Degree Left Turn	human	https://d99n9xvb9513w.cloudfront.net/thumbnails/motions/126100901/static.png
c9cd5c3e-b96c-11e4-a802-0aaa78deedf9	Rifle Turn	90 Degree Right Turn	human	https://d99n9xvb9513w.cloudfront.net/thumbnails/motions/126150901/static.png
c9cd70bb-b96c-11e4-a802-0aaa78deedf9	Rifle Turn And Kick	Rifle Turn And Kick In Door	human	https://d99n9xvb9513w.cloudfront.net/thumbnails/motions/126440901/static.png
c9cd4bdf-b96c-11e4-a802-0aaa78deedf9	Rifle Walk	Walking With Rifle Down	human	https://d99n9xvb9513w.cloudfront.net/thumbnails/motions/125920901/static.png
c9cd5110-b96c-11e4-a802-0aaa78deedf9	Rifle Walk To Stop	Rifle Walking To Standing	human	https://d99n9xvb9513w.cloudfront.net/thumbnails/motions/125990901/static.png
c9caeedc-b96c-11e4-a802-0aaa78deedf9	Right Block	High Right Block	human	https://d99n9xvb9513w.cloudfront.net/thumbnails/motions/110530904/static.png
c9caf411-b96c-11e4-a802-0aaa78deedf9	Right Block	Low Right Block	human	https://d99n9xvb9513w.cloudfront.net/thumbnails/motions/110580904/static.png
c9c9a2ae-b96c-11e4-a802-0aaa78deedf9	Right Cover Sneak	Right Standing Sneak Behind Cover	human	https://d99n9xvb9513w.cloudfront.net/thumbnails/motions/118280902/static.png
c9caa2b7-b96c-11e4-a802-0aaa78deedf9	Right Cover Sneak	Right Standing Sneak Behind Cover	human	https://d99n9xvb9513w.cloudfront.net/thumbnails/motions/118280906/static.png
c9ca836e-b96c-11e4-a802-0aaa78deedf9	Right Cover Sneak W/ Rifle	Right Standing Sneak Behind Cover W/ Rifle	human	https://d99n9xvb9513w.cloudfront.net/thumbnails/motions/118280904/static.png
c9c9b7c5-b96c-11e4-a802-0aaa78deedf9	Right Hook	Right Hook Punch From Idle	human	https://d99n9xvb9513w.cloudfront.net/thumbnails/motions/118370901/static.png
c9cb0cf9-b96c-11e4-a802-0aaa78deedf9	Right Pivot	High Right Boxing Pivot	human	https://d99n9xvb9513w.cloudfront.net/thumbnails/motions/110390904/static.png
c9cb37b1-b96c-11e4-a802-0aaa78deedf9	Right Pivot	Low Right Boxing Pivot	human	https://d99n9xvb9513w.cloudfront.net/thumbnails/motions/110390905/static.png
c9c9bd67-b96c-11e4-a802-0aaa78deedf9	Right Shimmy	Free Hanging Shimmy Right	human	https://d99n9xvb9513w.cloudfront.net/thumbnails/motions/118520901/static.png
c9c96f9e-b96c-11e4-a802-0aaa78deedf9	Right Strafe	Running Strafe To The Right	human	https://d99n9xvb9513w.cloudfront.net/thumbnails/motions/117760902/static.png
c9c97c58-b96c-11e4-a802-0aaa78deedf9	Right Strafe	Running Strafe To The Right	human	https://d99n9xvb9513w.cloudfront.net/thumbnails/motions/117610902/static.png
c9c985b7-b96c-11e4-a802-0aaa78deedf9	Right Strafe Walk	Walking Strafe To The Right	human	https://d99n9xvb9513w.cloudfront.net/thumbnails/motions/117690902/static.png
c9c96924-b96c-11e4-a802-0aaa78deedf9	Right Strafe Walking	Strafe Walking To The Right	human	https://d99n9xvb9513w.cloudfront.net/thumbnails/motions/117860902/static.png
c9cd1ff7-b96c-11e4-a802-0aaa78deedf9	Right Turn	Female Ninja Right Turn In Place	human	https://d99n9xvb9513w.cloudfront.net/thumbnails/motions/125060901/static.png
c9cd0074-b96c-11e4-a802-0aaa78deedf9	Right Turn	Female Turning Right In Place	human	https://d99n9xvb9513w.cloudfront.net/thumbnails/motions/124650901/static.png
c9c9713c-b96c-11e4-a802-0aaa78deedf9	Right Turn	Standing 180 Right Turn	human	https://d99n9xvb9513w.cloudfront.net/thumbnails/motions/117800902/static.png
c9c974e4-b96c-11e4-a802-0aaa78deedf9	Right Turn	Standing 180 Right Turn Game Blend	human	https://d99n9xvb9513w.cloudfront.net/thumbnails/motions/117800904/static.png
c9c97a12-b96c-11e4-a802-0aaa78deedf9	Right Turn	Standing Right Turn	human	https://d99n9xvb9513w.cloudfront.net/thumbnails/motions/117800906/static.png
c9c98676-b96c-11e4-a802-0aaa78deedf9	Right Turn	Standing Right Turn	human	https://d99n9xvb9513w.cloudfront.net/thumbnails/motions/117640902/static.png
c9c9a1ed-b96c-11e4-a802-0aaa78deedf9	Right Turn	Standing Right Turn	human	https://d99n9xvb9513w.cloudfront.net/thumbnails/motions/118320901/static.png
c9c988bb-b96c-11e4-a802-0aaa78deedf9	Right Turn	Standing Right Turn Game Blend	human	https://d99n9xvb9513w.cloudfront.net/thumbnails/motions/117640904/static.png
c9c9ad5a-b96c-11e4-a802-0aaa78deedf9	Right Turn	Standing Right Turn Sans Rotation	human	https://d99n9xvb9513w.cloudfront.net/thumbnails/motions/118320902/static.png
c9ccca85-b96c-11e4-a802-0aaa78deedf9	Right Turn	Turning Right	human	https://d99n9xvb9513w.cloudfront.net/thumbnails/motions/123620901/static.png
c9cce1ef-b96c-11e4-a802-0aaa78deedf9	Right Turn	Turning Right In A Sad Disposition	human	https://d99n9xvb9513w.cloudfront.net/thumbnails/motions/123790901/static.png
c9c8d1bd-b96c-11e4-a802-0aaa78deedf9	Right Turn	Turning Right With Rifle	human	https://d99n9xvb9513w.cloudfront.net/thumbnails/motions/115900901/static.png
c9c97883-b96c-11e4-a802-0aaa78deedf9	Right Turn 90	Standing Right Turn	human	https://d99n9xvb9513w.cloudfront.net/thumbnails/motions/117800908/static.png
c9c9ef96-b96c-11e4-a802-0aaa78deedf9	Right Turn W/ Briefcase	Female Right Turn With Briefcase	human	https://d99n9xvb9513w.cloudfront.net/thumbnails/motions/118930901/static.png
c9c9ed52-b96c-11e4-a802-0aaa78deedf9	Right Turn W/ Briefcase	Male Right Turn With Briefcase	human	https://d99n9xvb9513w.cloudfront.net/thumbnails/motions/118890901/static.png
c9c79f59-b96c-11e4-a802-0aaa78deedf9	Roar	Belting Out A Load Roar	human	https://d99n9xvb9513w.cloudfront.net/thumbnails/motions/112900901/static.png
c9c739e8-b96c-11e4-a802-0aaa78deedf9	Robot Hip Hop Dance	Robot Hip Hop Dance Variation One	human	https://d99n9xvb9513w.cloudfront.net/thumbnails/motions/108850901/static.png
c9c7a3e0-b96c-11e4-a802-0aaa78deedf9	Rockin' Shackle A	Grab Attacker Then Twist Arm And Kick Head	human	https://d99n9xvb9513w.cloudfront.net/thumbnails/motions/113700901/static.png
c9c7a49f-b96c-11e4-a802-0aaa78deedf9	Rockin' Shackle B	Attempt To Stab Then Get Beat Down	human	https://d99n9xvb9513w.cloudfront.net/thumbnails/motions/113700902/static.png
c9c8d041-b96c-11e4-a802-0aaa78deedf9	Roll Kicking	Roll Kick Landing On Hands And Knees	human	https://d99n9xvb9513w.cloudfront.net/thumbnails/motions/135980901/static.png
c9c86aa4-b96c-11e4-a802-0aaa78deedf9	Roll Left	Rolling Left While Aiming Rifle	human	https://d99n9xvb9513w.cloudfront.net/thumbnails/motions/115790901/static.png
c9c9318a-b96c-11e4-a802-0aaa78deedf9	Roll Left	Rolling Left While Aiming Rifle Game Blend	human	https://d99n9xvb9513w.cloudfront.net/thumbnails/motions/115790902/static.png
c9c670f2-b96c-11e4-a802-0aaa78deedf9	Rope Climb	Climbing A Rope Without Using Legs	human	https://d99n9xvb9513w.cloudfront.net/thumbnails/motions/102110904/static.png
c9c6703a-b96c-11e4-a802-0aaa78deedf9	Rope Swinging	Male Heroic Rope Swing	human	https://d99n9xvb9513w.cloudfront.net/thumbnails/motions/102110903/static.png
c9c7fc2e-b96c-11e4-a802-0aaa78deedf9	Roundhouse Kick	A Roundhouse Kick To The Side Of An Opponent	human	https://d99n9xvb9513w.cloudfront.net/thumbnails/motions/113640901/static.png
c9c63db2-b96c-11e4-a802-0aaa78deedf9	Roundhouse Kick	Roundhouse Kick With Front Foot Advancing	human	https://d99n9xvb9513w.cloudfront.net/thumbnails/motions/101500901/static.png
c9c69bd5-b96c-11e4-a802-0aaa78deedf9	Rumba Dancing	Female Rumba Dancing -  Loop	human	https://d99n9xvb9513w.cloudfront.net/thumbnails/motions/102970901/static.png
c9c82832-b96c-11e4-a802-0aaa78deedf9	Rummaging	Reaching To Rummage Through Items	human	https://d99n9xvb9513w.cloudfront.net/thumbnails/motions/130740901/static.png
c9cd1b5d-b96c-11e4-a802-0aaa78deedf9	Run	Female Ninja Run	human	https://d99n9xvb9513w.cloudfront.net/thumbnails/motions/125000901/static.png
c9c72c68-b96c-11e4-a802-0aaa78deedf9	Run	Run Forward Facing Sideways	human	https://d99n9xvb9513w.cloudfront.net/thumbnails/motions/111290901/static.png
c9c9c82c-b96c-11e4-a802-0aaa78deedf9	Run And Swing	Run To Swing To Run	human	https://d99n9xvb9513w.cloudfront.net/thumbnails/motions/118830901/static.png
c9c89b1d-b96c-11e4-a802-0aaa78deedf9	Run And Throw Grenade	Throw Grenade While Running	human	https://d99n9xvb9513w.cloudfront.net/thumbnails/motions/116680901/static.png
c9ccfbe8-b96c-11e4-a802-0aaa78deedf9	Run Arc Left	Female Run Arc Left	human	https://d99n9xvb9513w.cloudfront.net/thumbnails/motions/124590901/static.png
c9ccf5d3-b96c-11e4-a802-0aaa78deedf9	Run Backward	Happy Run Backward	human	https://d99n9xvb9513w.cloudfront.net/thumbnails/motions/124510901/static.png
c9ce8b7b-b96c-11e4-a802-0aaa78deedf9	Run Backward	Rifle Run Backward	human	https://d99n9xvb9513w.cloudfront.net/thumbnails/motions/128620902/static.png
c9ccdfa9-b96c-11e4-a802-0aaa78deedf9	Run Backward	Running Backward In A Sad Disposition	human	https://d99n9xvb9513w.cloudfront.net/thumbnails/motions/123740901/static.png
c9ccf696-b96c-11e4-a802-0aaa78deedf9	Run Backward Arc Right	Happy Run Backward Right Arc	human	https://d99n9xvb9513w.cloudfront.net/thumbnails/motions/124520901/static.png
c9cce068-b96c-11e4-a802-0aaa78deedf9	Run Backward Arc Right	Running Backward Right Arc In A Sad Disposition	human	https://d99n9xvb9513w.cloudfront.net/thumbnails/motions/123750901/static.png
c9ce5f34-b96c-11e4-a802-0aaa78deedf9	Run Backward Arc Right	Running Backward Right Turn While Drunk	human	https://d99n9xvb9513w.cloudfront.net/thumbnails/motions/124460901/static.png
c9ce8f34-b96c-11e4-a802-0aaa78deedf9	Run Backward Left	Rifle Run Backward Left	human	https://d99n9xvb9513w.cloudfront.net/thumbnails/motions/128620907/static.png
c9ce8ffa-b96c-11e4-a802-0aaa78deedf9	Run Backward Right	Rifle Run Backward Right	human	https://d99n9xvb9513w.cloudfront.net/thumbnails/motions/128620908/static.png
c9c89472-b96c-11e4-a802-0aaa78deedf9	Run Backwards	Crouch To Run Backwards	human	https://d99n9xvb9513w.cloudfront.net/thumbnails/motions/115940902/static.png
c9c88e27-b96c-11e4-a802-0aaa78deedf9	Run Backwards	Run Backwards To Crouched Stop	human	https://d99n9xvb9513w.cloudfront.net/thumbnails/motions/115950902/static.png
c9c892df-b96c-11e4-a802-0aaa78deedf9	Run Backwards	Run Backwards To Standing	human	https://d99n9xvb9513w.cloudfront.net/thumbnails/motions/115950901/static.png
c9c86c17-b96c-11e4-a802-0aaa78deedf9	Run Backwards	Running Backwards While Aiming Rifle	human	https://d99n9xvb9513w.cloudfront.net/thumbnails/motions/115830901/static.png
c9c89222-b96c-11e4-a802-0aaa78deedf9	Run Backwards	Standing Start To Run Backwards	human	https://d99n9xvb9513w.cloudfront.net/thumbnails/motions/115940901/static.png
c9ccfb22-b96c-11e4-a802-0aaa78deedf9	Run Forward	Female Run Forward	human	https://d99n9xvb9513w.cloudfront.net/thumbnails/motions/124580901/static.png
c9ccf1f8-b96c-11e4-a802-0aaa78deedf9	Run Forward	Happy Run Forward	human	https://d99n9xvb9513w.cloudfront.net/thumbnails/motions/123870901/static.png
c9ce8798-b96c-11e4-a802-0aaa78deedf9	Run Forward	Rifle Run Forward	human	https://d99n9xvb9513w.cloudfront.net/thumbnails/motions/128620901/static.png
c9ccde24-b96c-11e4-a802-0aaa78deedf9	Run Forward	Running Forward In A Sad Disposition	human	https://d99n9xvb9513w.cloudfront.net/thumbnails/motions/123710901/static.png
c9ccdeef-b96c-11e4-a802-0aaa78deedf9	Run Forward Arc Left	Running Left Arc In A Sad Disposition	human	https://d99n9xvb9513w.cloudfront.net/thumbnails/motions/123730901/static.png
c9ccf2b8-b96c-11e4-a802-0aaa78deedf9	Run Forward Arc Right	Happy Run Forward Right Arc	human	https://d99n9xvb9513w.cloudfront.net/thumbnails/motions/123880901/static.png
c9ce8e76-b96c-11e4-a802-0aaa78deedf9	Run Forward Left	Rifle Run Forward Left	human	https://d99n9xvb9513w.cloudfront.net/thumbnails/motions/128620906/static.png
c9ce8db2-b96c-11e4-a802-0aaa78deedf9	Run Forward Right	Rifle Run Forward Right	human	https://d99n9xvb9513w.cloudfront.net/thumbnails/motions/128620905/static.png
c9ce8c37-b96c-11e4-a802-0aaa78deedf9	Run Left	Rifle Run Left	human	https://d99n9xvb9513w.cloudfront.net/thumbnails/motions/128620903/static.png
c9ce7839-b96c-11e4-a802-0aaa78deedf9	Run Look Back	Running Looking Back	human	https://d99n9xvb9513w.cloudfront.net/thumbnails/motions/128630902/static.png
c9ce8cf6-b96c-11e4-a802-0aaa78deedf9	Run Right	Rifle Run Right	human	https://d99n9xvb9513w.cloudfront.net/thumbnails/motions/128620904/static.png
c9c9511f-b96c-11e4-a802-0aaa78deedf9	Run Strafing Jump	Jumping While Run Strafing Right	human	https://d99n9xvb9513w.cloudfront.net/thumbnails/motions/117410901/static.png
c9ce7cd1-b96c-11e4-a802-0aaa78deedf9	Run To Dive	Diving From A Run Pose	human	https://d99n9xvb9513w.cloudfront.net/thumbnails/motions/128630906/static.png
c9c9bf01-b96c-11e4-a802-0aaa78deedf9	Run To Flip	Running To Flip Off Wall	human	https://d99n9xvb9513w.cloudfront.net/thumbnails/motions/118810901/static.png
c9cac590-b96c-11e4-a802-0aaa78deedf9	Run To Rolling	Run Ro Roll Eveade To Run	human	https://d99n9xvb9513w.cloudfront.net/thumbnails/motions/120410901/static.png
c9c952ac-b96c-11e4-a802-0aaa78deedf9	Run To Stop	Crouched Run To A Crouched Stop	human	https://d99n9xvb9513w.cloudfront.net/thumbnails/motions/117530901/static.png
c9c9a5a7-b96c-11e4-a802-0aaa78deedf9	Run To Stop	Fast Stop From Full Run	human	https://d99n9xvb9513w.cloudfront.net/thumbnails/motions/118840901/static.png
c9c8276d-b96c-11e4-a802-0aaa78deedf9	Run To Stop	Run To Stop Against Object	human	https://d99n9xvb9513w.cloudfront.net/thumbnails/motions/130650901/static.png
c9c9e46f-b96c-11e4-a802-0aaa78deedf9	Run With Sword	Running With A Sword In The Right Hand	human	https://d99n9xvb9513w.cloudfront.net/thumbnails/motions/116470901/static.png
c9c81fce-b96c-11e4-a802-0aaa78deedf9	Running	Action Move Running And Rolling	human	https://d99n9xvb9513w.cloudfront.net/thumbnails/motions/130030901/static.png
c9c610bc-b96c-11e4-a802-0aaa78deedf9	Running	Male Weighted Run	human	https://d99n9xvb9513w.cloudfront.net/thumbnails/motions/100600901/static.png
c9c97657-b96c-11e4-a802-0aaa78deedf9	Running	Running Forward Quickly	human	https://d99n9xvb9513w.cloudfront.net/thumbnails/motions/117750901/static.png
c9c97eca-b96c-11e4-a802-0aaa78deedf9	Running	Running Forward Quickly	human	https://d99n9xvb9513w.cloudfront.net/thumbnails/motions/117600901/static.png
c9c6cb0d-b96c-11e4-a802-0aaa78deedf9	Running	Running Leaning Back Or Forth	human	https://d99n9xvb9513w.cloudfront.net/thumbnails/motions/105940901/static.png
c9c83b2a-b96c-11e4-a802-0aaa78deedf9	Running	Running While Carrying Someone	human	https://d99n9xvb9513w.cloudfront.net/thumbnails/motions/130860901/static.png
c9c99715-b96c-11e4-a802-0aaa78deedf9	Running	Running With Intention	human	https://d99n9xvb9513w.cloudfront.net/thumbnails/motions/118090901/static.png
c9c8222d-b96c-11e4-a802-0aaa78deedf9	Running	Silly Run	human	https://d99n9xvb9513w.cloudfront.net/thumbnails/motions/130910901/static.png
c9c83790-b96c-11e4-a802-0aaa78deedf9	Running	Turn To Silly Run Away	human	https://d99n9xvb9513w.cloudfront.net/thumbnails/motions/130800901/static.png
c9cd1c1f-b96c-11e4-a802-0aaa78deedf9	Running Arc	Female Ninja Run Arc Left	human	https://d99n9xvb9513w.cloudfront.net/thumbnails/motions/125010901/static.png
c9cd1ce1-b96c-11e4-a802-0aaa78deedf9	Running Arc	Female Ninja Run Arc Right	human	https://d99n9xvb9513w.cloudfront.net/thumbnails/motions/125020901/static.png
c9ccc765-b96c-11e4-a802-0aaa78deedf9	Running Backward	Backwards Running	human	https://d99n9xvb9513w.cloudfront.net/thumbnails/motions/123590901/static.png
c9cd1da9-b96c-11e4-a802-0aaa78deedf9	Running Backward	Female Ninja Run Backward	human	https://d99n9xvb9513w.cloudfront.net/thumbnails/motions/125030901/static.png
c9ccfcab-b96c-11e4-a802-0aaa78deedf9	Running Backward	Female Run Backward	human	https://d99n9xvb9513w.cloudfront.net/thumbnails/motions/124600901/static.png
c9cd1f33-b96c-11e4-a802-0aaa78deedf9	Running Backward Arc	Female Ninja Run Backward Arc Left	human	https://d99n9xvb9513w.cloudfront.net/thumbnails/motions/125050901/static.png
c9cd1e71-b96c-11e4-a802-0aaa78deedf9	Running Backward Arc	Female Ninja Run Backward Arc Right	human	https://d99n9xvb9513w.cloudfront.net/thumbnails/motions/125040901/static.png
c9ccfd67-b96c-11e4-a802-0aaa78deedf9	Running Backward Arc	Female Run Backward Arc	human	https://d99n9xvb9513w.cloudfront.net/thumbnails/motions/124610901/static.png
c9cca748-b96c-11e4-a802-0aaa78deedf9	Running Crawl	Running On All Fours	human	https://d99n9xvb9513w.cloudfront.net/thumbnails/motions/123330901/static.png
c9c87dd0-b96c-11e4-a802-0aaa78deedf9	Running Dive Roll	Rifle Run Dive Roll To Stopped	human	https://d99n9xvb9513w.cloudfront.net/thumbnails/motions/114480901/static.png
c9c9e994-b96c-11e4-a802-0aaa78deedf9	Running Forward Flip	Doing A Forward Flip While Running	human	https://d99n9xvb9513w.cloudfront.net/thumbnails/motions/118390901/static.png
c9c8fc30-b96c-11e4-a802-0aaa78deedf9	Running Jump	Fast Run To Jump Up Onto Higher Level	human	https://d99n9xvb9513w.cloudfront.net/thumbnails/motions/136430901/static.png
c9c81bb4-b96c-11e4-a802-0aaa78deedf9	Running Jump	Jumping From A Sprint	human	https://d99n9xvb9513w.cloudfront.net/thumbnails/motions/115660901/static.png
c9ccc6a1-b96c-11e4-a802-0aaa78deedf9	Running Right Turn	Turning Right While Running	human	https://d99n9xvb9513w.cloudfront.net/thumbnails/motions/123580901/static.png
c9ca55d5-b96c-11e4-a802-0aaa78deedf9	Running Slide	Running To Slide And Back To Running	human	https://d99n9xvb9513w.cloudfront.net/thumbnails/motions/119710901/static.png
c9c8f9a7-b96c-11e4-a802-0aaa78deedf9	Running Tired	Running Tired To Dizzy	human	https://d99n9xvb9513w.cloudfront.net/thumbnails/motions/137850901/static.png
c9c8a27e-b96c-11e4-a802-0aaa78deedf9	Running To Stop	Stop Running To Aiming Rifle Idle	human	https://d99n9xvb9513w.cloudfront.net/thumbnails/motions/115970901/static.png
c9c8d7db-b96c-11e4-a802-0aaa78deedf9	Running To Turn	Fast Run To 180 Degree Turn	human	https://d99n9xvb9513w.cloudfront.net/thumbnails/motions/136450901/static.png
c9c9a4ed-b96c-11e4-a802-0aaa78deedf9	Running Turn 180	Turning 180 Degrees While Running	human	https://d99n9xvb9513w.cloudfront.net/thumbnails/motions/118340901/static.png
c9ccaa5c-b96c-11e4-a802-0aaa78deedf9	Running Up Stairs	Running Up Stairs	human	https://d99n9xvb9513w.cloudfront.net/thumbnails/motions/123370901/static.png
c9cccdb4-b96c-11e4-a802-0aaa78deedf9	Sad Idle	Sad Idle Variation 1	human	https://d99n9xvb9513w.cloudfront.net/thumbnails/motions/123780901/static.png
c9ccce75-b96c-11e4-a802-0aaa78deedf9	Sad Idle	Sad Idle Variation 2	human	https://d99n9xvb9513w.cloudfront.net/thumbnails/motions/123780902/static.png
c9cce12b-b96c-11e4-a802-0aaa78deedf9	Sad Idle	Standing In A Sad Disposition	human	https://d99n9xvb9513w.cloudfront.net/thumbnails/motions/123770901/static.png
c9ccdb25-b96c-11e4-a802-0aaa78deedf9	Sad Walk	Walking Forward In A Sad Disposition	human	https://d99n9xvb9513w.cloudfront.net/thumbnails/motions/123650901/static.png
c9c662bf-b96c-11e4-a802-0aaa78deedf9	Salsa Dancing	Female Salsa Dancing	human	https://d99n9xvb9513w.cloudfront.net/thumbnails/motions/101960908/static.png
c9c73579-b96c-11e4-a802-0aaa78deedf9	Salsa Dancing	Male Partner Salsa Variation Five	human	https://d99n9xvb9513w.cloudfront.net/thumbnails/motions/109540901/static.png
c9c73fd8-b96c-11e4-a802-0aaa78deedf9	Salsa Dancing	Male Partner Salsa Variation One	human	https://d99n9xvb9513w.cloudfront.net/thumbnails/motions/109500901/static.png
c9c733fc-b96c-11e4-a802-0aaa78deedf9	Salsa Dancing	Male Partner Salsa Variation Two	human	https://d99n9xvb9513w.cloudfront.net/thumbnails/motions/109510901/static.png
c9c73f13-b96c-11e4-a802-0aaa78deedf9	Salsa Dancing	Male Salsa Variation Eight	human	https://d99n9xvb9513w.cloudfront.net/thumbnails/motions/109490901/static.png
c9c6e910-b96c-11e4-a802-0aaa78deedf9	Salsa Dancing	Salsa Dance Variation Five	human	https://d99n9xvb9513w.cloudfront.net/thumbnails/motions/108740901/static.png
c9c76c4d-b96c-11e4-a802-0aaa78deedf9	Salsa Dancing	Salsa Dancing Double Twirl	human	https://d99n9xvb9513w.cloudfront.net/thumbnails/motions/109460905/static.png
c9c766de-b96c-11e4-a802-0aaa78deedf9	Salsa Dancing	Salsa Dancing Side To Side	human	https://d99n9xvb9513w.cloudfront.net/thumbnails/motions/109460903/static.png
c9c769f9-b96c-11e4-a802-0aaa78deedf9	Salsa Dancing	Salsa Dancing Twirl And Clap	human	https://d99n9xvb9513w.cloudfront.net/thumbnails/motions/109460904/static.png
c9c76614-b96c-11e4-a802-0aaa78deedf9	Salsa Dancing	Salsa Dancing Up And Back	human	https://d99n9xvb9513w.cloudfront.net/thumbnails/motions/109460902/static.png
c9cb0ab6-b96c-11e4-a802-0aaa78deedf9	Salute	Formal Military Salute	human	https://d99n9xvb9513w.cloudfront.net/thumbnails/motions/120580901/static.png
c9c6f519-b96c-11e4-a802-0aaa78deedf9	Samba Dancing	Afoxe Samba Reggae Dance	human	https://d99n9xvb9513w.cloudfront.net/thumbnails/motions/109280901/static.png
c9c6dfed-b96c-11e4-a802-0aaa78deedf9	Samba Dancing	Defile De Samba Parade Variation	human	https://d99n9xvb9513w.cloudfront.net/thumbnails/motions/108640901/static.png
c9c74096-b96c-11e4-a802-0aaa78deedf9	Samba Dancing	Female Fast Samba Enredo Variation Two	human	https://d99n9xvb9513w.cloudfront.net/thumbnails/motions/109290901/static.png
c9c731b3-b96c-11e4-a802-0aaa78deedf9	Samba Dancing	Female Samba Ijexa Break	human	https://d99n9xvb9513w.cloudfront.net/thumbnails/motions/109420901/static.png
c9c742cb-b96c-11e4-a802-0aaa78deedf9	Samba Dancing	Female Samba Pagode Variation Five- Loop	human	https://d99n9xvb9513w.cloudfront.net/thumbnails/motions/109380901/static.png
c9c6e81b-b96c-11e4-a802-0aaa78deedf9	Samba Dancing	Samba Dance Olodum Variation Two	human	https://d99n9xvb9513w.cloudfront.net/thumbnails/motions/108730901/static.png
c9c70a8d-b96c-11e4-a802-0aaa78deedf9	Samba Dancing	Samba Funky Pocoto Variation 1	human	https://d99n9xvb9513w.cloudfront.net/thumbnails/motions/109320901/static.png
c9c709c6-b96c-11e4-a802-0aaa78deedf9	Samba Dancing	Samba Gandy Variation 1	human	https://d99n9xvb9513w.cloudfront.net/thumbnails/motions/109400901/static.png
c9c909bc-b96c-11e4-a802-0aaa78deedf9	Sarcastic Head Nod	Sarcastically Nodding Head Yes	human	https://d99n9xvb9513w.cloudfront.net/thumbnails/motions/117110901/static.png
c9c77b46-b96c-11e4-a802-0aaa78deedf9	Scared	Surprised Jumping Out Of Seat	human	https://d99n9xvb9513w.cloudfront.net/thumbnails/motions/112880901/static.png
c9c6c17a-b96c-11e4-a802-0aaa78deedf9	Scary Clown Idle	Scary Clown Ready Idle	human	https://d99n9xvb9513w.cloudfront.net/thumbnails/motions/104380901/static.png
c9c6c237-b96c-11e4-a802-0aaa78deedf9	Scary Clown Start Walking	Scary Clown Start Walking	human	https://d99n9xvb9513w.cloudfront.net/thumbnails/motions/104380902/static.png
c9c6c3b6-b96c-11e4-a802-0aaa78deedf9	Scary Clown Stopping	Walking Coming To A Stop From Left Foot Passing	human	https://d99n9xvb9513w.cloudfront.net/thumbnails/motions/104380905/static.png
c9c6c471-b96c-11e4-a802-0aaa78deedf9	Scary Clown Stopping	Walking Coming To A Stop From Right Foot Passing	human	https://d99n9xvb9513w.cloudfront.net/thumbnails/motions/104380906/static.png
c9c6c2f6-b96c-11e4-a802-0aaa78deedf9	Scary Clown Walk	Scary Clown Walk	human	https://d99n9xvb9513w.cloudfront.net/thumbnails/motions/104380903/static.png
c9c69a9f-b96c-11e4-a802-0aaa78deedf9	Scary Clown Walk	Scary Clown Walking And Aiming	human	https://d99n9xvb9513w.cloudfront.net/thumbnails/motions/102930901/static.png
c9cc9e6d-b96c-11e4-a802-0aaa78deedf9	Scissor Kick	Soccer Scissor Kick To Goal	human	https://d99n9xvb9513w.cloudfront.net/thumbnails/motions/123190901/static.png
c9ca0631-b96c-11e4-a802-0aaa78deedf9	Searching Files High	Searching The Top Drawer Of A File Cabinet	human	https://d99n9xvb9513w.cloudfront.net/thumbnails/motions/119280901/static.png
c9c965bb-b96c-11e4-a802-0aaa78deedf9	Searching Pockets	Searching Front And Back Pockets	human	https://d99n9xvb9513w.cloudfront.net/thumbnails/motions/130750901/static.png
c9c7972b-b96c-11e4-a802-0aaa78deedf9	Seated Idle	Seated Idle With Hands On A Table	human	https://d99n9xvb9513w.cloudfront.net/thumbnails/motions/113330901/static.png
c9ca0874-b96c-11e4-a802-0aaa78deedf9	Sending Fax	Male Using A Fax Machine	human	https://d99n9xvb9513w.cloudfront.net/thumbnails/motions/119310901/static.png
c9cd8a76-b96c-11e4-a802-0aaa78deedf9	Shake Fist	Vexed Shaking Of The Fist	human	https://d99n9xvb9513w.cloudfront.net/thumbnails/motions/126670901/static.png
c9cd97a1-b96c-11e4-a802-0aaa78deedf9	Shake Gesture	Big Vegas Shaking Gesturing	human	https://d99n9xvb9513w.cloudfront.net/thumbnails/motions/127380901/static.png
c9c79673-b96c-11e4-a802-0aaa78deedf9	Shaking Dice	Collecting Dice In Cup And Shaking Them	human	https://d99n9xvb9513w.cloudfront.net/thumbnails/motions/113240901/static.png
c9c9f343-b96c-11e4-a802-0aaa78deedf9	Shaking Hands 1	2 People Shaking Hands Part 1 -  Female	human	https://d99n9xvb9513w.cloudfront.net/thumbnails/motions/119070901/static.png
c9c9f403-b96c-11e4-a802-0aaa78deedf9	Shaking Hands 2	2 People Shaking Hands Part 2 -  Male	human	https://d99n9xvb9513w.cloudfront.net/thumbnails/motions/119070902/static.png
c9c90b3c-b96c-11e4-a802-0aaa78deedf9	Shaking Head No	Shaking Head No Dismissively	human	https://d99n9xvb9513w.cloudfront.net/thumbnails/motions/117080901/static.png
c9cd8b3a-b96c-11e4-a802-0aaa78deedf9	Shaking It Off	Shaking It Off In Relief	human	https://d99n9xvb9513w.cloudfront.net/thumbnails/motions/126680901/static.png
c9ccc0b3-b96c-11e4-a802-0aaa78deedf9	Sheath A Great Sword 1	Transition From Idle To Sheathing A Great Sword	human	https://d99n9xvb9513w.cloudfront.net/thumbnails/motions/123290901/static.png
c9ccbff5-b96c-11e4-a802-0aaa78deedf9	Sheath A Great Sword 2	Transition From Idle To Sheathing A Great Sword	human	https://d99n9xvb9513w.cloudfront.net/thumbnails/motions/123290902/static.png
c9ccbe7e-b96c-11e4-a802-0aaa78deedf9	Sheath Sword 1	Combat To Sheathing Sword	human	https://d99n9xvb9513w.cloudfront.net/thumbnails/motions/123270901/static.png
c9ccbf3a-b96c-11e4-a802-0aaa78deedf9	Sheath Sword 2	Sheath Pose To Standing	human	https://d99n9xvb9513w.cloudfront.net/thumbnails/motions/123270902/static.png
c9c9e3b2-b96c-11e4-a802-0aaa78deedf9	Sheathing Sword	Sheathing A Sword	human	https://d99n9xvb9513w.cloudfront.net/thumbnails/motions/115270902/static.png
c9c8847c-b96c-11e4-a802-0aaa78deedf9	Shoot Rifle	Running While Firing Rifle	human	https://d99n9xvb9513w.cloudfront.net/thumbnails/motions/116670901/static.png
c9c840de-b96c-11e4-a802-0aaa78deedf9	Shooting	Firing A Gun	human	https://d99n9xvb9513w.cloudfront.net/thumbnails/motions/130780901/static.png
c9c76e97-b96c-11e4-a802-0aaa78deedf9	Shooting Arrow	Shooting With Bow And Arrow	human	https://d99n9xvb9513w.cloudfront.net/thumbnails/motions/112390901/static.png
c9c76d0a-b96c-11e4-a802-0aaa78deedf9	Shooting Gun	Shooting Handgun	human	https://d99n9xvb9513w.cloudfront.net/thumbnails/motions/112400901/static.png
c9c81565-b96c-11e4-a802-0aaa78deedf9	Shooting Pistol	Shooting A Pistol From Behind Cover	human	https://d99n9xvb9513w.cloudfront.net/thumbnails/motions/115050901/static.png
c9c73276-b96c-11e4-a802-0aaa78deedf9	Shopping Cart Dance	Shopping Cart Silly Dance	human	https://d99n9xvb9513w.cloudfront.net/thumbnails/motions/109090901/static.png
c9cae5a2-b96c-11e4-a802-0aaa78deedf9	Short Left Side Step	Short Left Boxing Side Step	human	https://d99n9xvb9513w.cloudfront.net/thumbnails/motions/110490902/static.png
c9cae7e9-b96c-11e4-a802-0aaa78deedf9	Short Right Side Step	Short Right Boxing Side Step	human	https://d99n9xvb9513w.cloudfront.net/thumbnails/motions/110510902/static.png
c9cb50af-b96c-11e4-a802-0aaa78deedf9	Short Step Forward	Short Boxing Step Forward	human	https://d99n9xvb9513w.cloudfront.net/thumbnails/motions/110520903/static.png
c9c8f331-b96c-11e4-a802-0aaa78deedf9	Shoulder Hit And Fall	Hit In The Shoulder And Falls To The Ground	human	https://d99n9xvb9513w.cloudfront.net/thumbnails/motions/136510901/static.png
c9c921db-b96c-11e4-a802-0aaa78deedf9	Shoulder Rubbing	Rubbing A Shoulder	human	https://d99n9xvb9513w.cloudfront.net/thumbnails/motions/117250901/static.png
c9c7a795-b96c-11e4-a802-0aaa78deedf9	Shoulder Throw, Aggressor	Throwing Opponent Over The Shoulder With A Leg Hook	human	https://d99n9xvb9513w.cloudfront.net/thumbnails/motions/113680901/static.png
c9c7a914-b96c-11e4-a802-0aaa78deedf9	Shoulder Throw, Victim	Thrown Over The Shoulder With A Leg Hook By An Aggressor	human	https://d99n9xvb9513w.cloudfront.net/thumbnails/motions/113680902/static.png
c9c68871-b96c-11e4-a802-0aaa78deedf9	Shove Reaction	Getting Shoved While Walking	human	https://d99n9xvb9513w.cloudfront.net/thumbnails/motions/102440901/static.png
c9c687a7-b96c-11e4-a802-0aaa78deedf9	Shove Reaction	Standing Reaction To Shove	human	https://d99n9xvb9513w.cloudfront.net/thumbnails/motions/102430901/static.png
c9c8d359-b96c-11e4-a802-0aaa78deedf9	Shoved	Reacting To Being Shoved While Piloting	human	https://d99n9xvb9513w.cloudfront.net/thumbnails/motions/135750901/static.png
c9c68950-b96c-11e4-a802-0aaa78deedf9	Shoved Reaction With Spin	Reaction To Getting Clipped While Walking Unaware	human	https://d99n9xvb9513w.cloudfront.net/thumbnails/motions/102450901/static.png
c9c69537-b96c-11e4-a802-0aaa78deedf9	Shrugging	Shoulder Shrug	human	https://d99n9xvb9513w.cloudfront.net/thumbnails/motions/102860905/static.png
c9cd49a6-b96c-11e4-a802-0aaa78deedf9	Shuffling	Doing The Shuffling Dance	human	https://d99n9xvb9513w.cloudfront.net/thumbnails/motions/125680901/static.png
c9cafbc3-b96c-11e4-a802-0aaa78deedf9	Side Hit	Receiving A Hit In The Side	human	https://d99n9xvb9513w.cloudfront.net/thumbnails/motions/116880907/static.png
c9c7f59a-b96c-11e4-a802-0aaa78deedf9	Side Kick	Side Kick	human	https://d99n9xvb9513w.cloudfront.net/thumbnails/motions/113670901/static.png
c9c7ff20-b96c-11e4-a802-0aaa78deedf9	Side Step	Side Step	human	https://d99n9xvb9513w.cloudfront.net/thumbnails/motions/112370901/static.png
c9c65b7c-b96c-11e4-a802-0aaa78deedf9	Silly Dancing	Silly Dancing The Cabbage Patch	human	https://d99n9xvb9513w.cloudfront.net/thumbnails/motions/101920902/static.png
c9c65aac-b96c-11e4-a802-0aaa78deedf9	Silly Dancing	Silly Dancing The Twist	human	https://d99n9xvb9513w.cloudfront.net/thumbnails/motions/101920901/static.png
c9c78618-b96c-11e4-a802-0aaa78deedf9	Singing	Singing While Walking On Stage	human	https://d99n9xvb9513w.cloudfront.net/thumbnails/motions/112750901/static.png
c9c951e5-b96c-11e4-a802-0aaa78deedf9	Single Step Right	Single Step To The Right While Aiming Rifle	human	https://d99n9xvb9513w.cloudfront.net/thumbnails/motions/117490901/static.png
c9ccabe2-b96c-11e4-a802-0aaa78deedf9	Sit To Stand	Sitting To Standing	human	https://d99n9xvb9513w.cloudfront.net/thumbnails/motions/123390901/static.png
c9ccac9a-b96c-11e4-a802-0aaa78deedf9	Sit To Type	Sitting To Typing	human	https://d99n9xvb9513w.cloudfront.net/thumbnails/motions/123400901/static.png
c9c89165-b96c-11e4-a802-0aaa78deedf9	Sitting	Little Girl Sitting On A Bench Swinging Her Legs	human	https://d99n9xvb9513w.cloudfront.net/thumbnails/motions/115440901/static.png
c9c699a5-b96c-11e4-a802-0aaa78deedf9	Sitting	Sit With Fidgeting Feet	human	https://d99n9xvb9513w.cloudfront.net/thumbnails/motions/102890903/static.png
c9ccad56-b96c-11e4-a802-0aaa78deedf9	Sitting	Sitting And Impatiently Waiting	human	https://d99n9xvb9513w.cloudfront.net/thumbnails/motions/123410901/static.png
c9c9ccf9-b96c-11e4-a802-0aaa78deedf9	Sitting	Sitting Cross Legged	human	https://d99n9xvb9513w.cloudfront.net/thumbnails/motions/116560901/static.png
c9c7911a-b96c-11e4-a802-0aaa78deedf9	Sitting	Sitting Down Arms Outside Armrests	human	https://d99n9xvb9513w.cloudfront.net/thumbnails/motions/113280901/static.png
c9c698e8-b96c-11e4-a802-0aaa78deedf9	Sitting	Sitting Looking Side To Side	human	https://d99n9xvb9513w.cloudfront.net/thumbnails/motions/102890902/static.png
c9c6982f-b96c-11e4-a802-0aaa78deedf9	Sitting	Sitting On A Toilet	human	https://d99n9xvb9513w.cloudfront.net/thumbnails/motions/102890901/static.png
c9c914f6-b96c-11e4-a802-0aaa78deedf9	Sitting And Pointing	Sitting And Pointing Forward	human	https://d99n9xvb9513w.cloudfront.net/thumbnails/motions/137520901/static.png
c9cb88ed-b96c-11e4-a802-0aaa78deedf9	Sitting Angry	Sitting Highly Aggravated	human	https://d99n9xvb9513w.cloudfront.net/thumbnails/motions/116250901/static.png
c9cb8a3b-b96c-11e4-a802-0aaa78deedf9	Sitting Angry	Sitting Highly Aggravated	human	https://d99n9xvb9513w.cloudfront.net/thumbnails/motions/116250902/static.png
c9cb8ba0-b96c-11e4-a802-0aaa78deedf9	Sitting Angry	Sitting Slightly Aggravated	human	https://d99n9xvb9513w.cloudfront.net/thumbnails/motions/116250903/static.png
c9cb63ba-b96c-11e4-a802-0aaa78deedf9	Sitting Clap	Sitting Ethusiastic Clap	human	https://d99n9xvb9513w.cloudfront.net/thumbnails/motions/116190902/static.png
c9cb653e-b96c-11e4-a802-0aaa78deedf9	Sitting Clap	Sitting Ethusiastic Clap	human	https://d99n9xvb9513w.cloudfront.net/thumbnails/motions/116190904/static.png
c9cb66c1-b96c-11e4-a802-0aaa78deedf9	Sitting Clap	Sitting Ethusiastic High Clap	human	https://d99n9xvb9513w.cloudfront.net/thumbnails/motions/116190906/static.png
c9cb62f7-b96c-11e4-a802-0aaa78deedf9	Sitting Clap	Sitting Unethusiastic Clap	human	https://d99n9xvb9513w.cloudfront.net/thumbnails/motions/116190901/static.png
c9cb647f-b96c-11e4-a802-0aaa78deedf9	Sitting Clap	Sitting Unethusiastic Clap	human	https://d99n9xvb9513w.cloudfront.net/thumbnails/motions/116190903/static.png
c9cb6602-b96c-11e4-a802-0aaa78deedf9	Sitting Clap	Sitting Unethusiastic High Clap	human	https://d99n9xvb9513w.cloudfront.net/thumbnails/motions/116190905/static.png
c9cbfbb6-b96c-11e4-a802-0aaa78deedf9	Sitting Dazed	Sitting Against A Wall Dazed	human	https://d99n9xvb9513w.cloudfront.net/thumbnails/motions/121470901/static.png
c9c7a55c-b96c-11e4-a802-0aaa78deedf9	Sitting Disapproval	Sitting And Shaking Finger In Disapproval	human	https://d99n9xvb9513w.cloudfront.net/thumbnails/motions/113530901/static.png
c9cb8fef-b96c-11e4-a802-0aaa78deedf9	Sitting Disbelief	Sitting Disbelief With Hands On Head	human	https://d99n9xvb9513w.cloudfront.net/thumbnails/motions/116260902/static.png
c9cb8e7b-b96c-11e4-a802-0aaa78deedf9	Sitting Disbelief	Sitting In Disbelief With Head Back	human	https://d99n9xvb9513w.cloudfront.net/thumbnails/motions/116260901/static.png
c9cb93af-b96c-11e4-a802-0aaa78deedf9	Sitting Disbelief	Sitting In Disbelief With Head Forward	human	https://d99n9xvb9513w.cloudfront.net/thumbnails/motions/116260903/static.png
c9c91a0a-b96c-11e4-a802-0aaa78deedf9	Sitting Dodges	Dodging While Sitting	human	https://d99n9xvb9513w.cloudfront.net/thumbnails/motions/137530901/static.png
c9cb9a91-b96c-11e4-a802-0aaa78deedf9	Sitting Drinking	Having A Seat And Drinking A Canned Beverage	human	https://d99n9xvb9513w.cloudfront.net/thumbnails/motions/120890901/static.png
c9cb6f0d-b96c-11e4-a802-0aaa78deedf9	Sitting Fist Pump	Low Enthusiasm Fist Pump While Sitting	human	https://d99n9xvb9513w.cloudfront.net/thumbnails/motions/116210905/static.png
c9c8ebe2-b96c-11e4-a802-0aaa78deedf9	Sitting Gun Motion	Sitting And Motioning With A Gun	human	https://d99n9xvb9513w.cloudfront.net/thumbnails/motions/137570901/static.png
c9cb9783-b96c-11e4-a802-0aaa78deedf9	Sitting Idle	Sitting In Chair Hands Resting On Thighs	human	https://d99n9xvb9513w.cloudfront.net/thumbnails/motions/116270902/static.png
c9ccd526-b96c-11e4-a802-0aaa78deedf9	Sitting Idle	Sitting On The Floor	human	https://d99n9xvb9513w.cloudfront.net/thumbnails/motions/124240901/static.png
c9ccd5e5-b96c-11e4-a802-0aaa78deedf9	Sitting Idle	Sitting Reclined On The Floor	human	https://d99n9xvb9513w.cloudfront.net/thumbnails/motions/124250901/static.png
c9cb95c1-b96c-11e4-a802-0aaa78deedf9	Sitting Idle	Sitting Still In A Chair	human	https://d99n9xvb9513w.cloudfront.net/thumbnails/motions/116270901/static.png
c9ccab1b-b96c-11e4-a802-0aaa78deedf9	Sitting Idle	Sitting With Breathing Idle	human	https://d99n9xvb9513w.cloudfront.net/thumbnails/motions/123380901/static.png
c9c70079-b96c-11e4-a802-0aaa78deedf9	Sitting Laughing	Sitting While Laughing	human	https://d99n9xvb9513w.cloudfront.net/thumbnails/motions/109810901/static.png
c9c8f597-b96c-11e4-a802-0aaa78deedf9	Sitting Rubbing Arm	Sitting And Rubbing Arm	human	https://d99n9xvb9513w.cloudfront.net/thumbnails/motions/137580901/static.png
c9c8e2c5-b96c-11e4-a802-0aaa78deedf9	Sitting Swinging Weapon	Swinging Melee Weapon While Sitting	human	https://d99n9xvb9513w.cloudfront.net/thumbnails/motions/136410901/static.png
c9cd76b1-b96c-11e4-a802-0aaa78deedf9	Sitting Talking	Sitting And Talking To Another Person	human	https://d99n9xvb9513w.cloudfront.net/thumbnails/motions/126490901/static.png
c9cd7793-b96c-11e4-a802-0aaa78deedf9	Sitting Talking	Sitting And Talking To Another Person	human	https://d99n9xvb9513w.cloudfront.net/thumbnails/motions/126490902/static.png
c9c7f29d-b96c-11e4-a802-0aaa78deedf9	Sitting Thumbs Up	Giving Thumbs Up While Sitting	human	https://d99n9xvb9513w.cloudfront.net/thumbnails/motions/113510901/static.png
c9c792b2-b96c-11e4-a802-0aaa78deedf9	Sitting Victory	Celebrating Victory While Sitting	human	https://d99n9xvb9513w.cloudfront.net/thumbnails/motions/113320901/static.png
c9c8b7de-b96c-11e4-a802-0aaa78deedf9	Sitting Weapon Grab	Grab Melee Weapon While Sitting	human	https://d99n9xvb9513w.cloudfront.net/thumbnails/motions/136380901/static.png
c9c8a61e-b96c-11e4-a802-0aaa78deedf9	Sitting Weapon Strike	Sitting In Vehicle Knock Off Enemy With Pipe	human	https://d99n9xvb9513w.cloudfront.net/thumbnails/motions/136360901/static.png
c9cb7508-b96c-11e4-a802-0aaa78deedf9	Sitting Yell	Short Yell Sitting Back	human	https://d99n9xvb9513w.cloudfront.net/thumbnails/motions/116230901/static.png
c9cb76de-b96c-11e4-a802-0aaa78deedf9	Sitting Yell	Short Yell Sitting Forward	human	https://d99n9xvb9513w.cloudfront.net/thumbnails/motions/116230903/static.png
c9cb760b-b96c-11e4-a802-0aaa78deedf9	Sitting Yell	Short Yell Sitting Up	human	https://d99n9xvb9513w.cloudfront.net/thumbnails/motions/116230902/static.png
c9cb779d-b96c-11e4-a802-0aaa78deedf9	Sitting Yell	Yelling While Sitting Back	human	https://d99n9xvb9513w.cloudfront.net/thumbnails/motions/116230904/static.png
c9cb7918-b96c-11e4-a802-0aaa78deedf9	Sitting Yell	Yelling While Sitting Forward	human	https://d99n9xvb9513w.cloudfront.net/thumbnails/motions/116230906/static.png
c9cb785c-b96c-11e4-a802-0aaa78deedf9	Sitting Yell	Yelling While Sitting Up	human	https://d99n9xvb9513w.cloudfront.net/thumbnails/motions/116230905/static.png
c9cac4cf-b96c-11e4-a802-0aaa78deedf9	Situp To Idle	Situp Transition To Fitness Idle	human	https://d99n9xvb9513w.cloudfront.net/thumbnails/motions/119990901/static.png
c9cac353-b96c-11e4-a802-0aaa78deedf9	Situps	Situps	human	https://d99n9xvb9513w.cloudfront.net/thumbnails/motions/119970901/static.png
c9c779c3-b96c-11e4-a802-0aaa78deedf9	Skateboarding	Skateboard Kick Push	human	https://d99n9xvb9513w.cloudfront.net/thumbnails/motions/112230901/static.png
c9c79a29-b96c-11e4-a802-0aaa78deedf9	Skateboarding	Skateboarding Idle	human	https://d99n9xvb9513w.cloudfront.net/thumbnails/motions/112250901/static.png
c9c86577-b96c-11e4-a802-0aaa78deedf9	Skinning Test	Test Skinning Animation	human	https://d99n9xvb9513w.cloudfront.net/thumbnails/motions/116520901/static.png
c9c6c823-b96c-11e4-a802-0aaa78deedf9	Slash Advance	Slashing Forward With A Bayonet	human	https://d99n9xvb9513w.cloudfront.net/thumbnails/motions/104820901/static.png
c9ccd3a9-b96c-11e4-a802-0aaa78deedf9	Sleeping Idle	Restless Sleeping	human	https://d99n9xvb9513w.cloudfront.net/thumbnails/motions/124220901/static.png
c9ccd46a-b96c-11e4-a802-0aaa78deedf9	Sleeping Idle	Sleeping Deeply	human	https://d99n9xvb9513w.cloudfront.net/thumbnails/motions/124230901/static.png
c9c734bb-b96c-11e4-a802-0aaa78deedf9	Slide Hip Hop Dance	Slide Hip Hop Dance Variation One	human	https://d99n9xvb9513w.cloudfront.net/thumbnails/motions/108870901/static.png
c9c74506-b96c-11e4-a802-0aaa78deedf9	Slide Hip Hop Walk	Slide Hip Hop Walk	human	https://d99n9xvb9513w.cloudfront.net/thumbnails/motions/108870902/static.png
c9c8d0fc-b96c-11e4-a802-0aaa78deedf9	Slipping	Frantically Slip And Fall To Stomach	human	https://d99n9xvb9513w.cloudfront.net/thumbnails/motions/135660901/static.png
c9c6b97b-b96c-11e4-a802-0aaa78deedf9	Slow Jog	Jogging Slowly Varying Angles Of Twist	human	https://d99n9xvb9513w.cloudfront.net/thumbnails/motions/104230901/static.png
c9c6ba36-b96c-11e4-a802-0aaa78deedf9	Slow Jog Backwards	Jogging Slowly In Reverse Varying Angles Of Twist	human	https://d99n9xvb9513w.cloudfront.net/thumbnails/motions/104230902/static.png
c9ce777f-b96c-11e4-a802-0aaa78deedf9	Slow Run	Slow Run Forward	human	https://d99n9xvb9513w.cloudfront.net/thumbnails/motions/128630901/static.png
c9c6c6ad-b96c-11e4-a802-0aaa78deedf9	Smash	Smash With Back Of Rifle Or Staff	human	https://d99n9xvb9513w.cloudfront.net/thumbnails/motions/104760901/static.png
c9c603fd-b96c-11e4-a802-0aaa78deedf9	Smoking	Idle Smoking	human	https://d99n9xvb9513w.cloudfront.net/thumbnails/motions/100380901/static.png
c9c7392c-b96c-11e4-a802-0aaa78deedf9	Snake Hip Hop Dance	Snake Hip Hop Dance	human	https://d99n9xvb9513w.cloudfront.net/thumbnails/motions/109070901/static.png
c9cb2022-b96c-11e4-a802-0aaa78deedf9	Snatch	Ending Snatch Workout To Fitness Idle	human	https://d99n9xvb9513w.cloudfront.net/thumbnails/motions/120160901/static.png
c9cb1f32-b96c-11e4-a802-0aaa78deedf9	Snatch	Snatch Workout	human	https://d99n9xvb9513w.cloudfront.net/thumbnails/motions/120150902/static.png
c9cb1c25-b96c-11e4-a802-0aaa78deedf9	Snatch	Start Snatch Workout From Fitness Idle	human	https://d99n9xvb9513w.cloudfront.net/thumbnails/motions/120150901/static.png
c9cd044a-b96c-11e4-a802-0aaa78deedf9	Sneak Walk	Female Ninja Sneak Walk	human	https://d99n9xvb9513w.cloudfront.net/thumbnails/motions/124670901/static.png
c9cd223d-b96c-11e4-a802-0aaa78deedf9	Sneak Walk	Male Ninja Sneak Walk	human	https://d99n9xvb9513w.cloudfront.net/thumbnails/motions/125110901/static.png
c9c8c6a4-b96c-11e4-a802-0aaa78deedf9	Sneaking Forward	Sneaking Forward Quickly	human	https://d99n9xvb9513w.cloudfront.net/thumbnails/motions/136570901/static.png
c9cc24cc-b96c-11e4-a802-0aaa78deedf9	Soccer Header	Soccer Header In Place	human	https://d99n9xvb9513w.cloudfront.net/thumbnails/motions/101930901/static.png
c9cc2e98-b96c-11e4-a802-0aaa78deedf9	Soccer Idle	Playing With Ball Idle	human	https://d99n9xvb9513w.cloudfront.net/thumbnails/motions/112800901/static.png
c9cc2dce-b96c-11e4-a802-0aaa78deedf9	Soccer Pass	Soccer Pass From Idle Pose	human	https://d99n9xvb9513w.cloudfront.net/thumbnails/motions/112560901/static.png
c9cc258b-b96c-11e4-a802-0aaa78deedf9	Soccer Penalty Kick	Male Soccer Penalty Kick	human	https://d99n9xvb9513w.cloudfront.net/thumbnails/motions/101940901/static.png
c9cc2d10-b96c-11e4-a802-0aaa78deedf9	Soccer Spin	Soccer 360 Spin	human	https://d99n9xvb9513w.cloudfront.net/thumbnails/motions/112810901/static.png
c9cc9cf4-b96c-11e4-a802-0aaa78deedf9	Soccer Tackle	Running Fall Over A Soccer Slide Tackle	human	https://d99n9xvb9513w.cloudfront.net/thumbnails/motions/123170901/static.png
c9cc9f2b-b96c-11e4-a802-0aaa78deedf9	Soccer Tackle	Soccer Slide Tackle	human	https://d99n9xvb9513w.cloudfront.net/thumbnails/motions/123200901/static.png
c9cc9fec-b96c-11e4-a802-0aaa78deedf9	Soccer Tackle	Standing Fall Over A Soccer Slide Tackle	human	https://d99n9xvb9513w.cloudfront.net/thumbnails/motions/123210901/static.png
c9cc9dae-b96c-11e4-a802-0aaa78deedf9	Soccer Trip	Tripping Over A Soccer Tackle	human	https://d99n9xvb9513w.cloudfront.net/thumbnails/motions/123180901/static.png
c9c8a927-b96c-11e4-a802-0aaa78deedf9	Spat In Face	Painfully Getting Spat On In The Face	human	https://d99n9xvb9513w.cloudfront.net/thumbnails/motions/135490901/static.png
c9c77262-b96c-11e4-a802-0aaa78deedf9	Speedbag	Punching A Speedbag	human	https://d99n9xvb9513w.cloudfront.net/thumbnails/motions/112280901/static.png
c9ccbb15-b96c-11e4-a802-0aaa78deedf9	Spell Cast	Spell Casting With A Two Handed Sword	human	https://d99n9xvb9513w.cloudfront.net/thumbnails/motions/123140901/static.png
c9c80157-b96c-11e4-a802-0aaa78deedf9	Spell Casting	Casting A Ressurection Or Summon Spell	human	https://d99n9xvb9513w.cloudfront.net/thumbnails/motions/114830901/static.png
c9caafaa-b96c-11e4-a802-0aaa78deedf9	Spin Flip Kick	Spinning Flip Kick	human	https://d99n9xvb9513w.cloudfront.net/thumbnails/motions/120370901/static.png
c9cd8bfa-b96c-11e4-a802-0aaa78deedf9	Spin In Place	Standing Spin In Place	human	https://d99n9xvb9513w.cloudfront.net/thumbnails/motions/126690901/static.png
c9c6d9f4-b96c-11e4-a802-0aaa78deedf9	Spinning	Body Spin On Staff Tip	human	https://d99n9xvb9513w.cloudfront.net/thumbnails/motions/106610901/static.png
c9c861cc-b96c-11e4-a802-0aaa78deedf9	Spit Reaction	Getting Spit In Face And Drawing Weapon	human	https://d99n9xvb9513w.cloudfront.net/thumbnails/motions/130280901/static.png
c9cbfef5-b96c-11e4-a802-0aaa78deedf9	Sprint	Standard Sprint	human	https://d99n9xvb9513w.cloudfront.net/thumbnails/motions/121480902/static.png
c9ce93c8-b96c-11e4-a802-0aaa78deedf9	Sprint Backward	Rifle Sprint Backward	human	https://d99n9xvb9513w.cloudfront.net/thumbnails/motions/128620914/static.png
c9ce9553-b96c-11e4-a802-0aaa78deedf9	Sprint Backward Left	Rifle Sprint Backward Left	human	https://d99n9xvb9513w.cloudfront.net/thumbnails/motions/128620916/static.png
c9ce9493-b96c-11e4-a802-0aaa78deedf9	Sprint Backward Right	Rifle Sprint Backward Right	human	https://d99n9xvb9513w.cloudfront.net/thumbnails/motions/128620915/static.png
c9ce86d8-b96c-11e4-a802-0aaa78deedf9	Sprint Forward	Rifle Sprint Forward	human	https://d99n9xvb9513w.cloudfront.net/thumbnails/motions/128620909/static.png
c9ce917b-b96c-11e4-a802-0aaa78deedf9	Sprint Forward Left	Rifle Sprint Forward Left	human	https://d99n9xvb9513w.cloudfront.net/thumbnails/motions/128620911/static.png
c9ce90bc-b96c-11e4-a802-0aaa78deedf9	Sprint Forward Right	Rifle Sprint Forward Right	human	https://d99n9xvb9513w.cloudfront.net/thumbnails/motions/128620910/static.png
c9ce9302-b96c-11e4-a802-0aaa78deedf9	Sprint Left	Rifle Sprint Left	human	https://d99n9xvb9513w.cloudfront.net/thumbnails/motions/128620913/static.png
c9ce9239-b96c-11e4-a802-0aaa78deedf9	Sprint Right	Rifle Sprint Right	human	https://d99n9xvb9513w.cloudfront.net/thumbnails/motions/128620912/static.png
c9cc047b-b96c-11e4-a802-0aaa78deedf9	Sprint To Backslide	Sprint To Backslide	human	https://d99n9xvb9513w.cloudfront.net/thumbnails/motions/121500901/static.png
c9cc0053-b96c-11e4-a802-0aaa78deedf9	Sprint To Wall Climb	Sprint To Wall Climb To Crouch Idle	human	https://d99n9xvb9513w.cloudfront.net/thumbnails/motions/121490901/static.png
c9ce79b8-b96c-11e4-a802-0aaa78deedf9	Sprint Turn	Turning While Sprinting	human	https://d99n9xvb9513w.cloudfront.net/thumbnails/motions/128630904/static.png
c9cbf0c0-b96c-11e4-a802-0aaa78deedf9	Sprinting Forward Roll	Sprint To Forward Roll To Sprinting	human	https://d99n9xvb9513w.cloudfront.net/thumbnails/motions/120430902/static.png
c9c61c53-b96c-11e4-a802-0aaa78deedf9	Stabbing	Male Knife Stab With Lead Hand And Fore Grip	human	https://d99n9xvb9513w.cloudfront.net/thumbnails/motions/100770901/static.png
c9c61d25-b96c-11e4-a802-0aaa78deedf9	Stabbing	Male Knife Stab With The Rear Hand And Fore Grip	human	https://d99n9xvb9513w.cloudfront.net/thumbnails/motions/100790901/static.png
c9c61df2-b96c-11e4-a802-0aaa78deedf9	Stabbing	Male Knife Stab With The Rear Hand And Reverse Grip	human	https://d99n9xvb9513w.cloudfront.net/thumbnails/motions/100800901/static.png
c9c72f80-b96c-11e4-a802-0aaa78deedf9	Stable Sword Inward Slash	Inward Slashing With A Sword Standing Stable	human	https://d99n9xvb9513w.cloudfront.net/thumbnails/motions/104990901/static.png
c9c7303c-b96c-11e4-a802-0aaa78deedf9	Stable Sword Outward Slash	Outward Slashing With A Sword Standing Stable	human	https://d99n9xvb9513w.cloudfront.net/thumbnails/motions/104990902/static.png
c9cb5e5f-b96c-11e4-a802-0aaa78deedf9	Stall Soccerball	Juggling Left Foot Stall Of A Soccer Ball	human	https://d99n9xvb9513w.cloudfront.net/thumbnails/motions/120900901/static.png
c9cb5fda-b96c-11e4-a802-0aaa78deedf9	Stall Soccerball	Juggling Left Knee Stall Of A Soccer Ball	human	https://d99n9xvb9513w.cloudfront.net/thumbnails/motions/120920901/static.png
c9cb5f1f-b96c-11e4-a802-0aaa78deedf9	Stall Soccerball	Juggling Right Foot Stall Of A Soccer Ball	human	https://d99n9xvb9513w.cloudfront.net/thumbnails/motions/120910901/static.png
c9cb60b4-b96c-11e4-a802-0aaa78deedf9	Stall Soccerball	Juggling Right Knee Stall Of A Soccer Ball	human	https://d99n9xvb9513w.cloudfront.net/thumbnails/motions/120930901/static.png
c9c804f0-b96c-11e4-a802-0aaa78deedf9	Stand	Standing From Crouched Hands On Ground	human	https://d99n9xvb9513w.cloudfront.net/thumbnails/motions/114380901/static.png
c9cc0cdf-b96c-11e4-a802-0aaa78deedf9	Stand Cover To Look	Stand Cover To Looking Around A Corner	human	https://d99n9xvb9513w.cloudfront.net/thumbnails/motions/121540901/static.png
c9c99d44-b96c-11e4-a802-0aaa78deedf9	Stand To Cover	Standing Ready To Standing Cover	human	https://d99n9xvb9513w.cloudfront.net/thumbnails/motions/118240901/static.png
c9c9a371-b96c-11e4-a802-0aaa78deedf9	Stand To Cover	Standing To A Crouched Cover Position	human	https://d99n9xvb9513w.cloudfront.net/thumbnails/motions/118160901/static.png
c9c877e6-b96c-11e4-a802-0aaa78deedf9	Stand To Crouch	Standing To Crouching Transition	human	https://d99n9xvb9513w.cloudfront.net/thumbnails/motions/115910901/static.png
c9c9be3d-b96c-11e4-a802-0aaa78deedf9	Stand To Freehang	Standing Jump To Freehang	human	https://d99n9xvb9513w.cloudfront.net/thumbnails/motions/118720901/static.png
c9c9a122-b96c-11e4-a802-0aaa78deedf9	Stand To Roll	Dive Roll From Standing	human	https://d99n9xvb9513w.cloudfront.net/thumbnails/motions/118140901/static.png
c9ccaece-b96c-11e4-a802-0aaa78deedf9	Stand To Sit	Standing To Sitting Transition	human	https://d99n9xvb9513w.cloudfront.net/thumbnails/motions/123430901/static.png
c9c86054-b96c-11e4-a802-0aaa78deedf9	Stand Up	Looking Over Ledge To Standing Up	human	https://d99n9xvb9513w.cloudfront.net/thumbnails/motions/130540901/static.png
c9c6d314-b96c-11e4-a802-0aaa78deedf9	Stand Up	Standing Up From Back	human	https://d99n9xvb9513w.cloudfront.net/thumbnails/motions/107810901/static.png
c9c7937e-b96c-11e4-a802-0aaa78deedf9	Stand Up	Standing Up From Seated Position	human	https://d99n9xvb9513w.cloudfront.net/thumbnails/motions/113280902/static.png
c9cccb71-b96c-11e4-a802-0aaa78deedf9	Standard Idle	Standard Idle	human	https://d99n9xvb9513w.cloudfront.net/thumbnails/motions/124130901/static.png
c9ccc5dd-b96c-11e4-a802-0aaa78deedf9	Standard Run	Standard Running	human	https://d99n9xvb9513w.cloudfront.net/thumbnails/motions/123560901/static.png
c9ccc2e9-b96c-11e4-a802-0aaa78deedf9	Standard Walk	Standard Walk	human	https://d99n9xvb9513w.cloudfront.net/thumbnails/motions/123500901/static.png
c9c8fa8d-b96c-11e4-a802-0aaa78deedf9	Standing	Standing From A Crouch	human	https://d99n9xvb9513w.cloudfront.net/thumbnails/motions/137710901/static.png
c9c8f0d9-b96c-11e4-a802-0aaa78deedf9	Standing	Standing Into Fighting Stance From Crouching	human	https://d99n9xvb9513w.cloudfront.net/thumbnails/motions/137700901/static.png
c9c8cebb-b96c-11e4-a802-0aaa78deedf9	Standing	Standing Up From A Kneeling Position	human	https://d99n9xvb9513w.cloudfront.net/thumbnails/motions/136030901/static.png
4569732c-3f47-466c-bcc7-5beba5d246ce	Standing 1H Cast Spell 01	One Handed Casting Spell Upwards	human	https://d99n9xvb9513w.cloudfront.net/thumbnails/motions/128670909/static.png
a3d120fd-c26a-46c7-a4a0-59c1c5d8157c	Standing 1H Magic Attack 01	One Handed Casting Spell Fowards	human	https://d99n9xvb9513w.cloudfront.net/thumbnails/motions/128670910/static.png
0a8b4b48-38bc-4a45-befc-7858ee6ed45d	Standing 1H Magic Attack 02	One Handed Casting Spell Sweep Right To Left	human	https://d99n9xvb9513w.cloudfront.net/thumbnails/motions/128670911/static.png
1f153edf-914f-4562-9344-5765efc0062d	Standing 1H Magic Attack 03	One Handed Casting Spell Upward Sweep	human	https://d99n9xvb9513w.cloudfront.net/thumbnails/motions/128670912/static.png
beb8aa59-89e9-451b-902c-2af4296114c8	Standing 2H Cast Spell 01	Two Handed Casting Spell Upward Pull	human	https://d99n9xvb9513w.cloudfront.net/thumbnails/motions/128670913/static.png
3a2c5c31-fe8a-4eb1-98c7-ad6cbb95b547	Standing 2H Magic Area Attack 01	Two Handed Casting Spell Towards Ground	human	https://d99n9xvb9513w.cloudfront.net/thumbnails/motions/128670914/static.png
60e72547-b769-4191-a071-f9869d22828e	Standing 2H Magic Area Attack 02	Two Handed Casting Spell Pull In Blast Out	human	https://d99n9xvb9513w.cloudfront.net/thumbnails/motions/128670915/static.png
d3a09098-c43e-49e7-85f3-fcc86760517a	Standing 2H Magic Attack 01	Two Handed Casting Spell Fowards	human	https://d99n9xvb9513w.cloudfront.net/thumbnails/motions/128670916/static.png
6e2dad1a-2725-4df2-adb9-20dd3007ca8c	Standing 2H Magic Attack 02	Two Handed Casting Spell Fowards	human	https://d99n9xvb9513w.cloudfront.net/thumbnails/motions/128670917/static.png
e21d35a0-508c-4ed3-af3d-dac75080d944	Standing 2H Magic Attack 03	Two Handed Casting Spell Forwards Sustained	human	https://d99n9xvb9513w.cloudfront.net/thumbnails/motions/128670918/static.png
dd02f795-4bff-4bfa-9658-b6b7dd10817f	Standing 2H Magic Attack 04	Two Handed Casting Spell Forwards Sustained	human	https://d99n9xvb9513w.cloudfront.net/thumbnails/motions/128670919/static.png
2779e73d-cd1a-40f7-bc69-22421dba1960	Standing 2H Magic Attack 05	Two Handed Casting Spell Pull Up And Clap Hands	human	https://d99n9xvb9513w.cloudfront.net/thumbnails/motions/128670920/static.png
123cd592-6ad3-4ecc-9199-d4179124fa01	Standing Aim Idle 01	Aiming Idle With Bow	human	https://d99n9xvb9513w.cloudfront.net/thumbnails/motions/127690973/static.png
72f82475-54df-4149-91c7-9a09653735ec	Standing Aim Idle 02 Looking	Aiming Idle Looking Around With Bow	human	https://d99n9xvb9513w.cloudfront.net/thumbnails/motions/127690974/static.png
c9cebbb5-b96c-11e4-a802-0aaa78deedf9	Standing Aim Overdraw	Charging Bow For Powershot	human	https://d99n9xvb9513w.cloudfront.net/thumbnails/motions/127690920/static.png
c9cebedc-b96c-11e4-a802-0aaa78deedf9	Standing Aim Recoil	Standing Aim Fire Arrow	human	https://d99n9xvb9513w.cloudfront.net/thumbnails/motions/127690924/static.png
c9cec5f5-b96c-11e4-a802-0aaa78deedf9	Standing Aim Walk Back	Walking Backwards While Aiming With Bow	human	https://d99n9xvb9513w.cloudfront.net/thumbnails/motions/127690935/static.png
c9cec780-b96c-11e4-a802-0aaa78deedf9	Standing Aim Walk Forward	Walking Forward While Aiming With Bow	human	https://d99n9xvb9513w.cloudfront.net/thumbnails/motions/127690937/static.png
c9cec90b-b96c-11e4-a802-0aaa78deedf9	Standing Aim Walk Left	Walking Left While Aiming With Bow	human	https://d99n9xvb9513w.cloudfront.net/thumbnails/motions/127690939/static.png
c9ceca90-b96c-11e4-a802-0aaa78deedf9	Standing Aim Walk Right	Walking Right While Aiming With Bow	human	https://d99n9xvb9513w.cloudfront.net/thumbnails/motions/127690941/static.png
c9cd7855-b96c-11e4-a802-0aaa78deedf9	Standing Arguing	Standing And Arguing With Another Person	human	https://d99n9xvb9513w.cloudfront.net/thumbnails/motions/126500901/static.png
c9cd7919-b96c-11e4-a802-0aaa78deedf9	Standing Arguing	Standing Arguing With Another Person	human	https://d99n9xvb9513w.cloudfront.net/thumbnails/motions/126500902/static.png
c9cead85-b96c-11e4-a802-0aaa78deedf9	Standing Block	Blocking An Attack With Bow	human	https://d99n9xvb9513w.cloudfront.net/thumbnails/motions/127690901/static.png
8bb39a74-9e3f-4a54-b9bf-5c9508d080b9	Standing Block End	Transition From Block Idle To Standing Idle	human	https://d99n9xvb9513w.cloudfront.net/thumbnails/motions/128670925/static.png
c9ceccf3-b96c-11e4-a802-0aaa78deedf9	Standing Block Idle	Blocking An Attack With Axe	human	https://d99n9xvb9513w.cloudfront.net/thumbnails/motions/128650903/static.png
460d707b-f0f0-4cea-9db1-c2eda13d8c1f	Standing Block Idle	Blocking With Both Arms Out	human	https://d99n9xvb9513w.cloudfront.net/thumbnails/motions/128670921/static.png
03aca155-0078-40a3-a52b-04d3eaa7287d	Standing Block React Large	Block Reaction	human	https://d99n9xvb9513w.cloudfront.net/thumbnails/motions/128670922/static.png
c9cecdb9-b96c-11e4-a802-0aaa78deedf9	Standing Block React Large	Large Block Reaction With Axe	human	https://d99n9xvb9513w.cloudfront.net/thumbnails/motions/128650904/static.png
6b24d443-6dc6-444b-80a9-3a6867725cd7	Standing Block Start	Transition From Standing Idle To Block Idle	human	https://d99n9xvb9513w.cloudfront.net/thumbnails/motions/128670926/static.png
c9cb7445-b96c-11e4-a802-0aaa78deedf9	Standing Cheering	Sitting To Standing Big Fist Pump	human	https://d99n9xvb9513w.cloudfront.net/thumbnails/motions/116220906/static.png
c9cb720b-b96c-11e4-a802-0aaa78deedf9	Standing Cheering	Sitting To Standing Small Fist Pump	human	https://d99n9xvb9513w.cloudfront.net/thumbnails/motions/116220903/static.png
c9cb6b49-b96c-11e4-a802-0aaa78deedf9	Standing Clap	Sitting To Standing Wide Clap	human	https://d99n9xvb9513w.cloudfront.net/thumbnails/motions/116200906/static.png
c9cb6908-b96c-11e4-a802-0aaa78deedf9	Standing Clap	Standing Clap From Sitting	human	https://d99n9xvb9513w.cloudfront.net/thumbnails/motions/116200903/static.png
c9cb6a8b-b96c-11e4-a802-0aaa78deedf9	Standing Clap	Standing Clap From Sitting	human	https://d99n9xvb9513w.cloudfront.net/thumbnails/motions/116200905/static.png
c9cb677f-b96c-11e4-a802-0aaa78deedf9	Standing Clap	Standing Low Clap From Sitting	human	https://d99n9xvb9513w.cloudfront.net/thumbnails/motions/116200901/static.png
c9cb6846-b96c-11e4-a802-0aaa78deedf9	Standing Clap	Standing Wide Clap From Sitting	human	https://d99n9xvb9513w.cloudfront.net/thumbnails/motions/116200902/static.png
c9cb69cd-b96c-11e4-a802-0aaa78deedf9	Standing Clap	Standing Wide Clap From Sitting	human	https://d99n9xvb9513w.cloudfront.net/thumbnails/motions/116200904/static.png
c9c9e0ac-b96c-11e4-a802-0aaa78deedf9	Standing Cover To Cover	Standing Cover To Cover Transition	human	https://d99n9xvb9513w.cloudfront.net/thumbnails/motions/118260901/static.png
c9c9cb6b-b96c-11e4-a802-0aaa78deedf9	Standing Cover Turn	Changing Direction In Stand Cover	human	https://d99n9xvb9513w.cloudfront.net/thumbnails/motions/118300901/static.png
3ab11171-f610-463d-84ad-addc22120a45	Standing Death Backward 01	Death Reaction Falling Backwards With Bow	human	https://d99n9xvb9513w.cloudfront.net/thumbnails/motions/127690957/static.png
c9ceae44-b96c-11e4-a802-0aaa78deedf9	Standing Death Backward 01	Death Reaction Falling Backwards With Bow	human	https://d99n9xvb9513w.cloudfront.net/thumbnails/motions/127690902/static.png
c9ceaf01-b96c-11e4-a802-0aaa78deedf9	Standing Death Forward 01	Death Reaction Falling Forwards With Bow	human	https://d99n9xvb9513w.cloudfront.net/thumbnails/motions/127690903/static.png
8a1dbf66-2999-45a4-9255-17d0a3d2b20a	Standing Death Forward 02	Death Reaction Falling Forwards With Bow	human	https://d99n9xvb9513w.cloudfront.net/thumbnails/motions/127690958/static.png
1bd02904-09ce-44fe-9b6e-6180fa949765	Standing Death Left 01	Death Reaction Falling Left With Bow	human	https://d99n9xvb9513w.cloudfront.net/thumbnails/motions/127690959/static.png
bd3b5ef2-b166-45b6-a552-97e3afbe9539	Standing Death Left 02	Death Reaction Falling Left With Bow	human	https://d99n9xvb9513w.cloudfront.net/thumbnails/motions/127690960/static.png
b8c87300-fb46-41b5-b4b0-27aff06137a4	Standing Death Right 01	Death Reaction Falling Right With Bow	human	https://d99n9xvb9513w.cloudfront.net/thumbnails/motions/127690961/static.png
506ac0af-885a-467a-bced-5ab53db6927d	Standing Death Right 02	Death Reaction Falling Right With Bow	human	https://d99n9xvb9513w.cloudfront.net/thumbnails/motions/127690962/static.png
c9cec14d-b96c-11e4-a802-0aaa78deedf9	Standing Disarm Bow	Disarming Bow	human	https://d99n9xvb9513w.cloudfront.net/thumbnails/motions/127690929/static.png
c9cecf48-b96c-11e4-a802-0aaa78deedf9	Standing Disarm Over Shoulder	Disarming Axe Over The Shoulder	human	https://d99n9xvb9513w.cloudfront.net/thumbnails/motions/128650906/static.png
c9cece82-b96c-11e4-a802-0aaa78deedf9	Standing Disarm Underarm	Disarming Axe Underarm	human	https://d99n9xvb9513w.cloudfront.net/thumbnails/motions/128650905/static.png
c9ceafbf-b96c-11e4-a802-0aaa78deedf9	Standing Dive Forward	Diving Forwards With Bow	human	https://d99n9xvb9513w.cloudfront.net/thumbnails/motions/127690904/static.png
c9ceb7c2-b96c-11e4-a802-0aaa78deedf9	Standing Dodge Backward	Dodge Backward With Bow	human	https://d99n9xvb9513w.cloudfront.net/thumbnails/motions/127690915/static.png
c9ceb892-b96c-11e4-a802-0aaa78deedf9	Standing Dodge Forward	Dodge Forward With Bow	human	https://d99n9xvb9513w.cloudfront.net/thumbnails/motions/127690916/static.png
c9ceb95b-b96c-11e4-a802-0aaa78deedf9	Standing Dodge Left	Dodge Left With Bow	human	https://d99n9xvb9513w.cloudfront.net/thumbnails/motions/127690917/static.png
c9ceba20-b96c-11e4-a802-0aaa78deedf9	Standing Dodge Right	Dodge Right With Bow	human	https://d99n9xvb9513w.cloudfront.net/thumbnails/motions/127690918/static.png
c9ceacc6-b96c-11e4-a802-0aaa78deedf9	Standing Draw Arrow	Reloading Bow	human	https://d99n9xvb9513w.cloudfront.net/thumbnails/motions/127690905/static.png
c9ceb097-b96c-11e4-a802-0aaa78deedf9	Standing Equip Bow	Equipping Bow	human	https://d99n9xvb9513w.cloudfront.net/thumbnails/motions/127690906/static.png
c9cb714b-b96c-11e4-a802-0aaa78deedf9	Standing Fist Pump	Big Standing Fist Pump From Sitting	human	https://d99n9xvb9513w.cloudfront.net/thumbnails/motions/116220902/static.png
c9cb708b-b96c-11e4-a802-0aaa78deedf9	Standing Fist Pump	Restrained Enthusiasm Standing Fist Pump	human	https://d99n9xvb9513w.cloudfront.net/thumbnails/motions/116220901/static.png
c9c7996a-b96c-11e4-a802-0aaa78deedf9	Standing Greeting	Greeting While Standing	human	https://d99n9xvb9513w.cloudfront.net/thumbnails/motions/113350901/static.png
c9c831cf-b96c-11e4-a802-0aaa78deedf9	Standing Idle	Standing Idle	human	https://d99n9xvb9513w.cloudfront.net/thumbnails/motions/131220901/static.png
b3bcc81a-5213-451e-bcec-294026c5984a	Standing Idle	Standing Idle Ready To Cast Spell	human	https://d99n9xvb9513w.cloudfront.net/thumbnails/motions/128670923/static.png
c9ced017-b96c-11e4-a802-0aaa78deedf9	Standing Idle	Standing Idle With Axe	human	https://d99n9xvb9513w.cloudfront.net/thumbnails/motions/128650908/static.png
c9ceb236-b96c-11e4-a802-0aaa78deedf9	Standing Idle 01	Standing Idle With Bow	human	https://d99n9xvb9513w.cloudfront.net/thumbnails/motions/127690908/static.png
edc148eb-b0a1-4a9f-80a1-20a72b60456b	Standing Idle 02	Standing Idle Looking Around	human	https://d99n9xvb9513w.cloudfront.net/thumbnails/motions/128670924/static.png
c9ceb2ff-b96c-11e4-a802-0aaa78deedf9	Standing Idle 02 Looking	Looking Around With Bow	human	https://d99n9xvb9513w.cloudfront.net/thumbnails/motions/127690909/static.png
51e30f03-9fbf-4d0a-a1b4-489f94e85245	Standing Idle 03	Playing With Magic	human	https://d99n9xvb9513w.cloudfront.net/thumbnails/motions/128670927/static.png
c9ceb3c9-b96c-11e4-a802-0aaa78deedf9	Standing Idle 03 Examine	Examining Bow	human	https://d99n9xvb9513w.cloudfront.net/thumbnails/motions/127690910/static.png
fc6ff619-4203-40a8-b19b-b0d0712ddf0f	Standing Idle 04	Here'S The Windup…And The Pitch…BOOM	human	https://d99n9xvb9513w.cloudfront.net/thumbnails/motions/128670928/static.png
c9ced0df-b96c-11e4-a802-0aaa78deedf9	Standing Idle Looking Ver. 1	Looking Around With Axe	human	https://d99n9xvb9513w.cloudfront.net/thumbnails/motions/128650909/static.png
c9ced1a8-b96c-11e4-a802-0aaa78deedf9	Standing Idle Looking Ver. 2	Looking Around With Axe	human	https://d99n9xvb9513w.cloudfront.net/thumbnails/motions/128650910/static.png
c9cce89d-b96c-11e4-a802-0aaa78deedf9	Standing Idle To Action Idle	Transition From Standing Idle To Action Idle	human	https://d99n9xvb9513w.cloudfront.net/thumbnails/motions/124210901/static.png
a0db410a-4b07-46db-be54-c30cc0498452	Standing Idle To Crouch	Transition From Standing Idle To Crouch Idle	human	https://d99n9xvb9513w.cloudfront.net/thumbnails/motions/128670929/static.png
c9cce7b7-b96c-11e4-a802-0aaa78deedf9	Standing Idle To Fight Idle	Transition From Standing Idle To Fight Idle	human	https://d99n9xvb9513w.cloudfront.net/thumbnails/motions/124200901/static.png
c9ccffb1-b96c-11e4-a802-0aaa78deedf9	Standing Jump	Female Standing Jump In Place	human	https://d99n9xvb9513w.cloudfront.net/thumbnails/motions/124640901/static.png
f75e91f2-0446-47a3-8bf7-d9c464863c8b	Standing Jump	Jumping And Landing In Place	human	https://d99n9xvb9513w.cloudfront.net/thumbnails/motions/128670930/static.png
c9cef264-b96c-11e4-a802-0aaa78deedf9	Standing Jump	Jumping And Landing In Place With Axe	human	https://d99n9xvb9513w.cloudfront.net/thumbnails/motions/128650907/static.png
fab2ce21-1c4a-4e33-8929-28212f0dfc2c	Standing Jump	Jumping And Landing In Place With Bow	human	https://d99n9xvb9513w.cloudfront.net/thumbnails/motions/127690955/static.png
e2f04a83-de21-48be-8318-67dfa056c42c	Standing Jump Running	Jumping While Running	human	https://d99n9xvb9513w.cloudfront.net/thumbnails/motions/128670931/static.png
4bc6d762-60d4-438f-b7d1-ae46df74b075	Standing Jump Running Landing	Landing From Running  Jump Into Run Forward	human	https://d99n9xvb9513w.cloudfront.net/thumbnails/motions/128670932/static.png
469ad0f4-2f7f-47a1-b12c-203ca355a7f5	Standing Jump Running To Run Forward	Running Jump To Run Forward	human	https://d99n9xvb9513w.cloudfront.net/thumbnails/motions/127690956/static.png
38a6c4a9-90c8-4a88-8c65-a4fb799fc798	Standing Land To Standing Idle	Landing From Running Jump Into Standing Idle	human	https://d99n9xvb9513w.cloudfront.net/thumbnails/motions/128670933/static.png
c9ced4df-b96c-11e4-a802-0aaa78deedf9	Standing Melee Attack 360 High	Left To Right Spin Attack With Axe	human	https://d99n9xvb9513w.cloudfront.net/thumbnails/motions/128650914/static.png
c9ced5ab-b96c-11e4-a802-0aaa78deedf9	Standing Melee Attack 360 Low	Left To Right Spin Attack With Axe	human	https://d99n9xvb9513w.cloudfront.net/thumbnails/motions/128650915/static.png
c9ced273-b96c-11e4-a802-0aaa78deedf9	Standing Melee Attack Backhand	Backhanded Upward Attack With Axe	human	https://d99n9xvb9513w.cloudfront.net/thumbnails/motions/128650911/static.png
c9ced340-b96c-11e4-a802-0aaa78deedf9	Standing Melee Attack Downward	Downward Attack With Axe	human	https://d99n9xvb9513w.cloudfront.net/thumbnails/motions/128650912/static.png
c9ced411-b96c-11e4-a802-0aaa78deedf9	Standing Melee Attack Horizontal	Right To Left Attack With Axe	human	https://d99n9xvb9513w.cloudfront.net/thumbnails/motions/128650913/static.png
c9ced674-b96c-11e4-a802-0aaa78deedf9	Standing Melee Attack Kick Ver. 1	Kick With Right Foot Holding Axe	human	https://d99n9xvb9513w.cloudfront.net/thumbnails/motions/128650916/static.png
c9ced897-b96c-11e4-a802-0aaa78deedf9	Standing Melee Attack Kick Ver. 2	Kick With Right Foot Holding Axe	human	https://d99n9xvb9513w.cloudfront.net/thumbnails/motions/128650917/static.png
c9ced9ca-b96c-11e4-a802-0aaa78deedf9	Standing Melee Combo Attack Ver. 1	Two Hit Combo Attack With Axe	human	https://d99n9xvb9513w.cloudfront.net/thumbnails/motions/128650918/static.png
c9cedab1-b96c-11e4-a802-0aaa78deedf9	Standing Melee Combo Attack Ver. 2	Three Hit Combo Attack With Axe	human	https://d99n9xvb9513w.cloudfront.net/thumbnails/motions/128650919/static.png
c9cedb93-b96c-11e4-a802-0aaa78deedf9	Standing Melee Combo Attack Ver. 3	Two Hit Combo Attack With Axe	human	https://d99n9xvb9513w.cloudfront.net/thumbnails/motions/128650920/static.png
c9cebae7-b96c-11e4-a802-0aaa78deedf9	Standing Melee Kick	Kick Attack With Bow	human	https://d99n9xvb9513w.cloudfront.net/thumbnails/motions/127690919/static.png
c9cebc7f-b96c-11e4-a802-0aaa78deedf9	Standing Melee Punch	Punch Attack With Bow	human	https://d99n9xvb9513w.cloudfront.net/thumbnails/motions/127690921/static.png
c9cedc5b-b96c-11e4-a802-0aaa78deedf9	Standing Melee Run Jump Attack	Running Jump With Attack With Axe	human	https://d99n9xvb9513w.cloudfront.net/thumbnails/motions/128650921/static.png
e13a58d8-0104-45a5-9837-03fc3c307632	Standing React Death Backward	Death Falling Backwards	human	https://d99n9xvb9513w.cloudfront.net/thumbnails/motions/128670934/static.png
586a54c0-5dc8-4290-be1c-aeccd94645de	Standing React Death Forward	Death Falling Forwards	human	https://d99n9xvb9513w.cloudfront.net/thumbnails/motions/128670935/static.png
e916b410-6978-439c-af54-8377a9e79317	Standing React Death Left	Death Falling To The Left	human	https://d99n9xvb9513w.cloudfront.net/thumbnails/motions/128670936/static.png
b45e7d54-42bc-43e2-8a2f-a5afe5e3d3ac	Standing React Death Right	Death Falling To The Right	human	https://d99n9xvb9513w.cloudfront.net/thumbnails/motions/128670937/static.png
9fdcee4e-3a69-4b6e-b970-248897393939	Standing React Large From Back	Hit Reaction From Behind With Bow	human	https://d99n9xvb9513w.cloudfront.net/thumbnails/motions/127690963/static.png
deb3ef18-8cf1-48ae-a8e5-5bd3b9e81a7d	Standing React Large From Back	Large Hit Reaction From The Back	human	https://d99n9xvb9513w.cloudfront.net/thumbnails/motions/128670938/static.png
314b7218-de23-4e70-a38d-d2dae4a65d41	Standing React Large From Front	Hit Reaction From The Front With Bow	human	https://d99n9xvb9513w.cloudfront.net/thumbnails/motions/127690964/static.png
7c05dc7e-088a-48f8-a456-5722c6e9b853	Standing React Large From Front	Large Hit Reaction From The Front	human	https://d99n9xvb9513w.cloudfront.net/thumbnails/motions/128670939/static.png
c9cedd30-b96c-11e4-a802-0aaa78deedf9	Standing React Large From Left	Hit Reaction From The Left With Axe	human	https://d99n9xvb9513w.cloudfront.net/thumbnails/motions/128650922/static.png
c8399864-940e-403a-8602-a3569d7c5420	Standing React Large From Left	Hit Reaction From The Left With Bow	human	https://d99n9xvb9513w.cloudfront.net/thumbnails/motions/127690965/static.png
8e0cf713-44d4-4a6e-af01-64e83af3fbb5	Standing React Large From Left	Large Hit Reaction From The Left	human	https://d99n9xvb9513w.cloudfront.net/thumbnails/motions/128670940/static.png
c9ceddf6-b96c-11e4-a802-0aaa78deedf9	Standing React Large From Right	Hit Reaction From The Right With Axe	human	https://d99n9xvb9513w.cloudfront.net/thumbnails/motions/128650923/static.png
a85411b3-247b-4f3a-b47c-826381a53980	Standing React Large From Right	Hit Reaction From The Right With Bow	human	https://d99n9xvb9513w.cloudfront.net/thumbnails/motions/127690966/static.png
9f1f301e-3b08-4403-ae42-7ebc34cee551	Standing React Large From Right	Large Hit Reaction From The Right	human	https://d99n9xvb9513w.cloudfront.net/thumbnails/motions/128670941/static.png
c9cedebd-b96c-11e4-a802-0aaa78deedf9	Standing React Large Gut	Hit Reaction From Gut Shot With Axe	human	https://d99n9xvb9513w.cloudfront.net/thumbnails/motions/128650924/static.png
427da37e-ba1c-4592-aea5-4c9ff9f5dabb	Standing React Small From Back	Hit Reaction From Behind With Bow	human	https://d99n9xvb9513w.cloudfront.net/thumbnails/motions/127690967/static.png
0b890d95-c50e-4ece-a663-56f1870cc4f4	Standing React Small From Back	Small Hit Reaction From The Back	human	https://d99n9xvb9513w.cloudfront.net/thumbnails/motions/128670942/static.png
c9cebe15-b96c-11e4-a802-0aaa78deedf9	Standing React Small From Front	Hit Reaction From The Front With Bow	human	https://d99n9xvb9513w.cloudfront.net/thumbnails/motions/127690923/static.png
3faceec0-f022-4e81-8da2-5b0e38a66087	Standing React Small From Front	Small Hit Reaction From The Front	human	https://d99n9xvb9513w.cloudfront.net/thumbnails/motions/128670943/static.png
b4b863ed-757d-49e9-8216-79a16fd4f3c8	Standing React Small From Front 02	Hit Reaction From The Front With Bow	human	https://d99n9xvb9513w.cloudfront.net/thumbnails/motions/127690968/static.png
c9cebd4c-b96c-11e4-a802-0aaa78deedf9	Standing React Small From Headshot	Hit Reaction From Headshot With Bow	human	https://d99n9xvb9513w.cloudfront.net/thumbnails/motions/127690922/static.png
08b5a59f-899a-4d7a-a4fa-22cef5c6989b	Standing React Small From Left	Hit Reaction From The Left With Bow	human	https://d99n9xvb9513w.cloudfront.net/thumbnails/motions/127690969/static.png
63fd9933-26cb-40f9-b804-8f76768674dc	Standing React Small From Left	Small Hit Reaction From The Left	human	https://d99n9xvb9513w.cloudfront.net/thumbnails/motions/128670944/static.png
d14eb4fe-2433-4cad-a93d-d1dd88dfb29c	Standing React Small From Right	Hit Reaction From The Right With Bow	human	https://d99n9xvb9513w.cloudfront.net/thumbnails/motions/127690970/static.png
b099a412-5194-4a60-850f-2306308fba1e	Standing React Small From Right	Small Hit Reaction From The Right	human	https://d99n9xvb9513w.cloudfront.net/thumbnails/motions/128670945/static.png
c1b55370-430a-42fb-a858-2b466e7245cf	Standing Run Back	Running Backwards	human	https://d99n9xvb9513w.cloudfront.net/thumbnails/motions/128670946/static.png
c9cedf83-b96c-11e4-a802-0aaa78deedf9	Standing Run Back	Running Backwards With Axe	human	https://d99n9xvb9513w.cloudfront.net/thumbnails/motions/128650925/static.png
c9cebfb0-b96c-11e4-a802-0aaa78deedf9	Standing Run Back	Running Backwards With Bow	human	https://d99n9xvb9513w.cloudfront.net/thumbnails/motions/127690925/static.png
c9cee049-b96c-11e4-a802-0aaa78deedf9	Standing Run Forward	Running Forward With Axe	human	https://d99n9xvb9513w.cloudfront.net/thumbnails/motions/128650926/static.png
c9cec07a-b96c-11e4-a802-0aaa78deedf9	Standing Run Forward	Running Forward With Bow	human	https://d99n9xvb9513w.cloudfront.net/thumbnails/motions/127690928/static.png
bc9bacbc-3968-41f8-b813-c95471177c00	Standing Run Forward	Running Forwards	human	https://d99n9xvb9513w.cloudfront.net/thumbnails/motions/128670947/static.png
c9ceb16c-b96c-11e4-a802-0aaa78deedf9	Standing Run Forward Stop	Running Forward Stop With Bow	human	https://d99n9xvb9513w.cloudfront.net/thumbnails/motions/127690907/static.png
bb7b9d57-8448-40aa-a789-e21237d1692b	Standing Run Left	Running Left	human	https://d99n9xvb9513w.cloudfront.net/thumbnails/motions/128670948/static.png
c9cec217-b96c-11e4-a802-0aaa78deedf9	Standing Run Left	Running Left With Bow	human	https://d99n9xvb9513w.cloudfront.net/thumbnails/motions/127690930/static.png
1dc8d38f-ecef-491b-b0a0-d067629274c3	Standing Run Right	Running Right	human	https://d99n9xvb9513w.cloudfront.net/thumbnails/motions/128670949/static.png
c9cec2da-b96c-11e4-a802-0aaa78deedf9	Standing Run Right	Running Right With Bow	human	https://d99n9xvb9513w.cloudfront.net/thumbnails/motions/127690931/static.png
2691bf58-3ef8-4684-a1a7-6154977569e1	Standing Sprint Forward	Sprinting Forward	human	https://d99n9xvb9513w.cloudfront.net/thumbnails/motions/128670950/static.png
3aa0ca44-1206-4a33-9373-68a9d5ebed8e	Standing Sprint Forward	Sprinting Forward With Bow	human	https://d99n9xvb9513w.cloudfront.net/thumbnails/motions/127690971/static.png
c9cee10b-b96c-11e4-a802-0aaa78deedf9	Standing Taunt Battlecry	Battlecry With Axe	human	https://d99n9xvb9513w.cloudfront.net/thumbnails/motions/128650927/static.png
c9cee1d2-b96c-11e4-a802-0aaa78deedf9	Standing Taunt Chest Thump	Banging Axe On Chest	human	https://d99n9xvb9513w.cloudfront.net/thumbnails/motions/128650928/static.png
c9c7a1ab-b96c-11e4-a802-0aaa78deedf9	Standing Thumbs Up	Giving Thumbs Up While Standing	human	https://d99n9xvb9513w.cloudfront.net/thumbnails/motions/113520901/static.png
d913bcef-fae2-46ce-ac3c-ad4882be4022	Standing To Crouch	Transition From Standing To Crouching With Bow	human	https://d99n9xvb9513w.cloudfront.net/thumbnails/motions/127690972/static.png
c9cc0768-b96c-11e4-a802-0aaa78deedf9	Standing To Crouched	Standing Adventure Idle To Crouched	human	https://d99n9xvb9513w.cloudfront.net/thumbnails/motions/121520901/static.png
065bb3ef-261e-467f-83fe-f5b1c581c8d6	Standing Torch Burn Webs	Waving Torch Back And Forth	human	https://d99n9xvb9513w.cloudfront.net/thumbnails/motions/128690910/static.png
e8c2c8c3-6aec-46d8-a6ff-14bc248f7694	Standing Torch Idle 01	Standing Idle	human	https://d99n9xvb9513w.cloudfront.net/thumbnails/motions/128690911/static.png
2906468d-f1ee-4444-8c8a-76a95dcaea96	Standing Torch Idle 02	Standing Idle Looking Around	human	https://d99n9xvb9513w.cloudfront.net/thumbnails/motions/128690912/static.png
5bbf791d-5a18-460c-876c-a9b975f2448c	Standing Torch Idle 03	Standing Idle Looking Around	human	https://d99n9xvb9513w.cloudfront.net/thumbnails/motions/128690913/static.png
e12b3441-c3cd-4bc5-8460-3ca8d0113754	Standing Torch Idle 04	Standing Idle Looking Behind	human	https://d99n9xvb9513w.cloudfront.net/thumbnails/motions/128690914/static.png
d1ca4eae-e4f7-48e1-a7b0-a111c9d6b5a9	Standing Torch Inspect Downward	Inspecting Ground With Torch	human	https://d99n9xvb9513w.cloudfront.net/thumbnails/motions/128690915/static.png
4c161239-3d65-4681-bf30-a55ba3740ffd	Standing Torch Inspect Forward	Inspecting Forwards With Torch - Looop	human	https://d99n9xvb9513w.cloudfront.net/thumbnails/motions/128690916/static.png
9eef290f-575a-4f68-9213-6dac280ab90e	Standing Torch Inspect Upward	Inspecting Upwards With Torch	human	https://d99n9xvb9513w.cloudfront.net/thumbnails/motions/128690917/static.png
862c138a-6460-4dfc-9789-a1343e018dc3	Standing Torch Jump	Jumping And Landing In Place With Torch	human	https://d99n9xvb9513w.cloudfront.net/thumbnails/motions/128690918/static.png
06b8cc73-3453-4423-91fd-50e682df7db1	Standing Torch Jump Running	Running  Jump To Run Forward	human	https://d99n9xvb9513w.cloudfront.net/thumbnails/motions/128690919/static.png
5e1bdcb3-4617-46d8-8d98-5f218b7b0269	Standing Torch Jump Running To Standing Idle	Running  Jump To Standing Idle	human	https://d99n9xvb9513w.cloudfront.net/thumbnails/motions/128690920/static.png
48ed6c12-8d10-4198-9ab9-e68844953ced	Standing Torch Light Torch	Lighting Torch With Right Hand	human	https://d99n9xvb9513w.cloudfront.net/thumbnails/motions/128690921/static.png
cb2263a2-a43e-4139-9646-b2bbcad351e9	Standing Torch Light Torch From Fire	Lighting Torch From Ground	human	https://d99n9xvb9513w.cloudfront.net/thumbnails/motions/128690922/static.png
4b78a230-d996-47dd-b3fe-b6270141d219	Standing Torch Light Torch From Wall	Lighting Torch From Wall	human	https://d99n9xvb9513w.cloudfront.net/thumbnails/motions/128690923/static.png
0635e50a-9988-4d8e-9d85-1db01c9c342c	Standing Torch Melee Attack 01	Left To Right Attack With Torch	human	https://d99n9xvb9513w.cloudfront.net/thumbnails/motions/128690924/static.png
206eb090-d72e-4e45-8b72-d0c85c653795	Standing Torch Melee Attack 02	Left To Right Attack With Torch	human	https://d99n9xvb9513w.cloudfront.net/thumbnails/motions/128690925/static.png
27285e81-ea46-448c-8ee2-fc2cccccddba	Standing Torch Melee Attack 03	Two Hit Combo Attack With Torch	human	https://d99n9xvb9513w.cloudfront.net/thumbnails/motions/128690926/static.png
37425bc0-64ff-4207-b32d-9942fccb1025	Standing Torch Melee Attack 04	Two Hit Combo Attack With Torch	human	https://d99n9xvb9513w.cloudfront.net/thumbnails/motions/128690927/static.png
2fe6b534-784e-444f-accd-9bddb94b5ed2	Standing Torch Melee Attack 05	Two Hit Combo Attack With Torch	human	https://d99n9xvb9513w.cloudfront.net/thumbnails/motions/128690928/static.png
14ea273c-ab33-4551-a36b-8d9c7a5bf22c	Standing Torch Melee Attack Stab	Forward Stab Attack With Torch	human	https://d99n9xvb9513w.cloudfront.net/thumbnails/motions/128690929/static.png
1412f151-d49a-4f6a-b3b8-5c46878faa5c	Standing Torch Run Back	Running Backwards With Torch	human	https://d99n9xvb9513w.cloudfront.net/thumbnails/motions/128690930/static.png
b5b82299-62da-49dd-ac55-9fde07ae45d8	Standing Torch Run Forward	Running Forwards With Torch	human	https://d99n9xvb9513w.cloudfront.net/thumbnails/motions/128690931/static.png
1af419c6-a2a3-4c7e-9bfb-ef25a6a48bbb	Standing Torch Run Forward Stop	Running Forwards To Standing Idle	human	https://d99n9xvb9513w.cloudfront.net/thumbnails/motions/128690932/static.png
052c9f6e-23ca-46bf-b4fb-e9656cf9f880	Standing Torch Run Forward Stop At Edge	Running Forwards To Quick Stop At Edge	human	https://d99n9xvb9513w.cloudfront.net/thumbnails/motions/128690933/static.png
b19a567b-41cf-4561-8b37-8745af14c8c1	Standing Torch Run Left	Running Left With Torch	human	https://d99n9xvb9513w.cloudfront.net/thumbnails/motions/128690934/static.png
fa11c97b-2179-4ed3-8cd4-df479e177f4f	Standing Torch Run Right	Running Right With Torch	human	https://d99n9xvb9513w.cloudfront.net/thumbnails/motions/128690935/static.png
a16517d1-cc83-4973-b3f3-bbecac3538e9	Standing Torch To Crouch Torch	Transition From Standing Idle To Crouch Idle	human	https://d99n9xvb9513w.cloudfront.net/thumbnails/motions/128690936/static.png
9b834f51-0ba2-4e77-86fc-a4a97971ed88	Standing Torch Turn Left 180	Turning 180 Degrees Left With Torch	human	https://d99n9xvb9513w.cloudfront.net/thumbnails/motions/128690937/static.png
3e6cd013-6a18-4e26-b4cd-f49a47c22d2a	Standing Torch Turn Left 90	Turning 90 Degrees Left With Torch	human	https://d99n9xvb9513w.cloudfront.net/thumbnails/motions/128690938/static.png
a89b7a58-36a2-4f20-8b68-9f44c4352e66	Standing Torch Turn Right 180	Turning 180 Degrees Right With Torch	human	https://d99n9xvb9513w.cloudfront.net/thumbnails/motions/128690939/static.png
80d21026-ee2c-48d4-8025-e8e51d4366df	Standing Torch Turn Right 90	Turning 90 Degrees Right With Torch	human	https://d99n9xvb9513w.cloudfront.net/thumbnails/motions/128690940/static.png
0ced08f2-7954-47b8-bf3e-fb6be77c0f64	Standing Torch Walk Back	Walking Backwards With Torch	human	https://d99n9xvb9513w.cloudfront.net/thumbnails/motions/128690941/static.png
0d90567f-2d0e-4f9a-8e41-f4a53dc0d418	Standing Torch Walk Forward	Walking Forward With Torch	human	https://d99n9xvb9513w.cloudfront.net/thumbnails/motions/128690942/static.png
109c3aed-2655-4350-be05-627ab90bde79	Standing Torch Walk Forward Stop	Walking Forward To Standing Idle	human	https://d99n9xvb9513w.cloudfront.net/thumbnails/motions/128690943/static.png
c0ea475f-ca07-4dce-878b-aed9e7b63796	Standing Torch Walk Forward Stop Edge	Walking Forward To Stopping At Edge	human	https://d99n9xvb9513w.cloudfront.net/thumbnails/motions/128690944/static.png
5827c487-29d0-49b9-932c-62c5d1834c8d	Standing Torch Walk Left	Walking Left With Torch	human	https://d99n9xvb9513w.cloudfront.net/thumbnails/motions/128690945/static.png
e9cb491b-1a2c-4fee-b4ad-74158d70985c	Standing Torch Walk Right	Walking Right With Torch	human	https://d99n9xvb9513w.cloudfront.net/thumbnails/motions/128690946/static.png
c9cec3a1-b96c-11e4-a802-0aaa78deedf9	Standing Turn 90 Left	Turning 90 Degrees Left With Bow	human	https://d99n9xvb9513w.cloudfront.net/thumbnails/motions/127690932/static.png
c9cec463-b96c-11e4-a802-0aaa78deedf9	Standing Turn 90 Right	Turning 90 Degrees Right With Bow	human	https://d99n9xvb9513w.cloudfront.net/thumbnails/motions/127690933/static.png
3231c704-a04b-4523-8ffc-af03dbe364b1	Standing Turn Left 90	Turning 90 Degrees Left	human	https://d99n9xvb9513w.cloudfront.net/thumbnails/motions/128670951/static.png
c9cee294-b96c-11e4-a802-0aaa78deedf9	Standing Turn Left 90	Turning 90 Degrees Left With Axe	human	https://d99n9xvb9513w.cloudfront.net/thumbnails/motions/128650929/static.png
4593e9b4-047b-4e2c-ab17-3077d1e8be17	Standing Turn Right 90	Turning 90 Degrees Right	human	https://d99n9xvb9513w.cloudfront.net/thumbnails/motions/128670952/static.png
c9cee3f5-b96c-11e4-a802-0aaa78deedf9	Standing Turn Right 90	Turning 90 Degrees Right With Axe	human	https://d99n9xvb9513w.cloudfront.net/thumbnails/motions/128650930/static.png
c9c8335e-b96c-11e4-a802-0aaa78deedf9	Standing Up	Sitting To Standing	human	https://d99n9xvb9513w.cloudfront.net/thumbnails/motions/130670901/static.png
c9c81e56-b96c-11e4-a802-0aaa78deedf9	Standing Up	Standing Up And Looking Around	human	https://d99n9xvb9513w.cloudfront.net/thumbnails/motions/130010901/static.png
c9ccd8eb-b96c-11e4-a802-0aaa78deedf9	Standing Up	Standing Up From A Soccer Fall	human	https://d99n9xvb9513w.cloudfront.net/thumbnails/motions/124290901/static.png
c9c6dc32-b96c-11e4-a802-0aaa78deedf9	Standing Up	Standing Up From Lying On Stomach	human	https://d99n9xvb9513w.cloudfront.net/thumbnails/motions/108100901/static.png
c9ca03ec-b96c-11e4-a802-0aaa78deedf9	Standing Using Touchscreen Tablet	Female Using Touchscreen Tablet	human	https://d99n9xvb9513w.cloudfront.net/thumbnails/motions/119240901/static.png
c9c9eed5-b96c-11e4-a802-0aaa78deedf9	Standing W/Briefcase Idle	Standing Idle Holding Suitcase	human	https://d99n9xvb9513w.cloudfront.net/thumbnails/motions/118920901/static.png
c9c9fe56-b96c-11e4-a802-0aaa78deedf9	Standing W/Briefcase Idle	Standing Idle Holding Suitcase	human	https://d99n9xvb9513w.cloudfront.net/thumbnails/motions/118910901/static.png
93b3f62c-9ecf-434c-ba7b-9f0753cd3a79	Standing Walk Back	Walking Backwards	human	https://d99n9xvb9513w.cloudfront.net/thumbnails/motions/128670953/static.png
c9cee54b-b96c-11e4-a802-0aaa78deedf9	Standing Walk Back	Walking Backwards With Axe	human	https://d99n9xvb9513w.cloudfront.net/thumbnails/motions/128650931/static.png
c9cec52e-b96c-11e4-a802-0aaa78deedf9	Standing Walk Back	Walking Backwards With Bow	human	https://d99n9xvb9513w.cloudfront.net/thumbnails/motions/127690934/static.png
c9cee62c-b96c-11e4-a802-0aaa78deedf9	Standing Walk Forward	Walking Forward With Axe	human	https://d99n9xvb9513w.cloudfront.net/thumbnails/motions/128650932/static.png
c9cec6ba-b96c-11e4-a802-0aaa78deedf9	Standing Walk Forward	Walking Forward With Bow	human	https://d99n9xvb9513w.cloudfront.net/thumbnails/motions/127690936/static.png
4d2adf5a-39fa-4aa1-9272-e07c334bc0a3	Standing Walk Forward	Walking Forwards	human	https://d99n9xvb9513w.cloudfront.net/thumbnails/motions/128670954/static.png
dafc5687-c69f-487c-a672-dfb04cd28c30	Standing Walk Left	Walking Left	human	https://d99n9xvb9513w.cloudfront.net/thumbnails/motions/128670955/static.png
c9cee6eb-b96c-11e4-a802-0aaa78deedf9	Standing Walk Left	Walking Left With Axe	human	https://d99n9xvb9513w.cloudfront.net/thumbnails/motions/128650933/static.png
c9cec849-b96c-11e4-a802-0aaa78deedf9	Standing Walk Left	Walking Left With Bow	human	https://d99n9xvb9513w.cloudfront.net/thumbnails/motions/127690938/static.png
cf0d35fa-e14c-479d-9e70-422b7db09010	Standing Walk Right	Walking Right	human	https://d99n9xvb9513w.cloudfront.net/thumbnails/motions/128670956/static.png
c9cee7ab-b96c-11e4-a802-0aaa78deedf9	Standing Walk Right	Walking Right With Axe	human	https://d99n9xvb9513w.cloudfront.net/thumbnails/motions/128650934/static.png
c9cec9cf-b96c-11e4-a802-0aaa78deedf9	Standing Walk Right	Walking Right With Bow	human	https://d99n9xvb9513w.cloudfront.net/thumbnails/motions/127690940/static.png
c9cb875a-b96c-11e4-a802-0aaa78deedf9	Standing Yell	Long Yell Leaning Forward	human	https://d99n9xvb9513w.cloudfront.net/thumbnails/motions/116240906/static.png
c9cb7a15-b96c-11e4-a802-0aaa78deedf9	Standing Yell	Short Yell While Standing	human	https://d99n9xvb9513w.cloudfront.net/thumbnails/motions/116240901/static.png
c9cb7b9a-b96c-11e4-a802-0aaa78deedf9	Standing Yell	Short Yell While Standing	human	https://d99n9xvb9513w.cloudfront.net/thumbnails/motions/116240902/static.png
c9cb85b8-b96c-11e4-a802-0aaa78deedf9	Standing Yell	Standing Long Yell	human	https://d99n9xvb9513w.cloudfront.net/thumbnails/motions/116240905/static.png
c9cad347-b96c-11e4-a802-0aaa78deedf9	Start Bicycle Sit Up	Start Bicycle Sit Up From Fitness Idle	human	https://d99n9xvb9513w.cloudfront.net/thumbnails/motions/120010901/static.png
c9c8e009-b96c-11e4-a802-0aaa78deedf9	Start Climbing Ladder	Standing To Climb Ladder Quickly	human	https://d99n9xvb9513w.cloudfront.net/thumbnails/motions/136460901/static.png
c9cacf79-b96c-11e4-a802-0aaa78deedf9	Start Jumping Jacks	Start Jumping Jacks From Fitness Idle	human	https://d99n9xvb9513w.cloudfront.net/thumbnails/motions/120100901/static.png
c9cad4c4-b96c-11e4-a802-0aaa78deedf9	Start Plank	Start Plank From Fitness Idle	human	https://d99n9xvb9513w.cloudfront.net/thumbnails/motions/120040901/static.png
c9ca9021-b96c-11e4-a802-0aaa78deedf9	Start Swinging	Male Starts A Swing	human	https://d99n9xvb9513w.cloudfront.net/thumbnails/motions/119840901/static.png
c9c8bd07-b96c-11e4-a802-0aaa78deedf9	Start Walking	Standing To Start Walking With Rifle	human	https://d99n9xvb9513w.cloudfront.net/thumbnails/motions/136100901/static.png
c9c84b67-b96c-11e4-a802-0aaa78deedf9	Start Walking	Start Walking While Aiming	human	https://d99n9xvb9513w.cloudfront.net/thumbnails/motions/116160904/static.png
c9c8b661-b96c-11e4-a802-0aaa78deedf9	Start Walking	Walking From Standing	human	https://d99n9xvb9513w.cloudfront.net/thumbnails/motions/135950901/static.png
c9c866ee-b96c-11e4-a802-0aaa78deedf9	Start Walking Backwards	Start Walking Backwards While Aiming Rifle	human	https://d99n9xvb9513w.cloudfront.net/thumbnails/motions/116150904/static.png
c9cce438-b96c-11e4-a802-0aaa78deedf9	Stealth Assassination	Stealth Assassination From Behind - Assassin	human	https://d99n9xvb9513w.cloudfront.net/thumbnails/motions/123990901/static.png
c9cce689-b96c-11e4-a802-0aaa78deedf9	Stealth Assassination	Stealth Assassination From Behind - Victim	human	https://d99n9xvb9513w.cloudfront.net/thumbnails/motions/123990902/static.png
c9cb4f35-b96c-11e4-a802-0aaa78deedf9	Step Backward	Long Boxing Step Backward	human	https://d99n9xvb9513w.cloudfront.net/thumbnails/motions/110360904/static.png
c9cadc5e-b96c-11e4-a802-0aaa78deedf9	Step Backward	Medium Boxing Step Backward	human	https://d99n9xvb9513w.cloudfront.net/thumbnails/motions/110360903/static.png
c9cadb92-b96c-11e4-a802-0aaa78deedf9	Step Backward	Short Boxing Step Backward	human	https://d99n9xvb9513w.cloudfront.net/thumbnails/motions/110360902/static.png
c9c730f4-b96c-11e4-a802-0aaa78deedf9	Step Hip Hop Dance	Step Hip Hop Dance	human	https://d99n9xvb9513w.cloudfront.net/thumbnails/motions/109010901/static.png
c9c9470b-b96c-11e4-a802-0aaa78deedf9	Stepping Backward	Taking A Step Backward With Aiming Rifle	human	https://d99n9xvb9513w.cloudfront.net/thumbnails/motions/117460901/static.png
c9c94891-b96c-11e4-a802-0aaa78deedf9	Stepping Forward	Taking A Step Forward With Aiming Rifle	human	https://d99n9xvb9513w.cloudfront.net/thumbnails/motions/117470901/static.png
c9c94ba7-b96c-11e4-a802-0aaa78deedf9	Stepping Left	Taking A Step To The Left While Aiming Rifle	human	https://d99n9xvb9513w.cloudfront.net/thumbnails/motions/117480901/static.png
c9cafd3d-b96c-11e4-a802-0aaa78deedf9	Stomach Hit	Receiving A Hit In The Stomach	human	https://d99n9xvb9513w.cloudfront.net/thumbnails/motions/116880909/static.png
c9cca5cc-b96c-11e4-a802-0aaa78deedf9	Stomp	Hard Floor Stomp	human	https://d99n9xvb9513w.cloudfront.net/thumbnails/motions/123300901/static.png
c9ccae10-b96c-11e4-a802-0aaa78deedf9	Stomping	Stomping Foot On Ground	human	https://d99n9xvb9513w.cloudfront.net/thumbnails/motions/123420901/static.png
c9cad888-b96c-11e4-a802-0aaa78deedf9	Stop Jumping Jacks	Stop Jumping Jacks To Fitness Idle	human	https://d99n9xvb9513w.cloudfront.net/thumbnails/motions/120110901/static.png
c9c85a17-b96c-11e4-a802-0aaa78deedf9	Stop Walking	Stops Walking While Aiming Rifle	human	https://d99n9xvb9513w.cloudfront.net/thumbnails/motions/116160903/static.png
c9c8d966-b96c-11e4-a802-0aaa78deedf9	Stop Walking	Walking To Standing Idle	human	https://d99n9xvb9513w.cloudfront.net/thumbnails/motions/136220901/static.png
c9c8e19e-b96c-11e4-a802-0aaa78deedf9	Stop Walking With Rifle	Walking With A Rifle To A Stop	human	https://d99n9xvb9513w.cloudfront.net/thumbnails/motions/136230901/static.png
c9c60126-b96c-11e4-a802-0aaa78deedf9	Strafe	Left Male Strafe	human	https://d99n9xvb9513w.cloudfront.net/thumbnails/motions/90027/static.png
c9c80a75-b96c-11e4-a802-0aaa78deedf9	Strafe	Left Male Strafe	human	https://d99n9xvb9513w.cloudfront.net/thumbnails/motions/115460901/static.png
c9c60226-b96c-11e4-a802-0aaa78deedf9	Strafe	Right Male Strafe	human	https://d99n9xvb9513w.cloudfront.net/thumbnails/motions/90028/static.png
c9c80cb1-b96c-11e4-a802-0aaa78deedf9	Strafe	Right Male Strafe	human	https://d99n9xvb9513w.cloudfront.net/thumbnails/motions/115470901/static.png
c9c73337-b96c-11e4-a802-0aaa78deedf9	Strafe	Running Sideways Facing Forward	human	https://d99n9xvb9513w.cloudfront.net/thumbnails/motions/111290902/static.png
c9c8518f-b96c-11e4-a802-0aaa78deedf9	Strafe	Strafe Left While Aiming Rifle	human	https://d99n9xvb9513w.cloudfront.net/thumbnails/motions/115920901/static.png
c9c83298-b96c-11e4-a802-0aaa78deedf9	Strafe	Strafe Right With Rifle	human	https://d99n9xvb9513w.cloudfront.net/thumbnails/motions/115930901/static.png
c9c874fa-b96c-11e4-a802-0aaa78deedf9	Strafe Left	Rifle Walk Strafe Left	human	https://d99n9xvb9513w.cloudfront.net/thumbnails/motions/116130901/static.png
c9c8a10a-b96c-11e4-a802-0aaa78deedf9	Strafe Right	Crouched Idle To Strafe Walk Right	human	https://d99n9xvb9513w.cloudfront.net/thumbnails/motions/116140904/static.png
c9c86113-b96c-11e4-a802-0aaa78deedf9	Strafe Right	Rifle Walk Strafe Right	human	https://d99n9xvb9513w.cloudfront.net/thumbnails/motions/116140901/static.png
c9c89d61-b96c-11e4-a802-0aaa78deedf9	Strafe Right	Start Strafe Walk Right	human	https://d99n9xvb9513w.cloudfront.net/thumbnails/motions/116140902/static.png
c9c89f96-b96c-11e4-a802-0aaa78deedf9	Strafe Right Stop	Stop Strafe Walk Right	human	https://d99n9xvb9513w.cloudfront.net/thumbnails/motions/116140903/static.png
c9c88600-b96c-11e4-a802-0aaa78deedf9	Strafing	Crouched Start To Run Strafing Right	human	https://d99n9xvb9513w.cloudfront.net/thumbnails/motions/116030902/static.png
c9c88b34-b96c-11e4-a802-0aaa78deedf9	Strafing	Crouched Strafe Run From Left To Stop	human	https://d99n9xvb9513w.cloudfront.net/thumbnails/motions/116050902/static.png
c9c8877b-b96c-11e4-a802-0aaa78deedf9	Strafing	Crouched Strafe Run Right To Stop	human	https://d99n9xvb9513w.cloudfront.net/thumbnails/motions/116040902/static.png
c9c8a04e-b96c-11e4-a802-0aaa78deedf9	Strafing	Left Crouched Strafe Walk To Stop	human	https://d99n9xvb9513w.cloudfront.net/thumbnails/motions/116130905/static.png
c9c89ca4-b96c-11e4-a802-0aaa78deedf9	Strafing	Left Upright Strafe Walk To Stop	human	https://d99n9xvb9513w.cloudfront.net/thumbnails/motions/116130903/static.png
c9c88541-b96c-11e4-a802-0aaa78deedf9	Strafing	Rifle Standing To Start Run Strafing Right	human	https://d99n9xvb9513w.cloudfront.net/thumbnails/motions/116030901/static.png
c9c88fe6-b96c-11e4-a802-0aaa78deedf9	Strafing	Start Left Crouch Strafe Run	human	https://d99n9xvb9513w.cloudfront.net/thumbnails/motions/116060902/static.png
c9c89828-b96c-11e4-a802-0aaa78deedf9	Strafing	Start Left Crouch Strafe Walk	human	https://d99n9xvb9513w.cloudfront.net/thumbnails/motions/116130904/static.png
c9c88caf-b96c-11e4-a802-0aaa78deedf9	Strafing	Start Left Upright Strafe Run	human	https://d99n9xvb9513w.cloudfront.net/thumbnails/motions/116060901/static.png
c9c89530-b96c-11e4-a802-0aaa78deedf9	Strafing	Start Left Upright Strafe Walk	human	https://d99n9xvb9513w.cloudfront.net/thumbnails/motions/116130902/static.png
c9c886bd-b96c-11e4-a802-0aaa78deedf9	Strafing	Strafing Run Right To Stop	human	https://d99n9xvb9513w.cloudfront.net/thumbnails/motions/116040901/static.png
c9c88838-b96c-11e4-a802-0aaa78deedf9	Strafing	Upright Strafe Run Left To Stop	human	https://d99n9xvb9513w.cloudfront.net/thumbnails/motions/116050901/static.png
c9c93840-b96c-11e4-a802-0aaa78deedf9	Strafing Jump	Jumping While Strafing Right	human	https://d99n9xvb9513w.cloudfront.net/thumbnails/motions/117420901/static.png
c9c9e530-b96c-11e4-a802-0aaa78deedf9	Strangling	Sneaking Up From Behind And Strangling	human	https://d99n9xvb9513w.cloudfront.net/thumbnails/motions/116010901/static.png
c9ccb285-b96c-11e4-a802-0aaa78deedf9	Strike Foward Jog	Jogging And Kicking A Soccerball Forward	human	https://d99n9xvb9513w.cloudfront.net/thumbnails/motions/123480901/static.png
c9ce69a8-b96c-11e4-a802-0aaa78deedf9	Stroke Hand Gesture	Stroke Victim Laying Gesturing With Hand	human	https://d99n9xvb9513w.cloudfront.net/thumbnails/motions/128480901/static.png
c9ce6749-b96c-11e4-a802-0aaa78deedf9	Stroke Nodding	Stroke Victim Laying Nodding	human	https://d99n9xvb9513w.cloudfront.net/thumbnails/motions/128450901/static.png
c9ce680a-b96c-11e4-a802-0aaa78deedf9	Stroke Shaking Head	Stroke Victim Laying Shaking Head	human	https://d99n9xvb9513w.cloudfront.net/thumbnails/motions/128460901/static.png
c9ce68e0-b96c-11e4-a802-0aaa78deedf9	Stroke Shrugging	Stroke Victim Laying Shrugging	human	https://d99n9xvb9513w.cloudfront.net/thumbnails/motions/128470901/static.png
c9cd9222-b96c-11e4-a802-0aaa78deedf9	Strong Gesture	Sporty Granny Strong Gesture	human	https://d99n9xvb9513w.cloudfront.net/thumbnails/motions/127310901/static.png
c9c8ad7e-b96c-11e4-a802-0aaa78deedf9	Struck In Head	Struck In Head While Sitting	human	https://d99n9xvb9513w.cloudfront.net/thumbnails/motions/135710901/static.png
c9c671b2-b96c-11e4-a802-0aaa78deedf9	Strut Walking	Male Strut Walk	human	https://d99n9xvb9513w.cloudfront.net/thumbnails/motions/102230901/static.png
c9c8fe6e-b96c-11e4-a802-0aaa78deedf9	Stumble Backwards	Slip And Fall Backwards	human	https://d99n9xvb9513w.cloudfront.net/thumbnails/motions/137180901/static.png
c9c8caf2-b96c-11e4-a802-0aaa78deedf9	Stumbling	Stumbling Over Crate	human	https://d99n9xvb9513w.cloudfront.net/thumbnails/motions/135740901/static.png
c9ca7f74-b96c-11e4-a802-0aaa78deedf9	Stunned	Male Knocked Down From A Punch	human	https://d99n9xvb9513w.cloudfront.net/thumbnails/motions/119740901/static.png
c9caba56-b96c-11e4-a802-0aaa78deedf9	Stylish Flip	Aerial Backflip To Land	human	https://d99n9xvb9513w.cloudfront.net/thumbnails/motions/120460901/static.png
c9cb2bb1-b96c-11e4-a802-0aaa78deedf9	Sumo High Pull	End Sumo High Pull Workout To Fitness Idle	human	https://d99n9xvb9513w.cloudfront.net/thumbnails/motions/120260901/static.png
c9cb2a1a-b96c-11e4-a802-0aaa78deedf9	Sumo High Pull	Start Sumo High Pull Workout From Fitness Idle	human	https://d99n9xvb9513w.cloudfront.net/thumbnails/motions/120250901/static.png
c9cb288f-b96c-11e4-a802-0aaa78deedf9	Sumo High Pull	Sumo High Pull Workout	human	https://d99n9xvb9513w.cloudfront.net/thumbnails/motions/120240901/static.png
c9c67ec5-b96c-11e4-a802-0aaa78deedf9	Superhuman Choke Lift	Superhuman One Hand Choke Lift	human	https://d99n9xvb9513w.cloudfront.net/thumbnails/motions/102280901/static.png
c9cd1318-b96c-11e4-a802-0aaa78deedf9	Surprise Uppercut	Attacker Chase Down Give Surprise Uppercut	human	https://d99n9xvb9513w.cloudfront.net/thumbnails/motions/125360901/static.png
c9cd125a-b96c-11e4-a802-0aaa78deedf9	Surprise Uppercut	Victim Chased Down Given Surprise Uppercut	human	https://d99n9xvb9513w.cloudfront.net/thumbnails/motions/125360902/static.png
c9c70e34-b96c-11e4-a802-0aaa78deedf9	Surprised	Finding Something And Wiggling Fingers	human	https://d99n9xvb9513w.cloudfront.net/thumbnails/motions/110150902/static.png
c9c8a862-b96c-11e4-a802-0aaa78deedf9	Swagger Walk	Walking With A Swagger	human	https://d99n9xvb9513w.cloudfront.net/thumbnails/motions/136540901/static.png
c9c8ea4a-b96c-11e4-a802-0aaa78deedf9	Swatting Bugs	Walking While Swatting At Bugs In The Air	human	https://d99n9xvb9513w.cloudfront.net/thumbnails/motions/137390901/static.png
c9c7f722-b96c-11e4-a802-0aaa78deedf9	Sweep Fall	Getting Feet Swept Out From Underneath And Falling	human	https://d99n9xvb9513w.cloudfront.net/thumbnails/motions/112610901/static.png
c9c798a8-b96c-11e4-a802-0aaa78deedf9	Swimming	Swimming Underwater	human	https://d99n9xvb9513w.cloudfront.net/thumbnails/motions/110800901/static.png
c9c809b5-b96c-11e4-a802-0aaa78deedf9	Swimming To Edge	Swimming Breastroke To Edge Of Pool	human	https://d99n9xvb9513w.cloudfront.net/thumbnails/motions/115100901/static.png
c9c6f6d0-b96c-11e4-a802-0aaa78deedf9	Swing Dancing	Dance Swing Charleston	human	https://d99n9xvb9513w.cloudfront.net/thumbnails/motions/109610901/static.png
c9c76ac3-b96c-11e4-a802-0aaa78deedf9	Swing Dancing	Swing Dance Charleston "Crazy Legs"	human	https://d99n9xvb9513w.cloudfront.net/thumbnails/motions/109600902/static.png
c9c767ad-b96c-11e4-a802-0aaa78deedf9	Swing Dancing	Swing Dance Charleston Variation 2	human	https://d99n9xvb9513w.cloudfront.net/thumbnails/motions/109600901/static.png
c9c76dd3-b96c-11e4-a802-0aaa78deedf9	Swing Dancing	Swing Dance Shim Sham Variation 1	human	https://d99n9xvb9513w.cloudfront.net/thumbnails/motions/109620901/static.png
c9c6ee60-b96c-11e4-a802-0aaa78deedf9	Swing Dancing	Swing Dance Shim Sham Variation 2	human	https://d99n9xvb9513w.cloudfront.net/thumbnails/motions/109630901/static.png
c9cac7d8-b96c-11e4-a802-0aaa78deedf9	Swing Into Wall	Swing In Hit Wall To Crouched Land	human	https://d99n9xvb9513w.cloudfront.net/thumbnails/motions/120480901/static.png
c9caca13-b96c-11e4-a802-0aaa78deedf9	Swing To Land	High Leg Swing To Crouched Land	human	https://d99n9xvb9513w.cloudfront.net/thumbnails/motions/120510901/static.png
c9cac71d-b96c-11e4-a802-0aaa78deedf9	Swing To Land	Poor Swing In To Crouched Land	human	https://d99n9xvb9513w.cloudfront.net/thumbnails/motions/120470901/static.png
c9cac896-b96c-11e4-a802-0aaa78deedf9	Swing To Land	Swing Backflip To Crouched Land	human	https://d99n9xvb9513w.cloudfront.net/thumbnails/motions/120490901/static.png
c9ce7f5b-b96c-11e4-a802-0aaa78deedf9	Swing To Land	Swing Backflip To Superhero Pose	human	https://d99n9xvb9513w.cloudfront.net/thumbnails/motions/120490902/static.png
c9ca8e91-b96c-11e4-a802-0aaa78deedf9	Swinging	Male One Arm Swing Onto Platform	human	https://d99n9xvb9513w.cloudfront.net/thumbnails/motions/119820901/static.png
c9ca9cba-b96c-11e4-a802-0aaa78deedf9	Swinging	Male Two Arm Swing Onto Platform	human	https://d99n9xvb9513w.cloudfront.net/thumbnails/motions/119830901/static.png
c9cc4e48-b96c-11e4-a802-0aaa78deedf9	Sword And Shield 180 Turn	Sword And Shield Run 180 Turn	human	https://d99n9xvb9513w.cloudfront.net/thumbnails/motions/122750901/static.png
c9cc4bed-b96c-11e4-a802-0aaa78deedf9	Sword And Shield 180 Turn	Sword And Shield Walk 180 Turn	human	https://d99n9xvb9513w.cloudfront.net/thumbnails/motions/122720901/static.png
c9cc63b7-b96c-11e4-a802-0aaa78deedf9	Sword And Shield Attack	Sword And Shield High Attack	human	https://d99n9xvb9513w.cloudfront.net/thumbnails/motions/122970901/static.png
c9cc6927-b96c-11e4-a802-0aaa78deedf9	Sword And Shield Attack	Sword And Shield Hilt Melee	human	https://d99n9xvb9513w.cloudfront.net/thumbnails/motions/123040901/static.png
c9cc62ee-b96c-11e4-a802-0aaa78deedf9	Sword And Shield Attack	Sword And Shield Jump Attack	human	https://d99n9xvb9513w.cloudfront.net/thumbnails/motions/122960901/static.png
c9cc6481-b96c-11e4-a802-0aaa78deedf9	Sword And Shield Attack	Sword And Shield Low Attack	human	https://d99n9xvb9513w.cloudfront.net/thumbnails/motions/122980901/static.png
c9cc560f-b96c-11e4-a802-0aaa78deedf9	Sword And Shield Block	Sword And Shield Block To Idle	human	https://d99n9xvb9513w.cloudfront.net/thumbnails/motions/122830901/static.png
c9cc52f4-b96c-11e4-a802-0aaa78deedf9	Sword And Shield Block	Sword And Shield Idle To Block	human	https://d99n9xvb9513w.cloudfront.net/thumbnails/motions/122810901/static.png
c9cc53c2-b96c-11e4-a802-0aaa78deedf9	Sword And Shield Block Idle	Sword And Shield Block Idle	human	https://d99n9xvb9513w.cloudfront.net/thumbnails/motions/122820901/static.png
c9cc6860-b96c-11e4-a802-0aaa78deedf9	Sword And Shield Casting	Sword And Shield Spell Casting	human	https://d99n9xvb9513w.cloudfront.net/thumbnails/motions/123030901/static.png
c9cc9996-b96c-11e4-a802-0aaa78deedf9	Sword And Shield Casting	Sword And Shield Spell Casting	human	https://d99n9xvb9513w.cloudfront.net/thumbnails/motions/123110901/static.png
c9cc5a08-b96c-11e4-a802-0aaa78deedf9	Sword And Shield Crouch	Sword And Shield Stand To Crouch	human	https://d99n9xvb9513w.cloudfront.net/thumbnails/motions/122870901/static.png
c9cc615b-b96c-11e4-a802-0aaa78deedf9	Sword And Shield Crouch Block	Sword And Shield Blocked Impact	human	https://d99n9xvb9513w.cloudfront.net/thumbnails/motions/122940901/static.png
c9cc5e5a-b96c-11e4-a802-0aaa78deedf9	Sword And Shield Crouch Block	Sword And Shield Left Crouch  To Block	human	https://d99n9xvb9513w.cloudfront.net/thumbnails/motions/122910901/static.png
c9cc5f7e-b96c-11e4-a802-0aaa78deedf9	Sword And Shield Crouch Block Idle	Sword And Shield Crouch Block Idle	human	https://d99n9xvb9513w.cloudfront.net/thumbnails/motions/122920901/static.png
c9cc5b9b-b96c-11e4-a802-0aaa78deedf9	Sword And Shield Crouch Idle	Sword And Shield Left Crouch Idle- Loop	human	https://d99n9xvb9513w.cloudfront.net/thumbnails/motions/122890901/static.png
c9cc6074-b96c-11e4-a802-0aaa78deedf9	Sword And Shield Crouching	Sword And Shield Block To Crouch	human	https://d99n9xvb9513w.cloudfront.net/thumbnails/motions/122930901/static.png
c9cc5ad4-b96c-11e4-a802-0aaa78deedf9	Sword And Shield Crouching	Sword And Shield Crouch To Stand	human	https://d99n9xvb9513w.cloudfront.net/thumbnails/motions/122880901/static.png
c9cc6225-b96c-11e4-a802-0aaa78deedf9	Sword And Shield Crouching	Sword And Shield Unblocked Impact	human	https://d99n9xvb9513w.cloudfront.net/thumbnails/motions/122950901/static.png
c9cc6aba-b96c-11e4-a802-0aaa78deedf9	Sword And Shield Death	Sword And Shield Falling Back Death	human	https://d99n9xvb9513w.cloudfront.net/thumbnails/motions/123060901/static.png
c9cc6b82-b96c-11e4-a802-0aaa78deedf9	Sword And Shield Death	Sword And Shield Falling Forward Death	human	https://d99n9xvb9513w.cloudfront.net/thumbnails/motions/123070901/static.png
c9cc6f74-b96c-11e4-a802-0aaa78deedf9	Sword And Shield Idle	Sword And Shield Idle	human	https://d99n9xvb9513w.cloudfront.net/thumbnails/motions/123100901/static.png
c9cc6546-b96c-11e4-a802-0aaa78deedf9	Sword And Shield Idle	Sword And Shield Look Around Idle	human	https://d99n9xvb9513w.cloudfront.net/thumbnails/motions/122990901/static.png
c9cc66d5-b96c-11e4-a802-0aaa78deedf9	Sword And Shield Idle	Sword And Shield Stretch Idle	human	https://d99n9xvb9513w.cloudfront.net/thumbnails/motions/123010901/static.png
c9cc660c-b96c-11e4-a802-0aaa78deedf9	Sword And Shield Idle	Sword And Shield Sword Play Idle	human	https://d99n9xvb9513w.cloudfront.net/thumbnails/motions/123000901/static.png
c9cc575e-b96c-11e4-a802-0aaa78deedf9	Sword And Shield Impact	Sword And Shield Blocked Impact	human	https://d99n9xvb9513w.cloudfront.net/thumbnails/motions/122840901/static.png
c9cc593b-b96c-11e4-a802-0aaa78deedf9	Sword And Shield Impact	Sword And Shield Head Impact	human	https://d99n9xvb9513w.cloudfront.net/thumbnails/motions/122860901/static.png
c9cc5854-b96c-11e4-a802-0aaa78deedf9	Sword And Shield Impact	Sword And Shield Unblocked Impact	human	https://d99n9xvb9513w.cloudfront.net/thumbnails/motions/122850901/static.png
c9cc48d1-b96c-11e4-a802-0aaa78deedf9	Sword And Shield Jump	Sword And Shield Jump From Idle	human	https://d99n9xvb9513w.cloudfront.net/thumbnails/motions/122680901/static.png
c9cc4807-b96c-11e4-a802-0aaa78deedf9	Sword And Shield Jump	Sword And Shield Running Jump	human	https://d99n9xvb9513w.cloudfront.net/thumbnails/motions/122670901/static.png
c9cc679e-b96c-11e4-a802-0aaa78deedf9	Sword And Shield Kick	Sword And Shield Sparta Kick	human	https://d99n9xvb9513w.cloudfront.net/thumbnails/motions/123020901/static.png
c9cc69f1-b96c-11e4-a802-0aaa78deedf9	Sword And Shield Power Up	Sword And Shield Powering Up	human	https://d99n9xvb9513w.cloudfront.net/thumbnails/motions/123050901/static.png
c9cc4f13-b96c-11e4-a802-0aaa78deedf9	Sword And Shield Run	Sword And Shield Backward Run	human	https://d99n9xvb9513w.cloudfront.net/thumbnails/motions/122760901/static.png
c9cc4740-b96c-11e4-a802-0aaa78deedf9	Sword And Shield Run	Sword And Shield Run	human	https://d99n9xvb9513w.cloudfront.net/thumbnails/motions/122660901/static.png
c9cc5167-b96c-11e4-a802-0aaa78deedf9	Sword And Shield Slash	Sword And Shield Cross Slash	human	https://d99n9xvb9513w.cloudfront.net/thumbnails/motions/122790901/static.png
c9cc5c62-b96c-11e4-a802-0aaa78deedf9	Sword And Shield Slash	Sword And Shield Crouch Slash	human	https://d99n9xvb9513w.cloudfront.net/thumbnails/motions/122900901/static.png
c9cc4fd7-b96c-11e4-a802-0aaa78deedf9	Sword And Shield Slash	Sword And Shield Downward Slash	human	https://d99n9xvb9513w.cloudfront.net/thumbnails/motions/122770901/static.png
c9cc522d-b96c-11e4-a802-0aaa78deedf9	Sword And Shield Slash	Sword And Shield Power Slash	human	https://d99n9xvb9513w.cloudfront.net/thumbnails/motions/122800901/static.png
c9cc50a3-b96c-11e4-a802-0aaa78deedf9	Sword And Shield Slash	Sword And Shield Slash Combo	human	https://d99n9xvb9513w.cloudfront.net/thumbnails/motions/122780901/static.png
c9cc4cbd-b96c-11e4-a802-0aaa78deedf9	Sword And Shield Strafe	Sword And Shield Left Run Strafe	human	https://d99n9xvb9513w.cloudfront.net/thumbnails/motions/122730901/static.png
c9cc4a62-b96c-11e4-a802-0aaa78deedf9	Sword And Shield Strafe	Sword And Shield Left Strafe Walk	human	https://d99n9xvb9513w.cloudfront.net/thumbnails/motions/122700901/static.png
c9cc4d87-b96c-11e4-a802-0aaa78deedf9	Sword And Shield Strafe	Sword And Shield Right Run Strafe	human	https://d99n9xvb9513w.cloudfront.net/thumbnails/motions/122740901/static.png
c9cc4999-b96c-11e4-a802-0aaa78deedf9	Sword And Shield Strafe	Sword And Shield Right Strafe Walk	human	https://d99n9xvb9513w.cloudfront.net/thumbnails/motions/122690901/static.png
c9cc6e53-b96c-11e4-a802-0aaa78deedf9	Sword And Shield Turn	Sword And Shield 90 Degree Left Turn	human	https://d99n9xvb9513w.cloudfront.net/thumbnails/motions/123090901/static.png
c9cc6c51-b96c-11e4-a802-0aaa78deedf9	Sword And Shield Turn	Sword And Shield 90 Degree Right Turn	human	https://d99n9xvb9513w.cloudfront.net/thumbnails/motions/123080901/static.png
c9cc4b25-b96c-11e4-a802-0aaa78deedf9	Sword And Shield Walk	Sword And Shield Backward Walk	human	https://d99n9xvb9513w.cloudfront.net/thumbnails/motions/122710901/static.png
c9cc467a-b96c-11e4-a802-0aaa78deedf9	Sword And Shield Walk	Sword And Shield Walk	human	https://d99n9xvb9513w.cloudfront.net/thumbnails/motions/122650901/static.png
c9c76f5c-b96c-11e4-a802-0aaa78deedf9	Sword Fight One	Person A - Winner	human	https://d99n9xvb9513w.cloudfront.net/thumbnails/motions/112410901/static.png
c9c7701b-b96c-11e4-a802-0aaa78deedf9	Sword Fight One	Person B - Loser	human	https://d99n9xvb9513w.cloudfront.net/thumbnails/motions/112410902/static.png
c9c818ab-b96c-11e4-a802-0aaa78deedf9	T-Pose	Standard T-Pose	human	https://d99n9xvb9513w.cloudfront.net/thumbnails/motions/115510901/static.png
c9cd0a59-b96c-11e4-a802-0aaa78deedf9	Taken Hostage - Victim	Hostage From Behind By Armed Villain	human	https://d99n9xvb9513w.cloudfront.net/thumbnails/motions/124060902/static.png
c9cd0997-b96c-11e4-a802-0aaa78deedf9	Taken Hostage - Villain	Armed Villain Taking A Hostage From Behind	human	https://d99n9xvb9513w.cloudfront.net/thumbnails/motions/124060901/static.png
c9ce73bf-b96c-11e4-a802-0aaa78deedf9	Taking A Pill	Laying Taking A Pill	human	https://d99n9xvb9513w.cloudfront.net/thumbnails/motions/128570901/static.png
c9c8d4db-b96c-11e4-a802-0aaa78deedf9	Taking Cover	Taking Cover Against A Wall With Rifle	human	https://d99n9xvb9513w.cloudfront.net/thumbnails/motions/136090901/static.png
c9ca807d-b96c-11e4-a802-0aaa78deedf9	Taking Cover Idle	Cover Idle Against A Wall With Rifle	human	https://d99n9xvb9513w.cloudfront.net/thumbnails/motions/136090902/static.png
c9c84cf6-b96c-11e4-a802-0aaa78deedf9	Taking Item	Taking An Item And Examining It	human	https://d99n9xvb9513w.cloudfront.net/thumbnails/motions/130290902/static.png
c9c82f93-b96c-11e4-a802-0aaa78deedf9	Taking Punch	Getting Hit In The Face From Various Angles	human	https://d99n9xvb9513w.cloudfront.net/thumbnails/motions/111420901/static.png
c9c6de72-b96c-11e4-a802-0aaa78deedf9	Talking	Asking A Question	human	https://d99n9xvb9513w.cloudfront.net/thumbnails/motions/108420902/static.png
c9c6ffbe-b96c-11e4-a802-0aaa78deedf9	Talking	Asking A Question With One Hand	human	https://d99n9xvb9513w.cloudfront.net/thumbnails/motions/109800902/static.png
c9c6fd7b-b96c-11e4-a802-0aaa78deedf9	Talking	Asking A Question With Two Hands	human	https://d99n9xvb9513w.cloudfront.net/thumbnails/motions/109800901/static.png
c9c88301-b96c-11e4-a802-0aaa78deedf9	Talking	General Conversation	human	https://d99n9xvb9513w.cloudfront.net/thumbnails/motions/110090902/static.png
c9c6119d-b96c-11e4-a802-0aaa78deedf9	Talking	Male Talking On The Cell Phone	human	https://d99n9xvb9513w.cloudfront.net/thumbnails/motions/100610903/static.png
c9c6500d-b96c-11e4-a802-0aaa78deedf9	Talking	Male Talking While Seated	human	https://d99n9xvb9513w.cloudfront.net/thumbnails/motions/101780903/static.png
c9c6ddb2-b96c-11e4-a802-0aaa78deedf9	Talking	Talking Finding Something Funny	human	https://d99n9xvb9513w.cloudfront.net/thumbnails/motions/108420901/static.png
c9c9f1c9-b96c-11e4-a802-0aaa78deedf9	Talking At Watercooler	Having A Chat At The Watercooler	human	https://d99n9xvb9513w.cloudfront.net/thumbnails/motions/119000901/static.png
c9ca0104-b96c-11e4-a802-0aaa78deedf9	Talking On A Cell Phone	Male Standing While Talking On A Cell Phone	human	https://d99n9xvb9513w.cloudfront.net/thumbnails/motions/119140901/static.png
c9c9f63d-b96c-11e4-a802-0aaa78deedf9	Talking On Phone	Female Standing Talking On Phone	human	https://d99n9xvb9513w.cloudfront.net/thumbnails/motions/119170901/static.png
c9ca0249-b96c-11e4-a802-0aaa78deedf9	Talking Phone Pacing	Male Talking On The Cell Phone While Pacing Back And Forth	human	https://d99n9xvb9513w.cloudfront.net/thumbnails/motions/119160901/static.png
c9cb3946-b96c-11e4-a802-0aaa78deedf9	Taunt	Boxing Taunt	human	https://d99n9xvb9513w.cloudfront.net/thumbnails/motions/110590902/static.png
c9c706d2-b96c-11e4-a802-0aaa78deedf9	Taunt	Flexing Muscles	human	https://d99n9xvb9513w.cloudfront.net/thumbnails/motions/110620901/static.png
c9c728e1-b96c-11e4-a802-0aaa78deedf9	Taunt	Spank Twice	human	https://d99n9xvb9513w.cloudfront.net/thumbnails/motions/110880901/static.png
c9c70cc1-b96c-11e4-a802-0aaa78deedf9	Taunt	Taunting Pointing At Wrist	human	https://d99n9xvb9513w.cloudfront.net/thumbnails/motions/110610901/static.png
c9c71b7f-b96c-11e4-a802-0aaa78deedf9	Taunt	Taunting Throwing Arms Back	human	https://d99n9xvb9513w.cloudfront.net/thumbnails/motions/110600901/static.png
c9cd92e4-b96c-11e4-a802-0aaa78deedf9	Taunt Gesture	Sporty Granny Taunting Gesture	human	https://d99n9xvb9513w.cloudfront.net/thumbnails/motions/127320901/static.png
c9ccd2ed-b96c-11e4-a802-0aaa78deedf9	Teeter	Long Teetering On An Edge	human	https://d99n9xvb9513w.cloudfront.net/thumbnails/motions/124190901/static.png
c9ccd230-b96c-11e4-a802-0aaa78deedf9	Teeter	Short Teetering On An Edge	human	https://d99n9xvb9513w.cloudfront.net/thumbnails/motions/124180901/static.png
c9cccff5-b96c-11e4-a802-0aaa78deedf9	Teeter Transition	Transitioning From Walking To Teetering	human	https://d99n9xvb9513w.cloudfront.net/thumbnails/motions/124150901/static.png
c9c6f90e-b96c-11e4-a802-0aaa78deedf9	Telling A Secret	Telling A Secret	human	https://d99n9xvb9513w.cloudfront.net/thumbnails/motions/109900901/static.png
c9c9e8d6-b96c-11e4-a802-0aaa78deedf9	Tender Placement	Being Tenderly Placed On A Bed	human	https://d99n9xvb9513w.cloudfront.net/thumbnails/motions/115420902/static.png
c9c9e6a3-b96c-11e4-a802-0aaa78deedf9	Tender Placement	Tenderly Placing Someone On A Bed	human	https://d99n9xvb9513w.cloudfront.net/thumbnails/motions/115420901/static.png
c9c99025-b96c-11e4-a802-0aaa78deedf9	Terrified	Being Terrified While Standing	human	https://d99n9xvb9513w.cloudfront.net/thumbnails/motions/118010901/static.png
c9c9fb33-b96c-11e4-a802-0aaa78deedf9	Texting	Standing Texting On Phone	human	https://d99n9xvb9513w.cloudfront.net/thumbnails/motions/119350901/static.png
c9c9f90e-b96c-11e4-a802-0aaa78deedf9	Texting And Walking	Female Walking And Texting On Phone	human	https://d99n9xvb9513w.cloudfront.net/thumbnails/motions/119330901/static.png
c9c9fa4d-b96c-11e4-a802-0aaa78deedf9	Texting While Standing	Texting On A Smart Phone While Standing	human	https://d99n9xvb9513w.cloudfront.net/thumbnails/motions/119340901/static.png
c9c9959c-b96c-11e4-a802-0aaa78deedf9	Thankful	Being Thankful While Standing	human	https://d99n9xvb9513w.cloudfront.net/thumbnails/motions/118020901/static.png
c9c990e8-b96c-11e4-a802-0aaa78deedf9	Thinking	Thinking While Standing	human	https://d99n9xvb9513w.cloudfront.net/thumbnails/motions/118030901/static.png
c9c91939-b96c-11e4-a802-0aaa78deedf9	Thoughtful Head Nod	Thoughtfully Nodding Head Yes	human	https://d99n9xvb9513w.cloudfront.net/thumbnails/motions/117320901/static.png
c9c9204d-b96c-11e4-a802-0aaa78deedf9	Thoughtful Head Shake	Shaking Head No Thoughtfully	human	https://d99n9xvb9513w.cloudfront.net/thumbnails/motions/117070901/static.png
c9c98cab-b96c-11e4-a802-0aaa78deedf9	Threatening	Being Threatening While Standing	human	https://d99n9xvb9513w.cloudfront.net/thumbnails/motions/118040901/static.png
c9c96daf-b96c-11e4-a802-0aaa78deedf9	Thriller Idle	Thriller Dance Beginning Idle	human	https://d99n9xvb9513w.cloudfront.net/thumbnails/motions/114680901/static.png
c9c9706d-b96c-11e4-a802-0aaa78deedf9	Thriller Part 1	Thriller Dance Part 1	human	https://d99n9xvb9513w.cloudfront.net/thumbnails/motions/114680902/static.png
c9c9678e-b96c-11e4-a802-0aaa78deedf9	Thriller Part 2	Thriller Dance Part 2	human	https://d99n9xvb9513w.cloudfront.net/thumbnails/motions/114690901/static.png
c9c969f6-b96c-11e4-a802-0aaa78deedf9	Thriller Part 3	Thriller Dance Part 3	human	https://d99n9xvb9513w.cloudfront.net/thumbnails/motions/114700901/static.png
c9c966b9-b96c-11e4-a802-0aaa78deedf9	Thriller Part 4	Thriller Dance Part 4	human	https://d99n9xvb9513w.cloudfront.net/thumbnails/motions/114710901/static.png
c9cb09fa-b96c-11e4-a802-0aaa78deedf9	Throw	Throwing An Object From A Standard Pose	human	https://d99n9xvb9513w.cloudfront.net/thumbnails/motions/120560901/static.png
c9c872b9-b96c-11e4-a802-0aaa78deedf9	Throw Grenade	Throw Grenade While In Prone Position	human	https://d99n9xvb9513w.cloudfront.net/thumbnails/motions/115810901/static.png
c9c86b60-b96c-11e4-a802-0aaa78deedf9	Throw Grenade	Throwing Grenade While Crouched	human	https://d99n9xvb9513w.cloudfront.net/thumbnails/motions/115740901/static.png
c9cb4db1-b96c-11e4-a802-0aaa78deedf9	Throw In	Soccer Sideline Throw In	human	https://d99n9xvb9513w.cloudfront.net/thumbnails/motions/120810901/static.png
c9c9da9b-b96c-11e4-a802-0aaa78deedf9	Throw Object	Picking Up Object And Throwing	human	https://d99n9xvb9513w.cloudfront.net/thumbnails/motions/116020901/static.png
c9c835e6-b96c-11e4-a802-0aaa78deedf9	Throwing	Throwing And Object	human	https://d99n9xvb9513w.cloudfront.net/thumbnails/motions/130300901/static.png
c9c78e47-b96c-11e4-a802-0aaa78deedf9	Throwing Dice	Throwing Dice From A Sitting Position	human	https://d99n9xvb9513w.cloudfront.net/thumbnails/motions/113270901/static.png
c9c9e16e-b96c-11e4-a802-0aaa78deedf9	Thrust Slash	Thrust And Slash With Blade	human	https://d99n9xvb9513w.cloudfront.net/thumbnails/motions/115180901/static.png
c9ce80df-b96c-11e4-a802-0aaa78deedf9	Tonic Seizure	Laying Having A Seizure	human	https://d99n9xvb9513w.cloudfront.net/thumbnails/motions/128560902/static.png
c9c8236b-b96c-11e4-a802-0aaa78deedf9	Toss Grenade	Throwing Something Holding Rifle Aimed	human	https://d99n9xvb9513w.cloudfront.net/thumbnails/motions/115870901/static.png
c9cb6238-b96c-11e4-a802-0aaa78deedf9	Transition	Low Kick To Idle Transition	human	https://d99n9xvb9513w.cloudfront.net/thumbnails/motions/120950901/static.png
c9c858e6-b96c-11e4-a802-0aaa78deedf9	Treading Water	Floating	human	https://d99n9xvb9513w.cloudfront.net/thumbnails/motions/116530901/static.png
c9ce7e95-b96c-11e4-a802-0aaa78deedf9	Treadmill Running	Running On A Treadmill From Slow To Fast	human	https://d99n9xvb9513w.cloudfront.net/thumbnails/motions/128630908/static.png
c9c77607-b96c-11e4-a802-0aaa78deedf9	Tripping	Tripping Forward While Walking	human	https://d99n9xvb9513w.cloudfront.net/thumbnails/motions/112620901/static.png
c9cca21b-b96c-11e4-a802-0aaa78deedf9	Tripping	Walk To Tripping And Falling	human	https://d99n9xvb9513w.cloudfront.net/thumbnails/motions/123250901/static.png
c9cbe411-b96c-11e4-a802-0aaa78deedf9	Troca 1	Capoeira Floor Escape	human	https://d99n9xvb9513w.cloudfront.net/thumbnails/motions/121320901/static.png
c9ce89ec-b96c-11e4-a802-0aaa78deedf9	Turn 90 Left	Rifle Turn 90 Left	human	https://d99n9xvb9513w.cloudfront.net/thumbnails/motions/128620936/static.png
c9cea265-b96c-11e4-a802-0aaa78deedf9	Turn 90 Right	Rifle Turn 90 Right	human	https://d99n9xvb9513w.cloudfront.net/thumbnails/motions/128620937/static.png
c9c94d31-b96c-11e4-a802-0aaa78deedf9	Turn Left	Turn Left While Aiming	human	https://d99n9xvb9513w.cloudfront.net/thumbnails/motions/117440903/static.png
c9c8b59e-b96c-11e4-a802-0aaa78deedf9	Turn Left	Turn Left While Crouching	human	https://d99n9xvb9513w.cloudfront.net/thumbnails/motions/116170901/static.png
c9c933bf-b96c-11e4-a802-0aaa78deedf9	Turn Left	Turn Left While Crouching Game Blend	human	https://d99n9xvb9513w.cloudfront.net/thumbnails/motions/116170902/static.png
c9ccccfa-b96c-11e4-a802-0aaa78deedf9	Turn Left 45 Degrees	Turn Left 45 Degrees While Aiming Rifle	human	https://d99n9xvb9513w.cloudfront.net/thumbnails/motions/117440901/static.png
c9c8bdea-b96c-11e4-a802-0aaa78deedf9	Turn Right	Turn Right While Crouching	human	https://d99n9xvb9513w.cloudfront.net/thumbnails/motions/116180901/static.png
c9c936bd-b96c-11e4-a802-0aaa78deedf9	Turn Right	Turn Right While Crouching Game Blend	human	https://d99n9xvb9513w.cloudfront.net/thumbnails/motions/116180902/static.png
c9cbfa52-b96c-11e4-a802-0aaa78deedf9	Turn To Knocked Unconscious	Turn To Getting Knocked Unconscious	human	https://d99n9xvb9513w.cloudfront.net/thumbnails/motions/121460901/static.png
c9c8fffc-b96c-11e4-a802-0aaa78deedf9	Turn To Running	Turn Right And Run	human	https://d99n9xvb9513w.cloudfront.net/thumbnails/motions/137680901/static.png
c9c645d6-b96c-11e4-a802-0aaa78deedf9	Turning	Male Walk Then Turn With A Rifle	human	https://d99n9xvb9513w.cloudfront.net/thumbnails/motions/101690901/static.png
c9c70ef0-b96c-11e4-a802-0aaa78deedf9	Turning	Turning In Place	human	https://d99n9xvb9513w.cloudfront.net/thumbnails/motions/104010901/static.png
c9c83985-b96c-11e4-a802-0aaa78deedf9	Turning Right	Quick 90 Degree Right Turn	human	https://d99n9xvb9513w.cloudfront.net/thumbnails/motions/130770901/static.png
c9c930cf-b96c-11e4-a802-0aaa78deedf9	Turning Right 45 Degrees	45 Degree Right Turn While Aiming A Rifle	human	https://d99n9xvb9513w.cloudfront.net/thumbnails/motions/117450901/static.png
c9c93543-b96c-11e4-a802-0aaa78deedf9	Turning Right 45 Degrees	45 Degree Right Turn While Aiming A Rifle Game Blend	human	https://d99n9xvb9513w.cloudfront.net/thumbnails/motions/117450903/static.png
c9c932fb-b96c-11e4-a802-0aaa78deedf9	Turning Right 90 Degrees	90 Degree Right Turn While Aiming A Rifle	human	https://d99n9xvb9513w.cloudfront.net/thumbnails/motions/117450902/static.png
c9c73aa7-b96c-11e4-a802-0aaa78deedf9	Tut Hip Hop Dance	Tut Hip Hop Dance Variation One	human	https://d99n9xvb9513w.cloudfront.net/thumbnails/motions/108880901/static.png
c9c74151-b96c-11e4-a802-0aaa78deedf9	Tut Hip Hop Dance	Tut Hip Hop Dance Variation Two	human	https://d99n9xvb9513w.cloudfront.net/thumbnails/motions/108890901/static.png
c9cd48df-b96c-11e4-a802-0aaa78deedf9	Twist Dance	Doing The Twist Dance	human	https://d99n9xvb9513w.cloudfront.net/thumbnails/motions/125670901/static.png
c9cbfd9c-b96c-11e4-a802-0aaa78deedf9	Two Cycle Sprint	Full Speed Sprint For Two Cycles	human	https://d99n9xvb9513w.cloudfront.net/thumbnails/motions/121480901/static.png
c9cdb104-b96c-11e4-a802-0aaa78deedf9	Two Hand Club Combo	Two Handed Club Combo Attack	human	https://d99n9xvb9513w.cloudfront.net/thumbnails/motions/128150901/static.png
c9c7ffde-b96c-11e4-a802-0aaa78deedf9	Two Hand Spell Casting	Casting A Spell With Two Hands	human	https://d99n9xvb9513w.cloudfront.net/thumbnails/motions/114810901/static.png
c9cdb03e-b96c-11e4-a802-0aaa78deedf9	Two Hand Sword Combo	Two Handed Sword Combo Attack	human	https://d99n9xvb9513w.cloudfront.net/thumbnails/motions/128140901/static.png
c9cc9aaa-b96c-11e4-a802-0aaa78deedf9	Two Handed Sword Death	Falling Back Death	human	https://d99n9xvb9513w.cloudfront.net/thumbnails/motions/123120901/static.png
c9ccb63f-b96c-11e4-a802-0aaa78deedf9	Two Handed Sword Death	Falling Forward Death	human	https://d99n9xvb9513w.cloudfront.net/thumbnails/motions/123130901/static.png
c9ccb045-b96c-11e4-a802-0aaa78deedf9	Type To Sit	Typing To Sitting Idle	human	https://d99n9xvb9513w.cloudfront.net/thumbnails/motions/123450901/static.png
c9ccaf87-b96c-11e4-a802-0aaa78deedf9	Typing	Sitting At A Computer And Typing	human	https://d99n9xvb9513w.cloudfront.net/thumbnails/motions/123440901/static.png
c9cee94e-b96c-11e4-a802-0aaa78deedf9	Unarmed Equip Over Shoulder	Equipping Axe Over The Shoulder	human	https://d99n9xvb9513w.cloudfront.net/thumbnails/motions/128650936/static.png
8272e524-2315-468a-96df-5a2d1297fd7a	Unarmed Equip Torch 01	Equipping Torch	human	https://d99n9xvb9513w.cloudfront.net/thumbnails/motions/128690947/static.png
1129449a-6a47-4278-abaf-6e7d67ca9963	Unarmed Equip Torch 02	Equipping Torch And Lighting With Right Hand	human	https://d99n9xvb9513w.cloudfront.net/thumbnails/motions/128690948/static.png
c9cee889-b96c-11e4-a802-0aaa78deedf9	Unarmed Equip Underarm	Equipping Axe Underarm	human	https://d99n9xvb9513w.cloudfront.net/thumbnails/motions/128650935/static.png
0ac7eaa4-5a83-46db-af31-0fb2c55c1c90	Unarmed Grab Torch From Floor	Picking Up Torch From The Ground	human	https://d99n9xvb9513w.cloudfront.net/thumbnails/motions/128690949/static.png
613d9213-012b-4808-b40a-68b98c4a0983	Unarmed Grab Torch From Wall	Picking Up Torch From Wall	human	https://d99n9xvb9513w.cloudfront.net/thumbnails/motions/128690950/static.png
c9ceea07-b96c-11e4-a802-0aaa78deedf9	Unarmed Idle	Standing Idle- Loop	human	https://d99n9xvb9513w.cloudfront.net/thumbnails/motions/128650937/static.png
c9ceb494-b96c-11e4-a802-0aaa78deedf9	Unarmed Idle 01	Standing Idle Unarmed	human	https://d99n9xvb9513w.cloudfront.net/thumbnails/motions/127690911/static.png
84d66e2b-b1ee-4219-ba9d-ece0382a1ac4	Unarmed Idle 01	Unarmed Idle	human	https://d99n9xvb9513w.cloudfront.net/thumbnails/motions/128690951/static.png
c9ceeaca-b96c-11e4-a802-0aaa78deedf9	Unarmed Idle Looking Ver. 1	Looking Around	human	https://d99n9xvb9513w.cloudfront.net/thumbnails/motions/128650938/static.png
c9ceeb89-b96c-11e4-a802-0aaa78deedf9	Unarmed Idle Looking Ver. 2	Looking Around	human	https://d99n9xvb9513w.cloudfront.net/thumbnails/motions/128650939/static.png
c9ceec50-b96c-11e4-a802-0aaa78deedf9	Unarmed Jump	Jumping And Landing In Place	human	https://d99n9xvb9513w.cloudfront.net/thumbnails/motions/128650940/static.png
c9ceed14-b96c-11e4-a802-0aaa78deedf9	Unarmed Jump Running	Running Jump And Landing	human	https://d99n9xvb9513w.cloudfront.net/thumbnails/motions/128650941/static.png
c9ceedd8-b96c-11e4-a802-0aaa78deedf9	Unarmed Run Back	Running Backwards	human	https://d99n9xvb9513w.cloudfront.net/thumbnails/motions/128650942/static.png
c9ceee9c-b96c-11e4-a802-0aaa78deedf9	Unarmed Run Forward	Running Forward	human	https://d99n9xvb9513w.cloudfront.net/thumbnails/motions/128650943/static.png
c9ceef5f-b96c-11e4-a802-0aaa78deedf9	Unarmed Turn Left 90	Turning 90 Degrees Left	human	https://d99n9xvb9513w.cloudfront.net/thumbnails/motions/128650944/static.png
c9cef01d-b96c-11e4-a802-0aaa78deedf9	Unarmed Turn Right 90	Turning 90 Degrees Right	human	https://d99n9xvb9513w.cloudfront.net/thumbnails/motions/128650945/static.png
c9cef0de-b96c-11e4-a802-0aaa78deedf9	Unarmed Walk Back	Walking Backwards	human	https://d99n9xvb9513w.cloudfront.net/thumbnails/motions/128650946/static.png
c9cef1a4-b96c-11e4-a802-0aaa78deedf9	Unarmed Walk Forward	Walking Forward	human	https://d99n9xvb9513w.cloudfront.net/thumbnails/motions/128650947/static.png
c9c9c626-b96c-11e4-a802-0aaa78deedf9	Uppercut	Standing Left Uppercut Punch	human	https://d99n9xvb9513w.cloudfront.net/thumbnails/motions/118380901/static.png
c9c7aa9c-b96c-11e4-a802-0aaa78deedf9	Uppercut Jab	Uppercut Jab And Open Palm Strike Combo	human	https://d99n9xvb9513w.cloudfront.net/thumbnails/motions/113870901/static.png
c9c9574c-b96c-11e4-a802-0aaa78deedf9	Upward Rifle Butt Strike	Upward Rifle Butt Strike While Sitting	human	https://d99n9xvb9513w.cloudfront.net/thumbnails/motions/136360903/static.png
c9c81621-b96c-11e4-a802-0aaa78deedf9	Upward Thrust	Upward Weapon Thrust	human	https://d99n9xvb9513w.cloudfront.net/thumbnails/motions/115200901/static.png
c9ca07b4-b96c-11e4-a802-0aaa78deedf9	Using A Fax Machine	Female Standing While Using A Fax Machine On A Table	human	https://d99n9xvb9513w.cloudfront.net/thumbnails/motions/119300901/static.png
c9ca06f1-b96c-11e4-a802-0aaa78deedf9	Using A Filing Cabinet	Using The Top Drawer Of A Filing Cabinet	human	https://d99n9xvb9513w.cloudfront.net/thumbnails/motions/119290901/static.png
c9ce7487-b96c-11e4-a802-0aaa78deedf9	Using An Inhaler	Laying Using An Inhaler	human	https://d99n9xvb9513w.cloudfront.net/thumbnails/motions/128580901/static.png
c9c816df-b96c-11e4-a802-0aaa78deedf9	Vampiric Bite	Lunging Forward To Bite	human	https://d99n9xvb9513w.cloudfront.net/thumbnails/motions/115210901/static.png
c9c8bc4d-b96c-11e4-a802-0aaa78deedf9	Vault Over Box	Vault Over Box And Hide	human	https://d99n9xvb9513w.cloudfront.net/thumbnails/motions/135690901/static.png
c9c714c2-b96c-11e4-a802-0aaa78deedf9	Victory	Celebrating After A Win	human	https://d99n9xvb9513w.cloudfront.net/thumbnails/motions/110630901/static.png
c9c79ddc-b96c-11e4-a802-0aaa78deedf9	Victory	Celebrating After A Win While Seated	human	https://d99n9xvb9513w.cloudfront.net/thumbnails/motions/110630902/static.png
c9cb3a87-b96c-11e4-a802-0aaa78deedf9	Victory	Victory From A Boxing Win	human	https://d99n9xvb9513w.cloudfront.net/thumbnails/motions/110630903/static.png
c9cd9927-b96c-11e4-a802-0aaa78deedf9	Victory Idle	Aj Victory Idle	human	https://d99n9xvb9513w.cloudfront.net/thumbnails/motions/127400901/static.png
c9cd953a-b96c-11e4-a802-0aaa78deedf9	Victory Idle	Big Vegas Victory Idle	human	https://d99n9xvb9513w.cloudfront.net/thumbnails/motions/127350901/static.png
c9cd9162-b96c-11e4-a802-0aaa78deedf9	Victory Idle	Sporty Granny Vicotry Idle	human	https://d99n9xvb9513w.cloudfront.net/thumbnails/motions/127300901/static.png
c9c82b61-b96c-11e4-a802-0aaa78deedf9	Waking	Waking Up While Sitting	human	https://d99n9xvb9513w.cloudfront.net/thumbnails/motions/130660901/static.png
c9ccf814-b96c-11e4-a802-0aaa78deedf9	Walk	Female Walk	human	https://d99n9xvb9513w.cloudfront.net/thumbnails/motions/124540901/static.png
c9cd191c-b96c-11e4-a802-0aaa78deedf9	Walk Backward	Female Ninja Walk Backward	human	https://d99n9xvb9513w.cloudfront.net/thumbnails/motions/124970901/static.png
c9ce99ef-b96c-11e4-a802-0aaa78deedf9	Walk Backward	Rifle Walk Backward	human	https://d99n9xvb9513w.cloudfront.net/thumbnails/motions/128620922/static.png
c9ccdca0-b96c-11e4-a802-0aaa78deedf9	Walk Backward	Walking Backward In A Sad Disposition	human	https://d99n9xvb9513w.cloudfront.net/thumbnails/motions/123680901/static.png
c9cd1a9a-b96c-11e4-a802-0aaa78deedf9	Walk Backward Arc	Female Ninja Walk Backward Arc Left	human	https://d99n9xvb9513w.cloudfront.net/thumbnails/motions/124990901/static.png
c9cd19da-b96c-11e4-a802-0aaa78deedf9	Walk Backward Arc	Female Ninja Walk Backward Arc Right	human	https://d99n9xvb9513w.cloudfront.net/thumbnails/motions/124980901/static.png
c9ccf134-b96c-11e4-a802-0aaa78deedf9	Walk Backward Arc Left	Happy Walk Backward Right Arc	human	https://d99n9xvb9513w.cloudfront.net/thumbnails/motions/123860901/static.png
c9ccdd62-b96c-11e4-a802-0aaa78deedf9	Walk Backward Arc Right	Walking Backward Right Arc In A Sad Disposition	human	https://d99n9xvb9513w.cloudfront.net/thumbnails/motions/123690901/static.png
c9ce9b78-b96c-11e4-a802-0aaa78deedf9	Walk Backward Left	Rifle Walk Backward Left	human	https://d99n9xvb9513w.cloudfront.net/thumbnails/motions/128620924/static.png
c9ce9ab2-b96c-11e4-a802-0aaa78deedf9	Walk Backward Right	Rifle Walk Backward Right	human	https://d99n9xvb9513w.cloudfront.net/thumbnails/motions/128620923/static.png
c9cca689-b96c-11e4-a802-0aaa78deedf9	Walk Backwards	Slowly Backing Away In Fear	human	https://d99n9xvb9513w.cloudfront.net/thumbnails/motions/123310901/static.png
c9c8686d-b96c-11e4-a802-0aaa78deedf9	Walk Backwards Stop	Walking Backwards While Aiming Rifle To Stopping	human	https://d99n9xvb9513w.cloudfront.net/thumbnails/motions/116150903/static.png
c9ce9f47-b96c-11e4-a802-0aaa78deedf9	Walk Crouching Backward	Rifle Crouched Walk Backward	human	https://d99n9xvb9513w.cloudfront.net/thumbnails/motions/128620930/static.png
c9cea00a-b96c-11e4-a802-0aaa78deedf9	Walk Crouching Backward Left	Rifle Crouched Walk Backward Left	human	https://d99n9xvb9513w.cloudfront.net/thumbnails/motions/128620931/static.png
c9cea0d3-b96c-11e4-a802-0aaa78deedf9	Walk Crouching Backward Right	Rifle Crouched Walk Backward Right	human	https://d99n9xvb9513w.cloudfront.net/thumbnails/motions/128620932/static.png
c9ce9c39-b96c-11e4-a802-0aaa78deedf9	Walk Crouching Forward	Rifle Crouched Walk Forward	human	https://d99n9xvb9513w.cloudfront.net/thumbnails/motions/128620925/static.png
c9ce9e88-b96c-11e4-a802-0aaa78deedf9	Walk Crouching Forward Left	Rifle Crouched Walk Forward Left	human	https://d99n9xvb9513w.cloudfront.net/thumbnails/motions/128620929/static.png
c9ce8860-b96c-11e4-a802-0aaa78deedf9	Walk Crouching Forward Right	Rifle Crouched Walk Forward Right	human	https://d99n9xvb9513w.cloudfront.net/thumbnails/motions/128620928/static.png
c9ce9dc5-b96c-11e4-a802-0aaa78deedf9	Walk Crouching Left	Rifle Crouched Walk Left	human	https://d99n9xvb9513w.cloudfront.net/thumbnails/motions/128620927/static.png
c9ce9d03-b96c-11e4-a802-0aaa78deedf9	Walk Crouching Right	Rifle Crouched Walk Right	human	https://d99n9xvb9513w.cloudfront.net/thumbnails/motions/128620926/static.png
c9ce9616-b96c-11e4-a802-0aaa78deedf9	Walk Forward	Rifle Walk Forward	human	https://d99n9xvb9513w.cloudfront.net/thumbnails/motions/128620917/static.png
c9cd179e-b96c-11e4-a802-0aaa78deedf9	Walk Forward Arc	Female Ninja Walk Forward Arc Left	human	https://d99n9xvb9513w.cloudfront.net/thumbnails/motions/124950901/static.png
c9cd1860-b96c-11e4-a802-0aaa78deedf9	Walk Forward Arc	Female Ninja Walk Forward Arc Right	human	https://d99n9xvb9513w.cloudfront.net/thumbnails/motions/124960901/static.png
c9ccdbe3-b96c-11e4-a802-0aaa78deedf9	Walk Forward Arc Right	Walking Forward Right Arc In A Sad Disposition	human	https://d99n9xvb9513w.cloudfront.net/thumbnails/motions/123670901/static.png
c9ce97a2-b96c-11e4-a802-0aaa78deedf9	Walk Forward Left	Rifle Walk Forward Left	human	https://d99n9xvb9513w.cloudfront.net/thumbnails/motions/128620919/static.png
c9ce96df-b96c-11e4-a802-0aaa78deedf9	Walk Forward Right	Rifle Walk Forward Right	human	https://d99n9xvb9513w.cloudfront.net/thumbnails/motions/128620918/static.png
c9c9fcd7-b96c-11e4-a802-0aaa78deedf9	Walk In Circle	Female Walking Counter Clockwise	human	https://d99n9xvb9513w.cloudfront.net/thumbnails/motions/119570901/static.png
c9c9fc0d-b96c-11e4-a802-0aaa78deedf9	Walk In Circle	Male Walking Counter Clockwise	human	https://d99n9xvb9513w.cloudfront.net/thumbnails/motions/119560901/static.png
c9ce9930-b96c-11e4-a802-0aaa78deedf9	Walk Left	Rifle Walk Left	human	https://d99n9xvb9513w.cloudfront.net/thumbnails/motions/128620921/static.png
c9ce986c-b96c-11e4-a802-0aaa78deedf9	Walk Right	Rifle Walk Right	human	https://d99n9xvb9513w.cloudfront.net/thumbnails/motions/128620920/static.png
c9c9d9d6-b96c-11e4-a802-0aaa78deedf9	Walk Strafe Left	Walking Strafe To The Left	human	https://d99n9xvb9513w.cloudfront.net/thumbnails/motions/116480901/static.png
c9c9db9e-b96c-11e4-a802-0aaa78deedf9	Walk Strafe Right	Walking Strafe To The Right	human	https://d99n9xvb9513w.cloudfront.net/thumbnails/motions/116480902/static.png
c9c82683-b96c-11e4-a802-0aaa78deedf9	Walk To Stop	Walk To Stop While Carrying Someone	human	https://d99n9xvb9513w.cloudfront.net/thumbnails/motions/130880901/static.png
c9c9eb1a-b96c-11e4-a802-0aaa78deedf9	Walk W/ Briefcase	Female Walk With Briefcase	human	https://d99n9xvb9513w.cloudfront.net/thumbnails/motions/118860901/static.png
c9c9ebd4-b96c-11e4-a802-0aaa78deedf9	Walk With Briefcase	Male Walk With Briefcase	human	https://d99n9xvb9513w.cloudfront.net/thumbnails/motions/118870901/static.png
c9c9067d-b96c-11e4-a802-0aaa78deedf9	Walk With Rifle	Quickly Walk Forward With Rifle	human	https://d99n9xvb9513w.cloudfront.net/thumbnails/motions/136530901/static.png
c9cc1182-b96c-11e4-a802-0aaa78deedf9	Walk With Rifle	Walking With Rifle At Waist Level	human	https://d99n9xvb9513w.cloudfront.net/thumbnails/motions/121620901/static.png
c9cc1324-b96c-11e4-a802-0aaa78deedf9	Walk With Rifle	Walking With Rifle At Waist Level 3 Cycle	human	https://d99n9xvb9513w.cloudfront.net/thumbnails/motions/121630901/static.png
c9ce7608-b96c-11e4-a802-0aaa78deedf9	Walker Walk	Walking With Walker	human	https://d99n9xvb9513w.cloudfront.net/thumbnails/motions/128600901/static.png
c9c720b7-b96c-11e4-a802-0aaa78deedf9	Walking	Boxing Advancing Forward	human	https://d99n9xvb9513w.cloudfront.net/thumbnails/motions/110520902/static.png
c9c719fe-b96c-11e4-a802-0aaa78deedf9	Walking	Boxing Left Side Step Walk	human	https://d99n9xvb9513w.cloudfront.net/thumbnails/motions/110490901/static.png
c9c71582-b96c-11e4-a802-0aaa78deedf9	Walking	Boxing Side Step Walk	human	https://d99n9xvb9513w.cloudfront.net/thumbnails/motions/110510901/static.png
c9c7fda5-b96c-11e4-a802-0aaa78deedf9	Walking	Careful Walk	human	https://d99n9xvb9513w.cloudfront.net/thumbnails/motions/113970901/static.png
c9c82c6d-b96c-11e4-a802-0aaa78deedf9	Walking	Cautiously Taking A Couple Steps With Rifle	human	https://d99n9xvb9513w.cloudfront.net/thumbnails/motions/130610901/static.png
c9c61776-b96c-11e4-a802-0aaa78deedf9	Walking	Creeping Zombie Walk	human	https://d99n9xvb9513w.cloudfront.net/thumbnails/motions/100710901/static.png
c9c66731-b96c-11e4-a802-0aaa78deedf9	Walking	Female Sexy Walk	human	https://d99n9xvb9513w.cloudfront.net/thumbnails/motions/102000901/static.png
c9c987f5-b96c-11e4-a802-0aaa78deedf9	Walking	Feminine Walk Forward	human	https://d99n9xvb9513w.cloudfront.net/thumbnails/motions/117660901/static.png
c9c60a8c-b96c-11e4-a802-0aaa78deedf9	Walking	Male Brutal Walk	human	https://d99n9xvb9513w.cloudfront.net/thumbnails/motions/100470901/static.png
c9c608c6-b96c-11e4-a802-0aaa78deedf9	Walking	Male Careful Walk	human	https://d99n9xvb9513w.cloudfront.net/thumbnails/motions/100450901/static.png
c9c607e0-b96c-11e4-a802-0aaa78deedf9	Walking	Male Drunk Walk - Two Cycle Loop	human	https://d99n9xvb9513w.cloudfront.net/thumbnails/motions/100440903/static.png
c9c609a9-b96c-11e4-a802-0aaa78deedf9	Walking	Male Happy Walk	human	https://d99n9xvb9513w.cloudfront.net/thumbnails/motions/100460901/static.png
c9c61439-b96c-11e4-a802-0aaa78deedf9	Walking	Male Hurried Walk	human	https://d99n9xvb9513w.cloudfront.net/thumbnails/motions/100650901/static.png
c9c606db-b96c-11e4-a802-0aaa78deedf9	Walking	Male Injured Walk	human	https://d99n9xvb9513w.cloudfront.net/thumbnails/motions/100410901/static.png
c9c634c5-b96c-11e4-a802-0aaa78deedf9	Walking	Male Standard Walk	human	https://d99n9xvb9513w.cloudfront.net/thumbnails/motions/101410901/static.png
c9c726b2-b96c-11e4-a802-0aaa78deedf9	Walking	Side Step From Corner Of Ring	human	https://d99n9xvb9513w.cloudfront.net/thumbnails/motions/110520901/static.png
c9c84e7b-b96c-11e4-a802-0aaa78deedf9	Walking	Walking While Aiming Rifle	human	https://d99n9xvb9513w.cloudfront.net/thumbnails/motions/116160902/static.png
c9c84254-b96c-11e4-a802-0aaa78deedf9	Walking	Walking While Carrying Someone	human	https://d99n9xvb9513w.cloudfront.net/thumbnails/motions/130870901/static.png
c9c7f9c5-b96c-11e4-a802-0aaa78deedf9	Walking	Walking While Drunk	human	https://d99n9xvb9513w.cloudfront.net/thumbnails/motions/114010901/static.png
c9c977a7-b96c-11e4-a802-0aaa78deedf9	Walking	Walking With A Swagger	human	https://d99n9xvb9513w.cloudfront.net/thumbnails/motions/117840901/static.png
c9c99ece-b96c-11e4-a802-0aaa78deedf9	Walking	Walking With A Swagger	human	https://d99n9xvb9513w.cloudfront.net/thumbnails/motions/118080901/static.png
c9c60315-b96c-11e4-a802-0aaa78deedf9	Walking	Zombie Walking	human	https://d99n9xvb9513w.cloudfront.net/thumbnails/motions/90048/static.png
c9ccf8d5-b96c-11e4-a802-0aaa78deedf9	Walking Arc Left	Female Walk Arc Left	human	https://d99n9xvb9513w.cloudfront.net/thumbnails/motions/124550901/static.png
c9ccc468-b96c-11e4-a802-0aaa78deedf9	Walking Backward	Backward Walk	human	https://d99n9xvb9513w.cloudfront.net/thumbnails/motions/123530901/static.png
c9ccfa55-b96c-11e4-a802-0aaa78deedf9	Walking Backward Arc Right	Female Walk Backward Arc Right	human	https://d99n9xvb9513w.cloudfront.net/thumbnails/motions/124570901/static.png
c9ccf998-b96c-11e4-a802-0aaa78deedf9	Walking Backwards	Female Walk Backwards	human	https://d99n9xvb9513w.cloudfront.net/thumbnails/motions/124560901/static.png
c9c633f6-b96c-11e4-a802-0aaa78deedf9	Walking Backwards	Male Walk Backwards	human	https://d99n9xvb9513w.cloudfront.net/thumbnails/motions/101350901/static.png
c9c72478-b96c-11e4-a802-0aaa78deedf9	Walking Backwards	One Foot At A Time In Combat Pose	human	https://d99n9xvb9513w.cloudfront.net/thumbnails/motions/110360901/static.png
c9cbef68-b96c-11e4-a802-0aaa78deedf9	Walking Backwards	Walking Backwards	human	https://d99n9xvb9513w.cloudfront.net/thumbnails/motions/117810901/static.png
c9c87375-b96c-11e4-a802-0aaa78deedf9	Walking Backwards	Walking Backwards While Aiming Rifle	human	https://d99n9xvb9513w.cloudfront.net/thumbnails/motions/116150902/static.png
c9c88d6c-b96c-11e4-a802-0aaa78deedf9	Walking Hit Reaction	Hit Reaction When Walking While Aiming Rifle	human	https://d99n9xvb9513w.cloudfront.net/thumbnails/motions/116650901/static.png
c9ccc3a9-b96c-11e4-a802-0aaa78deedf9	Walking Left Turn	Turning Left While Walking	human	https://d99n9xvb9513w.cloudfront.net/thumbnails/motions/123510901/static.png
c9c869e6-b96c-11e4-a802-0aaa78deedf9	Walking To Dying	Walking While Aiming Rifle To Dying	human	https://d99n9xvb9513w.cloudfront.net/thumbnails/motions/116110901/static.png
c9c8743d-b96c-11e4-a802-0aaa78deedf9	Walking To Dying	Walking While Aiming Rifle To Immediate Dying	human	https://d99n9xvb9513w.cloudfront.net/thumbnails/motions/116110902/static.png
c9c9c73f-b96c-11e4-a802-0aaa78deedf9	Walking Turn 180	Turning 180 Degrees While Walking	human	https://d99n9xvb9513w.cloudfront.net/thumbnails/motions/118330901/static.png
c9c64773-b96c-11e4-a802-0aaa78deedf9	Walking Up The Stairs	Male Walk Up The Stairs	human	https://d99n9xvb9513w.cloudfront.net/thumbnails/motions/101720901/static.png
c9c9fd95-b96c-11e4-a802-0aaa78deedf9	Walking While Texting	Male Walking While Texting On A Smartphone	human	https://d99n9xvb9513w.cloudfront.net/thumbnails/motions/119320901/static.png
c9c64027-b96c-11e4-a802-0aaa78deedf9	Walking With Shopping Bag	Male Walking With Shopping Bag	human	https://d99n9xvb9513w.cloudfront.net/thumbnails/motions/101600901/static.png
c9cac954-b96c-11e4-a802-0aaa78deedf9	Wall Crash	Swing To Crashing Into A Wall	human	https://d99n9xvb9513w.cloudfront.net/thumbnails/motions/120500901/static.png
c9ca9161-b96c-11e4-a802-0aaa78deedf9	Wall Run	Male Runs Up A Wall Onto A Platform	human	https://d99n9xvb9513w.cloudfront.net/thumbnails/motions/119860901/static.png
c9c9e2f0-b96c-11e4-a802-0aaa78deedf9	Wall Run	Wall Run To Jump Pose	human	https://d99n9xvb9513w.cloudfront.net/thumbnails/motions/115310901/static.png
c9c7253f-b96c-11e4-a802-0aaa78deedf9	Warming Up	Boxing Warm Up Exercise	human	https://d99n9xvb9513w.cloudfront.net/thumbnails/motions/110950901/static.png
c9c72bad-b96c-11e4-a802-0aaa78deedf9	Warrior Idle	Warrior Stretching Idle	human	https://d99n9xvb9513w.cloudfront.net/thumbnails/motions/111280901/static.png
c9cda444-b96c-11e4-a802-0aaa78deedf9	Watering	Watering With A Hose	human	https://d99n9xvb9513w.cloudfront.net/thumbnails/motions/126980901/static.png
c9c7420d-b96c-11e4-a802-0aaa78deedf9	Wave Hip Hop Dance	Wave Hip Hop Dance Variation One	human	https://d99n9xvb9513w.cloudfront.net/thumbnails/motions/108900901/static.png
c9c737a8-b96c-11e4-a802-0aaa78deedf9	Wave Hip Hop Dance	Wave Hip Hop Dance Variation Two	human	https://d99n9xvb9513w.cloudfront.net/thumbnails/motions/108910901/static.png
c9c73b62-b96c-11e4-a802-0aaa78deedf9	Wave Hip Hop Dance	Waving The Arms Hip Hop Dance	human	https://d99n9xvb9513w.cloudfront.net/thumbnails/motions/108910902/static.png
c9c6cc85-b96c-11e4-a802-0aaa78deedf9	Waving	Emotional Waving Forward	human	https://d99n9xvb9513w.cloudfront.net/thumbnails/motions/106100901/static.png
c9c5ed32-b96c-11e4-a802-0aaa78deedf9	Waving	Waving	human	https://d99n9xvb9513w.cloudfront.net/thumbnails/motions/103020901/static.png
c9c8ee63-b96c-11e4-a802-0aaa78deedf9	Waving	Waving With Both Hands	human	https://d99n9xvb9513w.cloudfront.net/thumbnails/motions/136290901/static.png
c9cd99fc-b96c-11e4-a802-0aaa78deedf9	Waving Gesture	Aj Waving Gesture	human	https://d99n9xvb9513w.cloudfront.net/thumbnails/motions/127410901/static.png
c9c908f7-b96c-11e4-a802-0aaa78deedf9	Weight Shift	Shifting Weight From Side To Side	human	https://d99n9xvb9513w.cloudfront.net/thumbnails/motions/117020901/static.png
c9cd96d4-b96c-11e4-a802-0aaa78deedf9	Weight Shift Gesture	Big Vegas Weight Shift Gesturing	human	https://d99n9xvb9513w.cloudfront.net/thumbnails/motions/127370901/static.png
c9cd9b85-b96c-11e4-a802-0aaa78deedf9	Whatever Gesture	Aj Whatever Gesture	human	https://d99n9xvb9513w.cloudfront.net/thumbnails/motions/127430901/static.png
c9cdab3c-b96c-11e4-a802-0aaa78deedf9	Wheelbarrow Dump	Dumping A Wheelbarrow	human	https://d99n9xvb9513w.cloudfront.net/thumbnails/motions/127260901/static.png
c9cda83e-b96c-11e4-a802-0aaa78deedf9	Wheelbarrow Idle	Holding A Full Wheelbarrow Idle	human	https://d99n9xvb9513w.cloudfront.net/thumbnails/motions/127230901/static.png
c9cda90f-b96c-11e4-a802-0aaa78deedf9	Wheelbarrow Walk	Walking With A Full Wheelbarrow	human	https://d99n9xvb9513w.cloudfront.net/thumbnails/motions/127240901/static.png
c9cdacd5-b96c-11e4-a802-0aaa78deedf9	Wheelbarrow Walk	Walking With An Empty Wheelbarrow	human	https://d99n9xvb9513w.cloudfront.net/thumbnails/motions/127270901/static.png
c9cdadeb-b96c-11e4-a802-0aaa78deedf9	Wheelbarrow Walk Turn	Walk Turn With An Empty Wheelbarrow	human	https://d99n9xvb9513w.cloudfront.net/thumbnails/motions/127280901/static.png
c9cda9f6-b96c-11e4-a802-0aaa78deedf9	Wheelbarrow Walk Turn	Walk Turn With An Full Wheelbarrow	human	https://d99n9xvb9513w.cloudfront.net/thumbnails/motions/127250901/static.png
c9ce76c2-b96c-11e4-a802-0aaa78deedf9	Wheelchair	Moving In A Wheelchair	human	https://d99n9xvb9513w.cloudfront.net/thumbnails/motions/128610901/static.png
c9c8009b-b96c-11e4-a802-0aaa78deedf9	Wide Arm Spell Casting	Casting A Magic Spell Wide With Two Arms	human	https://d99n9xvb9513w.cloudfront.net/thumbnails/motions/114810902/static.png
c9cc14af-b96c-11e4-a802-0aaa78deedf9	Wiping Sweat	Wiping Sweat Idle	human	https://d99n9xvb9513w.cloudfront.net/thumbnails/motions/121640901/static.png
c9c9e235-b96c-11e4-a802-0aaa78deedf9	Withdrawing Sword	Withdrawing A Sword	human	https://d99n9xvb9513w.cloudfront.net/thumbnails/motions/115270901/static.png
c9c9e75c-b96c-11e4-a802-0aaa78deedf9	Wobbling	Wobbling On A Ledge	human	https://d99n9xvb9513w.cloudfront.net/thumbnails/motions/116350901/static.png
c9c6cf65-b96c-11e4-a802-0aaa78deedf9	Working On Device	Man Working On Device	human	https://d99n9xvb9513w.cloudfront.net/thumbnails/motions/107840901/static.png
c9c8fcef-b96c-11e4-a802-0aaa78deedf9	Writhing In Pain	Laying On Back Writhing In Pain	human	https://d99n9xvb9513w.cloudfront.net/thumbnails/motions/136520901/static.png
c9c64e6f-b96c-11e4-a802-0aaa78deedf9	Writing	Male Writing While Seated	human	https://d99n9xvb9513w.cloudfront.net/thumbnails/motions/101780901/static.png
c9c98361-b96c-11e4-a802-0aaa78deedf9	Yawn	Big Yawn While Standing	human	https://d99n9xvb9513w.cloudfront.net/thumbnails/motions/117550901/static.png
c9c6fcc0-b96c-11e4-a802-0aaa78deedf9	Yelling	Yelling In Anger	human	https://d99n9xvb9513w.cloudfront.net/thumbnails/motions/110190901/static.png
c9c91437-b96c-11e4-a802-0aaa78deedf9	Yelling Out	Stepping Forward And Yelling Out	human	https://d99n9xvb9513w.cloudfront.net/thumbnails/motions/117310901/static.png
c9cb83ba-b96c-11e4-a802-0aaa78deedf9	Yelling While Standing	Long Yell While Standing Leaning Back	human	https://d99n9xvb9513w.cloudfront.net/thumbnails/motions/116240904/static.png
c9cb7d3c-b96c-11e4-a802-0aaa78deedf9	Yelling While Standing	Yelling While Standing Leaning Forward	human	https://d99n9xvb9513w.cloudfront.net/thumbnails/motions/116240903/static.png
c9cd47f8-b96c-11e4-a802-0aaa78deedf9	Ymca Dance	Doing The Ymca Dance	human	https://d99n9xvb9513w.cloudfront.net/thumbnails/motions/125660901/static.png
c9c6b693-b96c-11e4-a802-0aaa78deedf9	Zombie Agonizing	Zombie In Agony	human	https://d99n9xvb9513w.cloudfront.net/thumbnails/motions/104160901/static.png
c9c713dd-b96c-11e4-a802-0aaa78deedf9	Zombie Attack	Zombie Overhead Two-Hand Attack	human	https://d99n9xvb9513w.cloudfront.net/thumbnails/motions/102320906/static.png
c9cbd7ad-b96c-11e4-a802-0aaa78deedf9	Zombie Attack	Zombie Swipe Attack	human	https://d99n9xvb9513w.cloudfront.net/thumbnails/motions/121360901/static.png
c9cc2349-b96c-11e4-a802-0aaa78deedf9	Zombie Biting	Zombie Biting Victim On The Ground	human	https://d99n9xvb9513w.cloudfront.net/thumbnails/motions/122170902/static.png
c9cc2281-b96c-11e4-a802-0aaa78deedf9	Zombie Biting	Zombie Standing To Biting On The Ground	human	https://d99n9xvb9513w.cloudfront.net/thumbnails/motions/122170901/static.png
c9cbee0c-b96c-11e4-a802-0aaa78deedf9	Zombie Crawl	Zombie Crawling Forward	human	https://d99n9xvb9513w.cloudfront.net/thumbnails/motions/121590901/static.png
c9cbda5a-b96c-11e4-a802-0aaa78deedf9	Zombie Death	Zombie Getting Hit And Falling Onto Back	human	https://d99n9xvb9513w.cloudfront.net/thumbnails/motions/121380901/static.png
c9cc240a-b96c-11e4-a802-0aaa78deedf9	Zombie Dying	Zombie Getting Hit And Falling Forward	human	https://d99n9xvb9513w.cloudfront.net/thumbnails/motions/122180901/static.png
c9c68200-b96c-11e4-a802-0aaa78deedf9	Zombie Headbutt	Zombie Headbutt With Hand Grab	human	https://d99n9xvb9513w.cloudfront.net/thumbnails/motions/102320903/static.png
c9c6726b-b96c-11e4-a802-0aaa78deedf9	Zombie Idle	Zombie Alert Idle	human	https://d99n9xvb9513w.cloudfront.net/thumbnails/motions/102250901/static.png
c9c67dc0-b96c-11e4-a802-0aaa78deedf9	Zombie Idle	Zombie Looking Around	human	https://d99n9xvb9513w.cloudfront.net/thumbnails/motions/102250902/static.png
c9cbd649-b96c-11e4-a802-0aaa78deedf9	Zombie Idle	Zombie Standing Idle	human	https://d99n9xvb9513w.cloudfront.net/thumbnails/motions/121350901/static.png
c9c6b3ad-b96c-11e4-a802-0aaa78deedf9	Zombie Idle	Zombie Twitching Idle	human	https://d99n9xvb9513w.cloudfront.net/thumbnails/motions/104110901/static.png
c9c6b467-b96c-11e4-a802-0aaa78deedf9	Zombie Idle	Zombie Upright Twitching Idle	human	https://d99n9xvb9513w.cloudfront.net/thumbnails/motions/104110902/static.png
c9c682be-b96c-11e4-a802-0aaa78deedf9	Zombie Kicking	Zombie Snap Kick With Rear Foot	human	https://d99n9xvb9513w.cloudfront.net/thumbnails/motions/102320904/static.png
c9c684c5-b96c-11e4-a802-0aaa78deedf9	Zombie Kicking	Zombie Thrust Kick With Rear Foot	human	https://d99n9xvb9513w.cloudfront.net/thumbnails/motions/102320905/static.png
c9cbdbba-b96c-11e4-a802-0aaa78deedf9	Zombie Neck Bite	Zombie Repeatedly Biting A Neck	human	https://d99n9xvb9513w.cloudfront.net/thumbnails/motions/121390901/static.png
c9c68115-b96c-11e4-a802-0aaa78deedf9	Zombie Punching	Zombie Attack With Right Hand	human	https://d99n9xvb9513w.cloudfront.net/thumbnails/motions/102320902/static.png
c9c67f8b-b96c-11e4-a802-0aaa78deedf9	Zombie Punching	Zombie Jab Punch Attack Right Arm	human	https://d99n9xvb9513w.cloudfront.net/thumbnails/motions/102320901/static.png
c9c68a0f-b96c-11e4-a802-0aaa78deedf9	Zombie Reaction Hit	Zombie Reaction Hit Flinches	human	https://d99n9xvb9513w.cloudfront.net/thumbnails/motions/102460901/static.png
c9c68ad5-b96c-11e4-a802-0aaa78deedf9	Zombie Reaction Hit	Zombie Reaction Hit Stumble Back	human	https://d99n9xvb9513w.cloudfront.net/thumbnails/motions/102460902/static.png
c9cbd905-b96c-11e4-a802-0aaa78deedf9	Zombie Run	Zombie Running	human	https://d99n9xvb9513w.cloudfront.net/thumbnails/motions/121370901/static.png
c9c6b0ab-b96c-11e4-a802-0aaa78deedf9	Zombie Running	Zombie Run	human	https://d99n9xvb9513w.cloudfront.net/thumbnails/motions/104020901/static.png
c9c6dab7-b96c-11e4-a802-0aaa78deedf9	Zombie Scratch Idle	Zombie Scratching Idle	human	https://d99n9xvb9513w.cloudfront.net/thumbnails/motions/104360901/static.png
c9ccbc37-b96c-11e4-a802-0aaa78deedf9	Zombie Scream	Zombie Screaming	human	https://d99n9xvb9513w.cloudfront.net/thumbnails/motions/123490901/static.png
c9c6b165-b96c-11e4-a802-0aaa78deedf9	Zombie Stand Up	Zombie Laying On Back To Standing Up	human	https://d99n9xvb9513w.cloudfront.net/thumbnails/motions/104030901/static.png
c9c6b22d-b96c-11e4-a802-0aaa78deedf9	Zombie Stand Up	Zombie Laying On Side To Standing Up	human	https://d99n9xvb9513w.cloudfront.net/thumbnails/motions/104030902/static.png
c9c6b2ed-b96c-11e4-a802-0aaa78deedf9	Zombie Stand Up	Zombie Laying On Stomach To Standing Up	human	https://d99n9xvb9513w.cloudfront.net/thumbnails/motions/104030903/static.png
c9c6b5d6-b96c-11e4-a802-0aaa78deedf9	Zombie Stumbling	Zombie Stumble To The Right And Fall	human	https://d99n9xvb9513w.cloudfront.net/thumbnails/motions/104140905/static.png
c9c686c1-b96c-11e4-a802-0aaa78deedf9	Zombie Transition	Zombie Transition Alert To Ready	human	https://d99n9xvb9513w.cloudfront.net/thumbnails/motions/102330902/static.png
c9c685de-b96c-11e4-a802-0aaa78deedf9	Zombie Transition	Zombie Transition Ready To Alert	human	https://d99n9xvb9513w.cloudfront.net/thumbnails/motions/102330901/static.png
c9c6b520-b96c-11e4-a802-0aaa78deedf9	Zombie Turn	Zombie Turning Right Standing In Place	human	https://d99n9xvb9513w.cloudfront.net/thumbnails/motions/104120901/static.png
c9cbd4d9-b96c-11e4-a802-0aaa78deedf9	Zombie Walk	Zombie Walking	human	https://d99n9xvb9513w.cloudfront.net/thumbnails/motions/121340901/static.png
