relativePath	status	family	grade	bones	mapped	actions	skeleton
Anims_Only_FBX_V1/FBX/01_01.fbx	ok	cmu	B-retarget	43	19	1	b7c0a8f92ee0fe7f
Anims_Only_FBX_V1/FBX/01_02.fbx	ok	cmu	B-retarget	43	19	1	b7c0a8f92ee0fe7f
Anims_Only_FBX_V1/FBX/01_03.fbx	ok	cmu	B-retarget	43	19	1	b7c0a8f92ee0fe7f
Anims_Only_FBX_V1/FBX/01_04.fbx	ok	cmu	B-retarget	43	19	1	b7c0a8f92ee0fe7f
Anims_Only_FBX_V1/FBX/01_05.fbx	ok	cmu	B-retarget	43	19	1	b7c0a8f92ee0fe7f
Anims_Only_FBX_V1/FBX/01_06.fbx	ok	cmu	B-retarget	43	19	1	b7c0a8f92ee0fe7f
Anims_Only_FBX_V1/FBX/01_07.fbx	ok	cmu	B-retarget	43	19	1	b7c0a8f92ee0fe7f
Anims_Only_FBX_V1/FBX/01_08.fbx	ok	cmu	B-retarget	43	19	1	b7c0a8f92ee0fe7f
Anims_Only_FBX_V1/FBX/01_09.fbx	ok	cmu	B-retarget	43	19	1	b7c0a8f92ee0fe7f
Anims_Only_FBX_V1/FBX/01_10.fbx	ok	cmu	B-retarget	43	19	1	b7c0a8f92ee0fe7f
Anims_Only_FBX_V1/FBX/01_11.fbx	ok	cmu	B-retarget	43	19	1	b7c0a8f92ee0fe7f
Anims_Only_FBX_V1/FBX/01_12.fbx	ok	cmu	B-retarget	43	19	1	b7c0a8f92ee0fe7f
Anims_Only_FBX_V1/FBX/01_13.fbx	ok	cmu	B-retarget	43	19	1	b7c0a8f92ee0fe7f
Anims_Only_FBX_V1/FBX/01_14.fbx	ok	cmu	B-retarget	43	19	1	b7c0a8f92ee0fe7f
Anims_Only_FBX_V1/FBX/02_01.fbx	ok	cmu	B-retarget	43	19	1	b7c0a8f92ee0fe7f
Anims_Only_FBX_V1/FBX/02_02.fbx	ok	cmu	B-retarget	43	19	1	b7c0a8f92ee0fe7f
Anims_Only_FBX_V1/FBX/02_03.fbx	ok	cmu	B-retarget	43	19	1	b7c0a8f92ee0fe7f
Anims_Only_FBX_V1/FBX/02_04.fbx	ok	cmu	B-retarget	43	19	1	b7c0a8f92ee0fe7f
Anims_Only_FBX_V1/FBX/02_05.fbx	ok	cmu	B-retarget	43	19	1	b7c0a8f92ee0fe7f
Anims_Only_FBX_V1/FBX/02_06.fbx	ok	cmu	B-retarget	43	19	1	b7c0a8f92ee0fe7f
Anims_Only_FBX_V1/FBX/02_07.fbx	ok	cmu	B-retarget	43	19	1	b7c0a8f92ee0fe7f
Anims_Only_FBX_V1/FBX/02_08.fbx	ok	cmu	B-retarget	43	19	1	b7c0a8f92ee0fe7f
Anims_Only_FBX_V1/FBX/02_09.fbx	ok	cmu	B-retarget	43	19	1	b7c0a8f92ee0fe7f
Anims_Only_FBX_V1/FBX/02_10.fbx	ok	cmu	B-retarget	43	19	1	b7c0a8f92ee0fe7f
Anims_Only_FBX_V1/FBX/03_01.fbx	ok	cmu	B-retarget	43	19	1	b7c0a8f92ee0fe7f
Anims_Only_FBX_V1/FBX/03_02.fbx	ok	cmu	B-retarget	43	19	1	b7c0a8f92ee0fe7f
Anims_Only_FBX_V1/FBX/03_03.fbx	ok	cmu	B-retarget	43	19	1	b7c0a8f92ee0fe7f
Anims_Only_FBX_V1/FBX/03_04.fbx	ok	cmu	B-retarget	43	19	1	b7c0a8f92ee0fe7f
Anims_Only_FBX_V1/FBX/05_01.fbx	ok	cmu	B-retarget	43	19	1	b7c0a8f92ee0fe7f
Anims_Only_FBX_V1/FBX/05_02.fbx	ok	cmu	B-retarget	43	19	1	b7c0a8f92ee0fe7f
Anims_Only_FBX_V1/FBX/05_03.fbx	ok	cmu	B-retarget	43	19	1	b7c0a8f92ee0fe7f
Anims_Only_FBX_V1/FBX/05_04.fbx	ok	cmu	B-retarget	43	19	1	b7c0a8f92ee0fe7f
Anims_Only_FBX_V1/FBX/05_05.fbx	ok	cmu	B-retarget	43	19	1	b7c0a8f92ee0fe7f
Anims_Only_FBX_V1/FBX/05_06.fbx	ok	cmu	B-retarget	43	19	1	b7c0a8f92ee0fe7f
Anims_Only_FBX_V1/FBX/05_07.fbx	ok	cmu	B-retarget	43	19	1	b7c0a8f92ee0fe7f
Anims_Only_FBX_V1/FBX/05_08.fbx	ok	cmu	B-retarget	43	19	1	b7c0a8f92ee0fe7f
Anims_Only_FBX_V1/FBX/05_09.fbx	ok	cmu	B-retarget	43	19	1	b7c0a8f92ee0fe7f
Anims_Only_FBX_V1/FBX/05_10.fbx	ok	cmu	B-retarget	43	19	1	b7c0a8f92ee0fe7f
Anims_Only_FBX_V1/FBX/05_11.fbx	ok	cmu	B-retarget	43	19	1	b7c0a8f92ee0fe7f
Anims_Only_FBX_V1/FBX/05_12.fbx	ok	cmu	B-retarget	43	19	1	b7c0a8f92ee0fe7f
Anims_Only_FBX_V1/FBX/05_13.fbx	ok	cmu	B-retarget	43	19	1	b7c0a8f92ee0fe7f
Anims_Only_FBX_V1/FBX/05_14.fbx	ok	cmu	B-retarget	43	19	1	b7c0a8f92ee0fe7f
Anims_Only_FBX_V1/FBX/05_15.fbx	ok	cmu	B-retarget	43	19	1	b7c0a8f92ee0fe7f
Anims_Only_FBX_V1/FBX/05_16.fbx	ok	cmu	B-retarget	43	19	1	b7c0a8f92ee0fe7f
Anims_Only_FBX_V1/FBX/05_17.fbx	ok	cmu	B-retarget	43	19	1	b7c0a8f92ee0fe7f
Anims_Only_FBX_V1/FBX/05_18.fbx	ok	cmu	B-retarget	43	19	1	b7c0a8f92ee0fe7f
Anims_Only_FBX_V1/FBX/05_19.fbx	ok	cmu	B-retarget	43	19	1	b7c0a8f92ee0fe7f
Anims_Only_FBX_V1/FBX/05_20.fbx	ok	cmu	B-retarget	43	19	1	b7c0a8f92ee0fe7f
Anims_Only_FBX_V1/FBX/06_01.fbx	ok	cmu	B-retarget	43	19	1	b7c0a8f92ee0fe7f
Anims_Only_FBX_V1/FBX/06_02.fbx	ok	cmu	B-retarget	43	19	1	b7c0a8f92ee0fe7f
Anims_Only_FBX_V1/FBX/06_03.fbx	ok	cmu	B-retarget	43	19	1	b7c0a8f92ee0fe7f
Anims_Only_FBX_V1/FBX/06_04.fbx	ok	cmu	B-retarget	43	19	1	b7c0a8f92ee0fe7f
Anims_Only_FBX_V1/FBX/06_05.fbx	ok	cmu	B-retarget	43	19	1	b7c0a8f92ee0fe7f
Anims_Only_FBX_V1/FBX/06_06.fbx	ok	cmu	B-retarget	43	19	1	b7c0a8f92ee0fe7f
Anims_Only_FBX_V1/FBX/06_07.fbx	ok	cmu	B-retarget	43	19	1	b7c0a8f92ee0fe7f
Anims_Only_FBX_V1/FBX/06_08.fbx	ok	cmu	B-retarget	43	19	1	b7c0a8f92ee0fe7f
Anims_Only_FBX_V1/FBX/06_09.fbx	ok	cmu	B-retarget	43	19	1	b7c0a8f92ee0fe7f
Anims_Only_FBX_V1/FBX/06_10.fbx	ok	cmu	B-retarget	43	19	1	b7c0a8f92ee0fe7f
Anims_Only_FBX_V1/FBX/06_11.fbx	ok	cmu	B-retarget	43	19	1	b7c0a8f92ee0fe7f
Anims_Only_FBX_V1/FBX/06_12.fbx	ok	cmu	B-retarget	43	19	1	b7c0a8f92ee0fe7f
Anims_Only_FBX_V1/FBX/06_13.fbx	ok	cmu	B-retarget	43	19	1	b7c0a8f92ee0fe7f
Anims_Only_FBX_V1/FBX/06_14.fbx	ok	cmu	B-retarget	43	19	1	b7c0a8f92ee0fe7f
Anims_Only_FBX_V1/FBX/06_15.fbx	ok	cmu	B-retarget	43	19	1	b7c0a8f92ee0fe7f
Anims_Only_FBX_V1/FBX/07_01.fbx	ok	cmu	B-retarget	43	19	1	b7c0a8f92ee0fe7f
Anims_Only_FBX_V1/FBX/07_02.fbx	ok	cmu	B-retarget	43	19	1	b7c0a8f92ee0fe7f
Anims_Only_FBX_V1/FBX/07_03.fbx	ok	cmu	B-retarget	43	19	1	b7c0a8f92ee0fe7f
Anims_Only_FBX_V1/FBX/07_04.fbx	ok	cmu	B-retarget	43	19	1	b7c0a8f92ee0fe7f
Anims_Only_FBX_V1/FBX/07_05.fbx	ok	cmu	B-retarget	43	19	1	b7c0a8f92ee0fe7f
Anims_Only_FBX_V1/FBX/07_06.fbx	ok	cmu	B-retarget	43	19	1	b7c0a8f92ee0fe7f
Anims_Only_FBX_V1/FBX/07_07.fbx	ok	cmu	B-retarget	43	19	1	b7c0a8f92ee0fe7f
Anims_Only_FBX_V1/FBX/07_08.fbx	ok	cmu	B-retarget	43	19	1	b7c0a8f92ee0fe7f
Anims_Only_FBX_V1/FBX/07_09.fbx	ok	cmu	B-retarget	43	19	1	b7c0a8f92ee0fe7f
Anims_Only_FBX_V1/FBX/07_10.fbx	ok	cmu	B-retarget	43	19	1	b7c0a8f92ee0fe7f
Anims_Only_FBX_V1/FBX/07_11.fbx	ok	cmu	B-retarget	43	19	1	b7c0a8f92ee0fe7f
Anims_Only_FBX_V1/FBX/07_12.fbx	ok	cmu	B-retarget	43	19	1	b7c0a8f92ee0fe7f
Anims_Only_FBX_V1/FBX/08_01.fbx	ok	cmu	B-retarget	43	19	1	b7c0a8f92ee0fe7f
Anims_Only_FBX_V1/FBX/08_02.fbx	ok	cmu	B-retarget	43	19	1	b7c0a8f92ee0fe7f
Anims_Only_FBX_V1/FBX/08_03.fbx	ok	cmu	B-retarget	43	19	1	b7c0a8f92ee0fe7f
Anims_Only_FBX_V1/FBX/08_04.fbx	ok	cmu	B-retarget	43	19	1	b7c0a8f92ee0fe7f
Anims_Only_FBX_V1/FBX/08_05.fbx	ok	cmu	B-retarget	43	19	1	b7c0a8f92ee0fe7f
Anims_Only_FBX_V1/FBX/08_06.fbx	ok	cmu	B-retarget	43	19	1	b7c0a8f92ee0fe7f
Anims_Only_FBX_V1/FBX/08_07.fbx	ok	cmu	B-retarget	43	19	1	b7c0a8f92ee0fe7f
Anims_Only_FBX_V1/FBX/08_08.fbx	ok	cmu	B-retarget	43	19	1	b7c0a8f92ee0fe7f
Anims_Only_FBX_V1/FBX/08_09.fbx	ok	cmu	B-retarget	43	19	1	b7c0a8f92ee0fe7f
Anims_Only_FBX_V1/FBX/08_10.fbx	ok	cmu	B-retarget	43	19	1	b7c0a8f92ee0fe7f
Anims_Only_FBX_V1/FBX/08_11.fbx	ok	cmu	B-retarget	43	19	1	b7c0a8f92ee0fe7f
Anims_Only_FBX_V1/FBX/09_01.fbx	ok	cmu	B-retarget	43	19	1	b7c0a8f92ee0fe7f
Anims_Only_FBX_V1/FBX/09_02.fbx	ok	cmu	B-retarget	43	19	1	b7c0a8f92ee0fe7f
Anims_Only_FBX_V1/FBX/09_03.fbx	ok	cmu	B-retarget	43	19	1	b7c0a8f92ee0fe7f
Anims_Only_FBX_V1/FBX/09_04.fbx	ok	cmu	B-retarget	43	19	1	b7c0a8f92ee0fe7f
Anims_Only_FBX_V1/FBX/09_05.fbx	ok	cmu	B-retarget	43	19	1	b7c0a8f92ee0fe7f
Anims_Only_FBX_V1/FBX/09_06.fbx	ok	cmu	B-retarget	43	19	1	b7c0a8f92ee0fe7f
Anims_Only_FBX_V1/FBX/09_07.fbx	ok	cmu	B-retarget	43	19	1	b7c0a8f92ee0fe7f
Anims_Only_FBX_V1/FBX/09_08.fbx	ok	cmu	B-retarget	43	19	1	b7c0a8f92ee0fe7f
Anims_Only_FBX_V1/FBX/09_09.fbx	ok	cmu	B-retarget	43	19	1	b7c0a8f92ee0fe7f
Anims_Only_FBX_V1/FBX/09_10.fbx	ok	cmu	B-retarget	43	19	1	b7c0a8f92ee0fe7f
Anims_Only_FBX_V1/FBX/09_11.fbx	ok	cmu	B-retarget	43	19	1	b7c0a8f92ee0fe7f
Anims_Only_FBX_V1/FBX/09_12.fbx	ok	cmu	B-retarget	43	19	1	b7c0a8f92ee0fe7f
Anims_Only_FBX_V1/FBX/102_01.fbx	ok	cmu	B-retarget	43	19	1	b7c0a8f92ee0fe7f
Anims_Only_FBX_V1/FBX/102_02.fbx	ok	cmu	B-retarget	43	19	1	b7c0a8f92ee0fe7f
Anims_Only_FBX_V1/FBX/102_03.fbx	ok	cmu	B-retarget	43	19	1	b7c0a8f92ee0fe7f
Anims_Only_FBX_V1/FBX/102_04.fbx	ok	cmu	B-retarget	43	19	1	b7c0a8f92ee0fe7f
Anims_Only_FBX_V1/FBX/102_05.fbx	ok	cmu	B-retarget	43	19	1	b7c0a8f92ee0fe7f
Anims_Only_FBX_V1/FBX/102_06.fbx	ok	cmu	B-retarget	43	19	1	b7c0a8f92ee0fe7f
Anims_Only_FBX_V1/FBX/102_07.fbx	ok	cmu	B-retarget	43	19	1	b7c0a8f92ee0fe7f
Anims_Only_FBX_V1/FBX/102_08.fbx	ok	cmu	B-retarget	43	19	1	b7c0a8f92ee0fe7f
Anims_Only_FBX_V1/FBX/102_09.fbx	ok	cmu	B-retarget	43	19	1	b7c0a8f92ee0fe7f
Anims_Only_FBX_V1/FBX/102_10.fbx	ok	cmu	B-retarget	43	19	1	b7c0a8f92ee0fe7f
Anims_Only_FBX_V1/FBX/102_11.fbx	ok	cmu	B-retarget	43	19	1	b7c0a8f92ee0fe7f
Anims_Only_FBX_V1/FBX/102_12.fbx	ok	cmu	B-retarget	43	19	1	b7c0a8f92ee0fe7f
Anims_Only_FBX_V1/FBX/102_13.fbx	ok	cmu	B-retarget	43	19	1	b7c0a8f92ee0fe7f
Anims_Only_FBX_V1/FBX/102_14.fbx	ok	cmu	B-retarget	43	19	1	b7c0a8f92ee0fe7f
Anims_Only_FBX_V1/FBX/102_15.fbx	ok	cmu	B-retarget	43	19	1	b7c0a8f92ee0fe7f
Anims_Only_FBX_V1/FBX/102_16.fbx	ok	cmu	B-retarget	43	19	1	b7c0a8f92ee0fe7f
Anims_Only_FBX_V1/FBX/102_17.fbx	ok	cmu	B-retarget	43	19	1	b7c0a8f92ee0fe7f
Anims_Only_FBX_V1/FBX/102_18.fbx	ok	cmu	B-retarget	43	19	1	b7c0a8f92ee0fe7f
Anims_Only_FBX_V1/FBX/102_19.fbx	ok	cmu	B-retarget	43	19	1	b7c0a8f92ee0fe7f
Anims_Only_FBX_V1/FBX/102_20.fbx	ok	cmu	B-retarget	43	19	1	b7c0a8f92ee0fe7f
Anims_Only_FBX_V1/FBX/102_21.fbx	ok	cmu	B-retarget	43	19	1	b7c0a8f92ee0fe7f
Anims_Only_FBX_V1/FBX/102_22.fbx	ok	cmu	B-retarget	43	19	1	b7c0a8f92ee0fe7f
Anims_Only_FBX_V1/FBX/102_23.fbx	ok	cmu	B-retarget	43	19	1	b7c0a8f92ee0fe7f
Anims_Only_FBX_V1/FBX/102_24.fbx	ok	cmu	B-retarget	43	19	1	b7c0a8f92ee0fe7f
Anims_Only_FBX_V1/FBX/102_25.fbx	ok	cmu	B-retarget	43	19	1	b7c0a8f92ee0fe7f
Anims_Only_FBX_V1/FBX/102_26.fbx	ok	cmu	B-retarget	43	19	1	b7c0a8f92ee0fe7f
Anims_Only_FBX_V1/FBX/102_27.fbx	ok	cmu	B-retarget	43	19	1	b7c0a8f92ee0fe7f
Anims_Only_FBX_V1/FBX/102_28.fbx	ok	cmu	B-retarget	43	19	1	b7c0a8f92ee0fe7f
Anims_Only_FBX_V1/FBX/102_29.fbx	ok	cmu	B-retarget	43	19	1	b7c0a8f92ee0fe7f
Anims_Only_FBX_V1/FBX/102_30.fbx	ok	cmu	B-retarget	43	19	1	b7c0a8f92ee0fe7f
Anims_Only_FBX_V1/FBX/102_31.fbx	ok	cmu	B-retarget	43	19	1	b7c0a8f92ee0fe7f
Anims_Only_FBX_V1/FBX/102_32.fbx	ok	cmu	B-retarget	43	19	1	b7c0a8f92ee0fe7f
Anims_Only_FBX_V1/FBX/102_33.fbx	ok	cmu	B-retarget	43	19	1	b7c0a8f92ee0fe7f
Anims_Only_FBX_V1/FBX/103_01.fbx	ok	cmu	B-retarget	43	19	1	b7c0a8f92ee0fe7f
Anims_Only_FBX_V1/FBX/103_02.fbx	ok	cmu	B-retarget	43	19	1	b7c0a8f92ee0fe7f
Anims_Only_FBX_V1/FBX/103_03.fbx	ok	cmu	B-retarget	43	19	1	b7c0a8f92ee0fe7f
Anims_Only_FBX_V1/FBX/103_04.fbx	ok	cmu	B-retarget	43	19	1	b7c0a8f92ee0fe7f
Anims_Only_FBX_V1/FBX/103_05.fbx	ok	cmu	B-retarget	43	19	1	b7c0a8f92ee0fe7f
Anims_Only_FBX_V1/FBX/103_06.fbx	ok	cmu	B-retarget	43	19	1	b7c0a8f92ee0fe7f
Anims_Only_FBX_V1/FBX/103_07.fbx	ok	cmu	B-retarget	43	19	1	b7c0a8f92ee0fe7f
Anims_Only_FBX_V1/FBX/103_08.fbx	ok	cmu	B-retarget	43	19	1	b7c0a8f92ee0fe7f
Anims_Only_FBX_V1/FBX/104_01.fbx	ok	cmu	B-retarget	43	19	1	b7c0a8f92ee0fe7f
Anims_Only_FBX_V1/FBX/104_02.fbx	ok	cmu	B-retarget	43	19	1	b7c0a8f92ee0fe7f
Anims_Only_FBX_V1/FBX/104_03.fbx	ok	cmu	B-retarget	43	19	1	b7c0a8f92ee0fe7f
Anims_Only_FBX_V1/FBX/104_04.fbx	ok	cmu	B-retarget	43	19	1	b7c0a8f92ee0fe7f
Anims_Only_FBX_V1/FBX/104_05.fbx	ok	cmu	B-retarget	43	19	1	b7c0a8f92ee0fe7f
Anims_Only_FBX_V1/FBX/104_06.fbx	ok	cmu	B-retarget	43	19	1	b7c0a8f92ee0fe7f
Anims_Only_FBX_V1/FBX/104_07.fbx	ok	cmu	B-retarget	43	19	1	b7c0a8f92ee0fe7f
Anims_Only_FBX_V1/FBX/104_08.fbx	ok	cmu	B-retarget	43	19	1	b7c0a8f92ee0fe7f
Anims_Only_FBX_V1/FBX/104_09.fbx	ok	cmu	B-retarget	43	19	1	b7c0a8f92ee0fe7f
Anims_Only_FBX_V1/FBX/104_10.fbx	ok	cmu	B-retarget	43	19	1	b7c0a8f92ee0fe7f
Anims_Only_FBX_V1/FBX/104_11.fbx	ok	cmu	B-retarget	43	19	1	b7c0a8f92ee0fe7f
Anims_Only_FBX_V1/FBX/104_12.fbx	ok	cmu	B-retarget	43	19	1	b7c0a8f92ee0fe7f
Anims_Only_FBX_V1/FBX/104_13.fbx	ok	cmu	B-retarget	43	19	1	b7c0a8f92ee0fe7f
Anims_Only_FBX_V1/FBX/104_14.fbx	ok	cmu	B-retarget	43	19	1	b7c0a8f92ee0fe7f
Anims_Only_FBX_V1/FBX/104_15.fbx	ok	cmu	B-retarget	43	19	1	b7c0a8f92ee0fe7f
Anims_Only_FBX_V1/FBX/104_16.fbx	ok	cmu	B-retarget	43	19	1	b7c0a8f92ee0fe7f
Anims_Only_FBX_V1/FBX/104_17.fbx	ok	cmu	B-retarget	43	19	1	b7c0a8f92ee0fe7f
Anims_Only_FBX_V1/FBX/104_18.fbx	ok	cmu	B-retarget	43	19	1	b7c0a8f92ee0fe7f
Anims_Only_FBX_V1/FBX/104_19.fbx	ok	cmu	B-retarget	43	19	1	b7c0a8f92ee0fe7f
Anims_Only_FBX_V1/FBX/104_20.fbx	ok	cmu	B-retarget	43	19	1	b7c0a8f92ee0fe7f
Anims_Only_FBX_V1/FBX/104_21.fbx	ok	cmu	B-retarget	43	19	1	b7c0a8f92ee0fe7f
Anims_Only_FBX_V1/FBX/104_22.fbx	ok	cmu	B-retarget	43	19	1	b7c0a8f92ee0fe7f
Anims_Only_FBX_V1/FBX/104_23.fbx	ok	cmu	B-retarget	43	19	1	b7c0a8f92ee0fe7f
Anims_Only_FBX_V1/FBX/104_24.fbx	ok	cmu	B-retarget	43	19	1	b7c0a8f92ee0fe7f
Anims_Only_FBX_V1/FBX/104_25.fbx	ok	cmu	B-retarget	43	19	1	b7c0a8f92ee0fe7f
Anims_Only_FBX_V1/FBX/104_26.fbx	ok	cmu	B-retarget	43	19	1	b7c0a8f92ee0fe7f
Anims_Only_FBX_V1/FBX/104_27.fbx	ok	cmu	B-retarget	43	19	1	b7c0a8f92ee0fe7f
Anims_Only_FBX_V1/FBX/104_28.fbx	ok	cmu	B-retarget	43	19	1	b7c0a8f92ee0fe7f
Anims_Only_FBX_V1/FBX/104_29.fbx	ok	cmu	B-retarget	43	19	1	b7c0a8f92ee0fe7f
Anims_Only_FBX_V1/FBX/104_30.fbx	ok	cmu	B-retarget	43	19	1	b7c0a8f92ee0fe7f
Anims_Only_FBX_V1/FBX/104_31.fbx	ok	cmu	B-retarget	43	19	1	b7c0a8f92ee0fe7f
Anims_Only_FBX_V1/FBX/104_32.fbx	ok	cmu	B-retarget	43	19	1	b7c0a8f92ee0fe7f
Anims_Only_FBX_V1/FBX/104_33.fbx	ok	cmu	B-retarget	43	19	1	b7c0a8f92ee0fe7f
Anims_Only_FBX_V1/FBX/104_34.fbx	ok	cmu	B-retarget	43	19	1	b7c0a8f92ee0fe7f
Anims_Only_FBX_V1/FBX/104_35.fbx	ok	cmu	B-retarget	43	19	1	b7c0a8f92ee0fe7f
Anims_Only_FBX_V1/FBX/104_36.fbx	ok	cmu	B-retarget	43	19	1	b7c0a8f92ee0fe7f
Anims_Only_FBX_V1/FBX/104_37.fbx	ok	cmu	B-retarget	43	19	1	b7c0a8f92ee0fe7f
Anims_Only_FBX_V1/FBX/104_38.fbx	ok	cmu	B-retarget	43	19	1	b7c0a8f92ee0fe7f
Anims_Only_FBX_V1/FBX/104_39.fbx	ok	cmu	B-retarget	43	19	1	b7c0a8f92ee0fe7f
Anims_Only_FBX_V1/FBX/104_40.fbx	ok	cmu	B-retarget	43	19	1	b7c0a8f92ee0fe7f
Anims_Only_FBX_V1/FBX/104_41.fbx	ok	cmu	B-retarget	43	19	1	b7c0a8f92ee0fe7f
Anims_Only_FBX_V1/FBX/104_42.fbx	ok	cmu	B-retarget	43	19	1	b7c0a8f92ee0fe7f
Anims_Only_FBX_V1/FBX/104_43.fbx	ok	cmu	B-retarget	43	19	1	b7c0a8f92ee0fe7f
Anims_Only_FBX_V1/FBX/104_44.fbx	ok	cmu	B-retarget	43	19	1	b7c0a8f92ee0fe7f
Anims_Only_FBX_V1/FBX/104_45.fbx	ok	cmu	B-retarget	43	19	1	b7c0a8f92ee0fe7f
Anims_Only_FBX_V1/FBX/104_46.fbx	ok	cmu	B-retarget	43	19	1	b7c0a8f92ee0fe7f
Anims_Only_FBX_V1/FBX/104_47.fbx	ok	cmu	B-retarget	43	19	1	b7c0a8f92ee0fe7f
Anims_Only_FBX_V1/FBX/104_48.fbx	ok	cmu	B-retarget	43	19	1	b7c0a8f92ee0fe7f
Anims_Only_FBX_V1/FBX/104_49.fbx	ok	cmu	B-retarget	43	19	1	b7c0a8f92ee0fe7f
Anims_Only_FBX_V1/FBX/104_50.fbx	ok	cmu	B-retarget	43	19	1	b7c0a8f92ee0fe7f
Anims_Only_FBX_V1/FBX/104_51.fbx	ok	cmu	B-retarget	43	19	1	b7c0a8f92ee0fe7f
Anims_Only_FBX_V1/FBX/104_52.fbx	ok	cmu	B-retarget	43	19	1	b7c0a8f92ee0fe7f
Anims_Only_FBX_V1/FBX/104_53.fbx	ok	cmu	B-retarget	43	19	1	b7c0a8f92ee0fe7f
Anims_Only_FBX_V1/FBX/104_54.fbx	ok	cmu	B-retarget	43	19	1	b7c0a8f92ee0fe7f
Anims_Only_FBX_V1/FBX/104_55.fbx	ok	cmu	B-retarget	43	19	1	b7c0a8f92ee0fe7f
Anims_Only_FBX_V1/FBX/104_56.fbx	ok	cmu	B-retarget	43	19	1	b7c0a8f92ee0fe7f
Anims_Only_FBX_V1/FBX/104_57.fbx	ok	cmu	B-retarget	43	19	1	b7c0a8f92ee0fe7f
Anims_Only_FBX_V1/FBX/105_01.fbx	ok	cmu	B-retarget	43	19	1	b7c0a8f92ee0fe7f
Anims_Only_FBX_V1/FBX/105_02.fbx	ok	cmu	B-retarget	43	19	1	b7c0a8f92ee0fe7f
Anims_Only_FBX_V1/FBX/105_03.fbx	ok	cmu	B-retarget	43	19	1	b7c0a8f92ee0fe7f
Anims_Only_FBX_V1/FBX/105_04.fbx	ok	cmu	B-retarget	43	19	1	b7c0a8f92ee0fe7f
Anims_Only_FBX_V1/FBX/105_05.fbx	ok	cmu	B-retarget	43	19	1	b7c0a8f92ee0fe7f
Anims_Only_FBX_V1/FBX/105_06.fbx	ok	cmu	B-retarget	43	19	1	b7c0a8f92ee0fe7f
Anims_Only_FBX_V1/FBX/105_07.fbx	ok	cmu	B-retarget	43	19	1	b7c0a8f92ee0fe7f
Anims_Only_FBX_V1/FBX/105_08.fbx	ok	cmu	B-retarget	43	19	1	b7c0a8f92ee0fe7f
Anims_Only_FBX_V1/FBX/105_09.fbx	ok	cmu	B-retarget	43	19	1	b7c0a8f92ee0fe7f
Anims_Only_FBX_V1/FBX/105_10.fbx	ok	cmu	B-retarget	43	19	1	b7c0a8f92ee0fe7f
Anims_Only_FBX_V1/FBX/105_11.fbx	ok	cmu	B-retarget	43	19	1	b7c0a8f92ee0fe7f
Anims_Only_FBX_V1/FBX/105_12.fbx	ok	cmu	B-retarget	43	19	1	b7c0a8f92ee0fe7f
Anims_Only_FBX_V1/FBX/105_13.fbx	ok	cmu	B-retarget	43	19	1	b7c0a8f92ee0fe7f
Anims_Only_FBX_V1/FBX/105_14.fbx	ok	cmu	B-retarget	43	19	1	b7c0a8f92ee0fe7f
Anims_Only_FBX_V1/FBX/105_15.fbx	ok	cmu	B-retarget	43	19	1	b7c0a8f92ee0fe7f
Anims_Only_FBX_V1/FBX/105_16.fbx	ok	cmu	B-retarget	43	19	1	b7c0a8f92ee0fe7f
Anims_Only_FBX_V1/FBX/105_17.fbx	ok	cmu	B-retarget	43	19	1	b7c0a8f92ee0fe7f
Anims_Only_FBX_V1/FBX/105_18.fbx	ok	cmu	B-retarget	43	19	1	b7c0a8f92ee0fe7f
Anims_Only_FBX_V1/FBX/105_19.fbx	ok	cmu	B-retarget	43	19	1	b7c0a8f92ee0fe7f
Anims_Only_FBX_V1/FBX/105_20.fbx	ok	cmu	B-retarget	43	19	1	b7c0a8f92ee0fe7f
Anims_Only_FBX_V1/FBX/105_21.fbx	ok	cmu	B-retarget	43	19	1	b7c0a8f92ee0fe7f
Anims_Only_FBX_V1/FBX/105_22.fbx	ok	cmu	B-retarget	43	19	1	b7c0a8f92ee0fe7f
Anims_Only_FBX_V1/FBX/105_23.fbx	ok	cmu	B-retarget	43	19	1	b7c0a8f92ee0fe7f
Anims_Only_FBX_V1/FBX/105_24.fbx	ok	cmu	B-retarget	43	19	1	b7c0a8f92ee0fe7f
Anims_Only_FBX_V1/FBX/105_25.fbx	ok	cmu	B-retarget	43	19	1	b7c0a8f92ee0fe7f
Anims_Only_FBX_V1/FBX/105_26.fbx	ok	cmu	B-retarget	43	19	1	b7c0a8f92ee0fe7f
Anims_Only_FBX_V1/FBX/105_27.fbx	ok	cmu	B-retarget	43	19	1	b7c0a8f92ee0fe7f
Anims_Only_FBX_V1/FBX/105_28.fbx	ok	cmu	B-retarget	43	19	1	b7c0a8f92ee0fe7f
Anims_Only_FBX_V1/FBX/105_29.fbx	ok	cmu	B-retarget	43	19	1	b7c0a8f92ee0fe7f
Anims_Only_FBX_V1/FBX/105_30.fbx	ok	cmu	B-retarget	43	19	1	b7c0a8f92ee0fe7f
Anims_Only_FBX_V1/FBX/105_31.fbx	ok	cmu	B-retarget	43	19	1	b7c0a8f92ee0fe7f
Anims_Only_FBX_V1/FBX/105_32.fbx	ok	cmu	B-retarget	43	19	1	b7c0a8f92ee0fe7f
Anims_Only_FBX_V1/FBX/105_33.fbx	ok	cmu	B-retarget	43	19	1	b7c0a8f92ee0fe7f
Anims_Only_FBX_V1/FBX/105_34.fbx	ok	cmu	B-retarget	43	19	1	b7c0a8f92ee0fe7f
Anims_Only_FBX_V1/FBX/105_35.fbx	ok	cmu	B-retarget	43	19	1	b7c0a8f92ee0fe7f
Anims_Only_FBX_V1/FBX/105_36.fbx	ok	cmu	B-retarget	43	19	1	b7c0a8f92ee0fe7f
Anims_Only_FBX_V1/FBX/105_37.fbx	ok	cmu	B-retarget	43	19	1	b7c0a8f92ee0fe7f
Anims_Only_FBX_V1/FBX/105_38.fbx	ok	cmu	B-retarget	43	19	1	b7c0a8f92ee0fe7f
Anims_Only_FBX_V1/FBX/105_39.fbx	ok	cmu	B-retarget	43	19	1	b7c0a8f92ee0fe7f
Anims_Only_FBX_V1/FBX/105_40.fbx	ok	cmu	B-retarget	43	19	1	b7c0a8f92ee0fe7f
Anims_Only_FBX_V1/FBX/105_41.fbx	ok	cmu	B-retarget	43	19	1	b7c0a8f92ee0fe7f
Anims_Only_FBX_V1/FBX/105_42.fbx	ok	cmu	B-retarget	43	19	1	b7c0a8f92ee0fe7f
Anims_Only_FBX_V1/FBX/105_43.fbx	ok	cmu	B-retarget	43	19	1	b7c0a8f92ee0fe7f
Anims_Only_FBX_V1/FBX/105_44.fbx	ok	cmu	B-retarget	43	19	1	b7c0a8f92ee0fe7f
Anims_Only_FBX_V1/FBX/105_45.fbx	ok	cmu	B-retarget	43	19	1	b7c0a8f92ee0fe7f
Anims_Only_FBX_V1/FBX/105_46.fbx	ok	cmu	B-retarget	43	19	1	b7c0a8f92ee0fe7f
Anims_Only_FBX_V1/FBX/105_47.fbx	ok	cmu	B-retarget	43	19	1	b7c0a8f92ee0fe7f
Anims_Only_FBX_V1/FBX/105_48.fbx	ok	cmu	B-retarget	43	19	1	b7c0a8f92ee0fe7f
Anims_Only_FBX_V1/FBX/105_49.fbx	ok	cmu	B-retarget	43	19	1	b7c0a8f92ee0fe7f
Anims_Only_FBX_V1/FBX/105_50.fbx	ok	cmu	B-retarget	43	19	1	b7c0a8f92ee0fe7f
Anims_Only_FBX_V1/FBX/105_51.fbx	ok	cmu	B-retarget	43	19	1	b7c0a8f92ee0fe7f
Anims_Only_FBX_V1/FBX/105_52.fbx	ok	cmu	B-retarget	43	19	1	b7c0a8f92ee0fe7f
Anims_Only_FBX_V1/FBX/105_53.fbx	ok	cmu	B-retarget	43	19	1	b7c0a8f92ee0fe7f
Anims_Only_FBX_V1/FBX/105_54.fbx	ok	cmu	B-retarget	43	19	1	b7c0a8f92ee0fe7f
Anims_Only_FBX_V1/FBX/105_55.fbx	ok	cmu	B-retarget	43	19	1	b7c0a8f92ee0fe7f
Anims_Only_FBX_V1/FBX/105_56.fbx	ok	cmu	B-retarget	43	19	1	b7c0a8f92ee0fe7f
Anims_Only_FBX_V1/FBX/105_57.fbx	ok	cmu	B-retarget	43	19	1	b7c0a8f92ee0fe7f
Anims_Only_FBX_V1/FBX/105_58.fbx	ok	cmu	B-retarget	43	19	1	b7c0a8f92ee0fe7f
Anims_Only_FBX_V1/FBX/105_59.fbx	ok	cmu	B-retarget	43	19	1	b7c0a8f92ee0fe7f
Anims_Only_FBX_V1/FBX/105_60.fbx	ok	cmu	B-retarget	43	19	1	b7c0a8f92ee0fe7f
Anims_Only_FBX_V1/FBX/105_61.fbx	ok	cmu	B-retarget	43	19	1	b7c0a8f92ee0fe7f
Anims_Only_FBX_V1/FBX/105_62.fbx	ok	cmu	B-retarget	43	19	1	b7c0a8f92ee0fe7f
Anims_Only_FBX_V1/FBX/106_01.fbx	ok	cmu	B-retarget	43	19	1	b7c0a8f92ee0fe7f
Anims_Only_FBX_V1/FBX/106_02.fbx	ok	cmu	B-retarget	43	19	1	b7c0a8f92ee0fe7f
Anims_Only_FBX_V1/FBX/106_03.fbx	ok	cmu	B-retarget	43	19	1	b7c0a8f92ee0fe7f
Anims_Only_FBX_V1/FBX/106_04.fbx	ok	cmu	B-retarget	43	19	1	b7c0a8f92ee0fe7f
Anims_Only_FBX_V1/FBX/106_05.fbx	ok	cmu	B-retarget	43	19	1	b7c0a8f92ee0fe7f
Anims_Only_FBX_V1/FBX/106_06.fbx	ok	cmu	B-retarget	43	19	1	b7c0a8f92ee0fe7f
Anims_Only_FBX_V1/FBX/106_07.fbx	ok	cmu	B-retarget	43	19	1	b7c0a8f92ee0fe7f
Anims_Only_FBX_V1/FBX/106_08.fbx	ok	cmu	B-retarget	43	19	1	b7c0a8f92ee0fe7f
Anims_Only_FBX_V1/FBX/106_09.fbx	ok	cmu	B-retarget	43	19	1	b7c0a8f92ee0fe7f
Anims_Only_FBX_V1/FBX/106_10.fbx	ok	cmu	B-retarget	43	19	1	b7c0a8f92ee0fe7f
Anims_Only_FBX_V1/FBX/106_11.fbx	ok	cmu	B-retarget	43	19	1	b7c0a8f92ee0fe7f
Anims_Only_FBX_V1/FBX/106_12.fbx	ok	cmu	B-retarget	43	19	1	b7c0a8f92ee0fe7f
Anims_Only_FBX_V1/FBX/106_13.fbx	ok	cmu	B-retarget	43	19	1	b7c0a8f92ee0fe7f
Anims_Only_FBX_V1/FBX/106_14.fbx	ok	cmu	B-retarget	43	19	1	b7c0a8f92ee0fe7f
Anims_Only_FBX_V1/FBX/106_15.fbx	ok	cmu	B-retarget	43	19	1	b7c0a8f92ee0fe7f
Anims_Only_FBX_V1/FBX/106_16.fbx	ok	cmu	B-retarget	43	19	1	b7c0a8f92ee0fe7f
Anims_Only_FBX_V1/FBX/106_17.fbx	ok	cmu	B-retarget	43	19	1	b7c0a8f92ee0fe7f
Anims_Only_FBX_V1/FBX/106_18.fbx	ok	cmu	B-retarget	43	19	1	b7c0a8f92ee0fe7f
Anims_Only_FBX_V1/FBX/106_19.fbx	ok	cmu	B-retarget	43	19	1	b7c0a8f92ee0fe7f
Anims_Only_FBX_V1/FBX/106_20.fbx	ok	cmu	B-retarget	43	19	1	b7c0a8f92ee0fe7f
Anims_Only_FBX_V1/FBX/106_21.fbx	ok	cmu	B-retarget	43	19	1	b7c0a8f92ee0fe7f
Anims_Only_FBX_V1/FBX/106_22.fbx	ok	cmu	B-retarget	43	19	1	b7c0a8f92ee0fe7f
Anims_Only_FBX_V1/FBX/106_23.fbx	ok	cmu	B-retarget	43	19	1	b7c0a8f92ee0fe7f
Anims_Only_FBX_V1/FBX/106_24.fbx	ok	cmu	B-retarget	43	19	1	b7c0a8f92ee0fe7f
Anims_Only_FBX_V1/FBX/106_25.fbx	ok	cmu	B-retarget	43	19	1	b7c0a8f92ee0fe7f
Anims_Only_FBX_V1/FBX/106_26.fbx	ok	cmu	B-retarget	43	19	1	b7c0a8f92ee0fe7f
Anims_Only_FBX_V1/FBX/106_27.fbx	ok	cmu	B-retarget	43	19	1	b7c0a8f92ee0fe7f
Anims_Only_FBX_V1/FBX/106_28.fbx	ok	cmu	B-retarget	43	19	1	b7c0a8f92ee0fe7f
Anims_Only_FBX_V1/FBX/106_29.fbx	ok	cmu	B-retarget	43	19	1	b7c0a8f92ee0fe7f
Anims_Only_FBX_V1/FBX/106_30.fbx	ok	cmu	B-retarget	43	19	1	b7c0a8f92ee0fe7f
Anims_Only_FBX_V1/FBX/106_31.fbx	ok	cmu	B-retarget	43	19	1	b7c0a8f92ee0fe7f
Anims_Only_FBX_V1/FBX/106_32.fbx	ok	cmu	B-retarget	43	19	1	b7c0a8f92ee0fe7f
Anims_Only_FBX_V1/FBX/106_33.fbx	ok	cmu	B-retarget	43	19	1	b7c0a8f92ee0fe7f
Anims_Only_FBX_V1/FBX/106_34.fbx	ok	cmu	B-retarget	43	19	1	b7c0a8f92ee0fe7f
Anims_Only_FBX_V1/FBX/107_01.fbx	ok	cmu	B-retarget	43	19	1	b7c0a8f92ee0fe7f
Anims_Only_FBX_V1/FBX/107_02.fbx	ok	cmu	B-retarget	43	19	1	b7c0a8f92ee0fe7f
Anims_Only_FBX_V1/FBX/107_03.fbx	ok	cmu	B-retarget	43	19	1	b7c0a8f92ee0fe7f
Anims_Only_FBX_V1/FBX/107_04.fbx	ok	cmu	B-retarget	43	19	1	b7c0a8f92ee0fe7f
Anims_Only_FBX_V1/FBX/107_05.fbx	ok	cmu	B-retarget	43	19	1	b7c0a8f92ee0fe7f
Anims_Only_FBX_V1/FBX/107_06.fbx	ok	cmu	B-retarget	43	19	1	b7c0a8f92ee0fe7f
Anims_Only_FBX_V1/FBX/107_07.fbx	ok	cmu	B-retarget	43	19	1	b7c0a8f92ee0fe7f
Anims_Only_FBX_V1/FBX/107_08.fbx	ok	cmu	B-retarget	43	19	1	b7c0a8f92ee0fe7f
Anims_Only_FBX_V1/FBX/107_09.fbx	ok	cmu	B-retarget	43	19	1	b7c0a8f92ee0fe7f
Anims_Only_FBX_V1/FBX/107_10.fbx	ok	cmu	B-retarget	43	19	1	b7c0a8f92ee0fe7f
Anims_Only_FBX_V1/FBX/107_11.fbx	ok	cmu	B-retarget	43	19	1	b7c0a8f92ee0fe7f
Anims_Only_FBX_V1/FBX/107_12.fbx	ok	cmu	B-retarget	43	19	1	b7c0a8f92ee0fe7f
Anims_Only_FBX_V1/FBX/107_13.fbx	ok	cmu	B-retarget	43	19	1	b7c0a8f92ee0fe7f
Anims_Only_FBX_V1/FBX/107_14.fbx	ok	cmu	B-retarget	43	19	1	b7c0a8f92ee0fe7f
Anims_Only_FBX_V1/FBX/108_01.fbx	ok	cmu	B-retarget	43	19	1	b7c0a8f92ee0fe7f
Anims_Only_FBX_V1/FBX/108_02.fbx	ok	cmu	B-retarget	43	19	1	b7c0a8f92ee0fe7f
Anims_Only_FBX_V1/FBX/108_03.fbx	ok	cmu	B-retarget	43	19	1	b7c0a8f92ee0fe7f
Anims_Only_FBX_V1/FBX/108_04.fbx	ok	cmu	B-retarget	43	19	1	b7c0a8f92ee0fe7f
Anims_Only_FBX_V1/FBX/108_05.fbx	ok	cmu	B-retarget	43	19	1	b7c0a8f92ee0fe7f
Anims_Only_FBX_V1/FBX/108_06.fbx	ok	cmu	B-retarget	43	19	1	b7c0a8f92ee0fe7f
Anims_Only_FBX_V1/FBX/108_07.fbx	ok	cmu	B-retarget	43	19	1	b7c0a8f92ee0fe7f
Anims_Only_FBX_V1/FBX/108_08.fbx	ok	cmu	B-retarget	43	19	1	b7c0a8f92ee0fe7f
Anims_Only_FBX_V1/FBX/108_09.fbx	ok	cmu	B-retarget	43	19	1	b7c0a8f92ee0fe7f
Anims_Only_FBX_V1/FBX/108_10.fbx	ok	cmu	B-retarget	43	19	1	b7c0a8f92ee0fe7f
Anims_Only_FBX_V1/FBX/108_11.fbx	ok	cmu	B-retarget	43	19	1	b7c0a8f92ee0fe7f
Anims_Only_FBX_V1/FBX/108_12.fbx	ok	cmu	B-retarget	43	19	1	b7c0a8f92ee0fe7f
Anims_Only_FBX_V1/FBX/108_13.fbx	ok	cmu	B-retarget	43	19	1	b7c0a8f92ee0fe7f
Anims_Only_FBX_V1/FBX/108_14.fbx	ok	cmu	B-retarget	43	19	1	b7c0a8f92ee0fe7f
Anims_Only_FBX_V1/FBX/108_15.fbx	ok	cmu	B-retarget	43	19	1	b7c0a8f92ee0fe7f
Anims_Only_FBX_V1/FBX/108_16.fbx	ok	cmu	B-retarget	43	19	1	b7c0a8f92ee0fe7f
Anims_Only_FBX_V1/FBX/108_17.fbx	ok	cmu	B-retarget	43	19	1	b7c0a8f92ee0fe7f
Anims_Only_FBX_V1/FBX/108_18.fbx	ok	cmu	B-retarget	43	19	1	b7c0a8f92ee0fe7f
Anims_Only_FBX_V1/FBX/108_19.fbx	ok	cmu	B-retarget	43	19	1	b7c0a8f92ee0fe7f
Anims_Only_FBX_V1/FBX/108_20.fbx	ok	cmu	B-retarget	43	19	1	b7c0a8f92ee0fe7f
Anims_Only_FBX_V1/FBX/108_21.fbx	ok	cmu	B-retarget	43	19	1	b7c0a8f92ee0fe7f
Anims_Only_FBX_V1/FBX/108_22.fbx	ok	cmu	B-retarget	43	19	1	b7c0a8f92ee0fe7f
Anims_Only_FBX_V1/FBX/108_23.fbx	ok	cmu	B-retarget	43	19	1	b7c0a8f92ee0fe7f
Anims_Only_FBX_V1/FBX/108_24.fbx	ok	cmu	B-retarget	43	19	1	b7c0a8f92ee0fe7f
Anims_Only_FBX_V1/FBX/108_25.fbx	ok	cmu	B-retarget	43	19	1	b7c0a8f92ee0fe7f
Anims_Only_FBX_V1/FBX/108_26.fbx	ok	cmu	B-retarget	43	19	1	b7c0a8f92ee0fe7f
Anims_Only_FBX_V1/FBX/108_27.fbx	ok	cmu	B-retarget	43	19	1	b7c0a8f92ee0fe7f
Anims_Only_FBX_V1/FBX/108_28.fbx	ok	cmu	B-retarget	43	19	1	b7c0a8f92ee0fe7f
Anims_Only_FBX_V1/FBX/10_01.fbx	ok	cmu	B-retarget	43	19	1	b7c0a8f92ee0fe7f
Anims_Only_FBX_V1/FBX/10_02.fbx	ok	cmu	B-retarget	43	19	1	b7c0a8f92ee0fe7f
Anims_Only_FBX_V1/FBX/10_03.fbx	ok	cmu	B-retarget	43	19	1	b7c0a8f92ee0fe7f
Anims_Only_FBX_V1/FBX/10_04.fbx	ok	cmu	B-retarget	43	19	1	b7c0a8f92ee0fe7f
Anims_Only_FBX_V1/FBX/10_05.fbx	ok	cmu	B-retarget	43	19	1	b7c0a8f92ee0fe7f
Anims_Only_FBX_V1/FBX/10_06.fbx	ok	cmu	B-retarget	43	19	1	b7c0a8f92ee0fe7f
Anims_Only_FBX_V1/FBX/111_01.fbx	ok	cmu	B-retarget	43	19	1	b7c0a8f92ee0fe7f
Anims_Only_FBX_V1/FBX/111_02.fbx	ok	cmu	B-retarget	43	19	1	b7c0a8f92ee0fe7f
Anims_Only_FBX_V1/FBX/111_03.fbx	ok	cmu	B-retarget	43	19	1	b7c0a8f92ee0fe7f
Anims_Only_FBX_V1/FBX/111_04.fbx	ok	cmu	B-retarget	43	19	1	b7c0a8f92ee0fe7f
Anims_Only_FBX_V1/FBX/111_05.fbx	ok	cmu	B-retarget	43	19	1	b7c0a8f92ee0fe7f
Anims_Only_FBX_V1/FBX/111_06.fbx	ok	cmu	B-retarget	43	19	1	b7c0a8f92ee0fe7f
Anims_Only_FBX_V1/FBX/111_07.fbx	ok	cmu	B-retarget	43	19	1	b7c0a8f92ee0fe7f
Anims_Only_FBX_V1/FBX/111_08.fbx	ok	cmu	B-retarget	43	19	1	b7c0a8f92ee0fe7f
Anims_Only_FBX_V1/FBX/111_09.fbx	ok	cmu	B-retarget	43	19	1	b7c0a8f92ee0fe7f
Anims_Only_FBX_V1/FBX/111_10.fbx	ok	cmu	B-retarget	43	19	1	b7c0a8f92ee0fe7f
Anims_Only_FBX_V1/FBX/111_11.fbx	ok	cmu	B-retarget	43	19	1	b7c0a8f92ee0fe7f
Anims_Only_FBX_V1/FBX/111_12.fbx	ok	cmu	B-retarget	43	19	1	b7c0a8f92ee0fe7f
Anims_Only_FBX_V1/FBX/111_13.fbx	ok	cmu	B-retarget	43	19	1	b7c0a8f92ee0fe7f
Anims_Only_FBX_V1/FBX/111_14.fbx	ok	cmu	B-retarget	43	19	1	b7c0a8f92ee0fe7f
Anims_Only_FBX_V1/FBX/111_15.fbx	ok	cmu	B-retarget	43	19	1	b7c0a8f92ee0fe7f
Anims_Only_FBX_V1/FBX/111_16.fbx	ok	cmu	B-retarget	43	19	1	b7c0a8f92ee0fe7f
Anims_Only_FBX_V1/FBX/111_17.fbx	ok	cmu	B-retarget	43	19	1	b7c0a8f92ee0fe7f
Anims_Only_FBX_V1/FBX/111_18.fbx	ok	cmu	B-retarget	43	19	1	b7c0a8f92ee0fe7f
Anims_Only_FBX_V1/FBX/111_19.fbx	ok	cmu	B-retarget	43	19	1	b7c0a8f92ee0fe7f
Anims_Only_FBX_V1/FBX/111_20.fbx	ok	cmu	B-retarget	43	19	1	b7c0a8f92ee0fe7f
Anims_Only_FBX_V1/FBX/111_21.fbx	ok	cmu	B-retarget	43	19	1	b7c0a8f92ee0fe7f
Anims_Only_FBX_V1/FBX/111_22.fbx	ok	cmu	B-retarget	43	19	1	b7c0a8f92ee0fe7f
Anims_Only_FBX_V1/FBX/111_23.fbx	ok	cmu	B-retarget	43	19	1	b7c0a8f92ee0fe7f
Anims_Only_FBX_V1/FBX/111_24.fbx	ok	cmu	B-retarget	43	19	1	b7c0a8f92ee0fe7f
Anims_Only_FBX_V1/FBX/111_25.fbx	ok	cmu	B-retarget	43	19	1	b7c0a8f92ee0fe7f
Anims_Only_FBX_V1/FBX/111_26.fbx	ok	cmu	B-retarget	43	19	1	b7c0a8f92ee0fe7f
Anims_Only_FBX_V1/FBX/111_27.fbx	ok	cmu	B-retarget	43	19	1	b7c0a8f92ee0fe7f
Anims_Only_FBX_V1/FBX/111_28.fbx	ok	cmu	B-retarget	43	19	1	b7c0a8f92ee0fe7f
Anims_Only_FBX_V1/FBX/111_29.fbx	ok	cmu	B-retarget	43	19	1	b7c0a8f92ee0fe7f
Anims_Only_FBX_V1/FBX/111_30.fbx	ok	cmu	B-retarget	43	19	1	b7c0a8f92ee0fe7f
Anims_Only_FBX_V1/FBX/111_31.fbx	ok	cmu	B-retarget	43	19	1	b7c0a8f92ee0fe7f
Anims_Only_FBX_V1/FBX/111_32.fbx	ok	cmu	B-retarget	43	19	1	b7c0a8f92ee0fe7f
Anims_Only_FBX_V1/FBX/111_33.fbx	ok	cmu	B-retarget	43	19	1	b7c0a8f92ee0fe7f
Anims_Only_FBX_V1/FBX/111_34.fbx	ok	cmu	B-retarget	43	19	1	b7c0a8f92ee0fe7f
Anims_Only_FBX_V1/FBX/111_35.fbx	ok	cmu	B-retarget	43	19	1	b7c0a8f92ee0fe7f
Anims_Only_FBX_V1/FBX/111_36.fbx	ok	cmu	B-retarget	43	19	1	b7c0a8f92ee0fe7f
Anims_Only_FBX_V1/FBX/111_37.fbx	ok	cmu	B-retarget	43	19	1	b7c0a8f92ee0fe7f
Anims_Only_FBX_V1/FBX/111_38.fbx	ok	cmu	B-retarget	43	19	1	b7c0a8f92ee0fe7f
Anims_Only_FBX_V1/FBX/111_39.fbx	ok	cmu	B-retarget	43	19	1	b7c0a8f92ee0fe7f
Anims_Only_FBX_V1/FBX/111_40.fbx	ok	cmu	B-retarget	43	19	1	b7c0a8f92ee0fe7f
Anims_Only_FBX_V1/FBX/111_41.fbx	ok	cmu	B-retarget	43	19	1	b7c0a8f92ee0fe7f
Anims_Only_FBX_V1/FBX/113_01.fbx	ok	cmu	B-retarget	43	19	1	b7c0a8f92ee0fe7f
Anims_Only_FBX_V1/FBX/113_02.fbx	ok	cmu	B-retarget	43	19	1	b7c0a8f92ee0fe7f
Anims_Only_FBX_V1/FBX/113_03.fbx	ok	cmu	B-retarget	43	19	1	b7c0a8f92ee0fe7f
Anims_Only_FBX_V1/FBX/113_04.fbx	ok	cmu	B-retarget	43	19	1	b7c0a8f92ee0fe7f
Anims_Only_FBX_V1/FBX/113_05.fbx	ok	cmu	B-retarget	43	19	1	b7c0a8f92ee0fe7f
Anims_Only_FBX_V1/FBX/113_06.fbx	ok	cmu	B-retarget	43	19	1	b7c0a8f92ee0fe7f
Anims_Only_FBX_V1/FBX/113_07.fbx	ok	cmu	B-retarget	43	19	1	b7c0a8f92ee0fe7f
Anims_Only_FBX_V1/FBX/113_08.fbx	ok	cmu	B-retarget	43	19	1	b7c0a8f92ee0fe7f
Anims_Only_FBX_V1/FBX/113_09.fbx	ok	cmu	B-retarget	43	19	1	b7c0a8f92ee0fe7f
Anims_Only_FBX_V1/FBX/113_10.fbx	ok	cmu	B-retarget	43	19	1	b7c0a8f92ee0fe7f
Anims_Only_FBX_V1/FBX/113_11.fbx	ok	cmu	B-retarget	43	19	1	b7c0a8f92ee0fe7f
Anims_Only_FBX_V1/FBX/113_12.fbx	ok	cmu	B-retarget	43	19	1	b7c0a8f92ee0fe7f
Anims_Only_FBX_V1/FBX/113_13.fbx	ok	cmu	B-retarget	43	19	1	b7c0a8f92ee0fe7f
Anims_Only_FBX_V1/FBX/113_14.fbx	ok	cmu	B-retarget	43	19	1	b7c0a8f92ee0fe7f
Anims_Only_FBX_V1/FBX/113_15.fbx	ok	cmu	B-retarget	43	19	1	b7c0a8f92ee0fe7f
Anims_Only_FBX_V1/FBX/113_16.fbx	ok	cmu	B-retarget	43	19	1	b7c0a8f92ee0fe7f
Anims_Only_FBX_V1/FBX/113_17.fbx	ok	cmu	B-retarget	43	19	1	b7c0a8f92ee0fe7f
Anims_Only_FBX_V1/FBX/113_18.fbx	ok	cmu	B-retarget	43	19	1	b7c0a8f92ee0fe7f
Anims_Only_FBX_V1/FBX/113_19.fbx	ok	cmu	B-retarget	43	19	1	b7c0a8f92ee0fe7f
Anims_Only_FBX_V1/FBX/113_20.fbx	ok	cmu	B-retarget	43	19	1	b7c0a8f92ee0fe7f
Anims_Only_FBX_V1/FBX/113_21.fbx	ok	cmu	B-retarget	43	19	1	b7c0a8f92ee0fe7f
Anims_Only_FBX_V1/FBX/113_22.fbx	ok	cmu	B-retarget	43	19	1	b7c0a8f92ee0fe7f
Anims_Only_FBX_V1/FBX/113_23.fbx	ok	cmu	B-retarget	43	19	1	b7c0a8f92ee0fe7f
Anims_Only_FBX_V1/FBX/113_24.fbx	ok	cmu	B-retarget	43	19	1	b7c0a8f92ee0fe7f
Anims_Only_FBX_V1/FBX/113_25.fbx	ok	cmu	B-retarget	43	19	1	b7c0a8f92ee0fe7f
Anims_Only_FBX_V1/FBX/113_26.fbx	ok	cmu	B-retarget	43	19	1	b7c0a8f92ee0fe7f
Anims_Only_FBX_V1/FBX/113_27.fbx	ok	cmu	B-retarget	43	19	1	b7c0a8f92ee0fe7f
Anims_Only_FBX_V1/FBX/113_28.fbx	ok	cmu	B-retarget	43	19	1	b7c0a8f92ee0fe7f
Anims_Only_FBX_V1/FBX/113_29.fbx	ok	cmu	B-retarget	43	19	1	b7c0a8f92ee0fe7f
Anims_Only_FBX_V1/FBX/114_01.fbx	ok	cmu	B-retarget	43	19	1	b7c0a8f92ee0fe7f
Anims_Only_FBX_V1/FBX/114_02.fbx	ok	cmu	B-retarget	43	19	1	b7c0a8f92ee0fe7f
Anims_Only_FBX_V1/FBX/114_03.fbx	ok	cmu	B-retarget	43	19	1	b7c0a8f92ee0fe7f
Anims_Only_FBX_V1/FBX/114_04.fbx	ok	cmu	B-retarget	43	19	1	b7c0a8f92ee0fe7f
Anims_Only_FBX_V1/FBX/114_05.fbx	ok	cmu	B-retarget	43	19	1	b7c0a8f92ee0fe7f
Anims_Only_FBX_V1/FBX/114_06.fbx	ok	cmu	B-retarget	43	19	1	b7c0a8f92ee0fe7f
Anims_Only_FBX_V1/FBX/114_07.fbx	ok	cmu	B-retarget	43	19	1	b7c0a8f92ee0fe7f
Anims_Only_FBX_V1/FBX/114_08.fbx	ok	cmu	B-retarget	43	19	1	b7c0a8f92ee0fe7f
Anims_Only_FBX_V1/FBX/114_09.fbx	ok	cmu	B-retarget	43	19	1	b7c0a8f92ee0fe7f
Anims_Only_FBX_V1/FBX/114_10.fbx	ok	cmu	B-retarget	43	19	1	b7c0a8f92ee0fe7f
Anims_Only_FBX_V1/FBX/114_11.fbx	ok	cmu	B-retarget	43	19	1	b7c0a8f92ee0fe7f
Anims_Only_FBX_V1/FBX/114_12.fbx	ok	cmu	B-retarget	43	19	1	b7c0a8f92ee0fe7f
Anims_Only_FBX_V1/FBX/114_13.fbx	ok	cmu	B-retarget	43	19	1	b7c0a8f92ee0fe7f
Anims_Only_FBX_V1/FBX/114_14.fbx	ok	cmu	B-retarget	43	19	1	b7c0a8f92ee0fe7f
Anims_Only_FBX_V1/FBX/114_15.fbx	ok	cmu	B-retarget	43	19	1	b7c0a8f92ee0fe7f
Anims_Only_FBX_V1/FBX/114_16.fbx	ok	cmu	B-retarget	43	19	1	b7c0a8f92ee0fe7f
Anims_Only_FBX_V1/FBX/115_01.fbx	ok	cmu	B-retarget	43	19	1	b7c0a8f92ee0fe7f
Anims_Only_FBX_V1/FBX/115_02.fbx	ok	cmu	B-retarget	43	19	1	b7c0a8f92ee0fe7f
Anims_Only_FBX_V1/FBX/115_03.fbx	ok	cmu	B-retarget	43	19	1	b7c0a8f92ee0fe7f
Anims_Only_FBX_V1/FBX/115_04.fbx	ok	cmu	B-retarget	43	19	1	b7c0a8f92ee0fe7f
Anims_Only_FBX_V1/FBX/115_05.fbx	ok	cmu	B-retarget	43	19	1	b7c0a8f92ee0fe7f
Anims_Only_FBX_V1/FBX/115_06.fbx	ok	cmu	B-retarget	43	19	1	b7c0a8f92ee0fe7f
Anims_Only_FBX_V1/FBX/115_07.fbx	ok	cmu	B-retarget	43	19	1	b7c0a8f92ee0fe7f
Anims_Only_FBX_V1/FBX/115_08.fbx	ok	cmu	B-retarget	43	19	1	b7c0a8f92ee0fe7f
Anims_Only_FBX_V1/FBX/115_09.fbx	ok	cmu	B-retarget	43	19	1	b7c0a8f92ee0fe7f
Anims_Only_FBX_V1/FBX/115_10.fbx	ok	cmu	B-retarget	43	19	1	b7c0a8f92ee0fe7f
Anims_Only_FBX_V1/FBX/117_01.fbx	ok	cmu	B-retarget	43	19	1	b7c0a8f92ee0fe7f
Anims_Only_FBX_V1/FBX/117_02.fbx	ok	cmu	B-retarget	43	19	1	b7c0a8f92ee0fe7f
Anims_Only_FBX_V1/FBX/117_03.fbx	ok	cmu	B-retarget	43	19	1	b7c0a8f92ee0fe7f
Anims_Only_FBX_V1/FBX/117_04.fbx	ok	cmu	B-retarget	43	19	1	b7c0a8f92ee0fe7f
Anims_Only_FBX_V1/FBX/117_05.fbx	ok	cmu	B-retarget	43	19	1	b7c0a8f92ee0fe7f
Anims_Only_FBX_V1/FBX/117_06.fbx	ok	cmu	B-retarget	43	19	1	b7c0a8f92ee0fe7f
Anims_Only_FBX_V1/FBX/117_07.fbx	ok	cmu	B-retarget	43	19	1	b7c0a8f92ee0fe7f
Anims_Only_FBX_V1/FBX/117_08.fbx	ok	cmu	B-retarget	43	19	1	b7c0a8f92ee0fe7f
Anims_Only_FBX_V1/FBX/117_09.fbx	ok	cmu	B-retarget	43	19	1	b7c0a8f92ee0fe7f
Anims_Only_FBX_V1/FBX/117_10.fbx	ok	cmu	B-retarget	43	19	1	b7c0a8f92ee0fe7f
Anims_Only_FBX_V1/FBX/117_11.fbx	ok	cmu	B-retarget	43	19	1	b7c0a8f92ee0fe7f
Anims_Only_FBX_V1/FBX/117_12.fbx	ok	cmu	B-retarget	43	19	1	b7c0a8f92ee0fe7f
Anims_Only_FBX_V1/FBX/117_13.fbx	ok	cmu	B-retarget	43	19	1	b7c0a8f92ee0fe7f
Anims_Only_FBX_V1/FBX/117_14.fbx	ok	cmu	B-retarget	43	19	1	b7c0a8f92ee0fe7f
Anims_Only_FBX_V1/FBX/117_15.fbx	ok	cmu	B-retarget	43	19	1	b7c0a8f92ee0fe7f
Anims_Only_FBX_V1/FBX/118_01.fbx	ok	cmu	B-retarget	43	19	1	b7c0a8f92ee0fe7f
Anims_Only_FBX_V1/FBX/118_02.fbx	ok	cmu	B-retarget	43	19	1	b7c0a8f92ee0fe7f
Anims_Only_FBX_V1/FBX/118_03.fbx	ok	cmu	B-retarget	43	19	1	b7c0a8f92ee0fe7f
Anims_Only_FBX_V1/FBX/118_04.fbx	ok	cmu	B-retarget	43	19	1	b7c0a8f92ee0fe7f
Anims_Only_FBX_V1/FBX/118_05.fbx	ok	cmu	B-retarget	43	19	1	b7c0a8f92ee0fe7f
Anims_Only_FBX_V1/FBX/118_06.fbx	ok	cmu	B-retarget	43	19	1	b7c0a8f92ee0fe7f
Anims_Only_FBX_V1/FBX/118_07.fbx	ok	cmu	B-retarget	43	19	1	b7c0a8f92ee0fe7f
Anims_Only_FBX_V1/FBX/118_08.fbx	ok	cmu	B-retarget	43	19	1	b7c0a8f92ee0fe7f
Anims_Only_FBX_V1/FBX/118_09.fbx	ok	cmu	B-retarget	43	19	1	b7c0a8f92ee0fe7f
Anims_Only_FBX_V1/FBX/118_10.fbx	ok	cmu	B-retarget	43	19	1	b7c0a8f92ee0fe7f
Anims_Only_FBX_V1/FBX/118_11.fbx	ok	cmu	B-retarget	43	19	1	b7c0a8f92ee0fe7f
Anims_Only_FBX_V1/FBX/118_12.fbx	ok	cmu	B-retarget	43	19	1	b7c0a8f92ee0fe7f
Anims_Only_FBX_V1/FBX/118_13.fbx	ok	cmu	B-retarget	43	19	1	b7c0a8f92ee0fe7f
Anims_Only_FBX_V1/FBX/118_14.fbx	ok	cmu	B-retarget	43	19	1	b7c0a8f92ee0fe7f
Anims_Only_FBX_V1/FBX/118_15.fbx	ok	cmu	B-retarget	43	19	1	b7c0a8f92ee0fe7f
Anims_Only_FBX_V1/FBX/118_16.fbx	ok	cmu	B-retarget	43	19	1	b7c0a8f92ee0fe7f
Anims_Only_FBX_V1/FBX/118_17.fbx	ok	cmu	B-retarget	43	19	1	b7c0a8f92ee0fe7f
Anims_Only_FBX_V1/FBX/118_18.fbx	ok	cmu	B-retarget	43	19	1	b7c0a8f92ee0fe7f
Anims_Only_FBX_V1/FBX/118_19.fbx	ok	cmu	B-retarget	43	19	1	b7c0a8f92ee0fe7f
Anims_Only_FBX_V1/FBX/118_20.fbx	ok	cmu	B-retarget	43	19	1	b7c0a8f92ee0fe7f
Anims_Only_FBX_V1/FBX/118_21.fbx	ok	cmu	B-retarget	43	19	1	b7c0a8f92ee0fe7f
Anims_Only_FBX_V1/FBX/118_22.fbx	ok	cmu	B-retarget	43	19	1	b7c0a8f92ee0fe7f
Anims_Only_FBX_V1/FBX/118_23.fbx	ok	cmu	B-retarget	43	19	1	b7c0a8f92ee0fe7f
Anims_Only_FBX_V1/FBX/118_24.fbx	ok	cmu	B-retarget	43	19	1	b7c0a8f92ee0fe7f
Anims_Only_FBX_V1/FBX/118_25.fbx	ok	cmu	B-retarget	43	19	1	b7c0a8f92ee0fe7f
Anims_Only_FBX_V1/FBX/118_26.fbx	ok	cmu	B-retarget	43	19	1	b7c0a8f92ee0fe7f
Anims_Only_FBX_V1/FBX/118_27.fbx	ok	cmu	B-retarget	43	19	1	b7c0a8f92ee0fe7f
Anims_Only_FBX_V1/FBX/118_28.fbx	ok	cmu	B-retarget	43	19	1	b7c0a8f92ee0fe7f
Anims_Only_FBX_V1/FBX/118_29.fbx	ok	cmu	B-retarget	43	19	1	b7c0a8f92ee0fe7f
Anims_Only_FBX_V1/FBX/118_30.fbx	ok	cmu	B-retarget	43	19	1	b7c0a8f92ee0fe7f
Anims_Only_FBX_V1/FBX/118_31.fbx	ok	cmu	B-retarget	43	19	1	b7c0a8f92ee0fe7f
Anims_Only_FBX_V1/FBX/118_32.fbx	ok	cmu	B-retarget	43	19	1	b7c0a8f92ee0fe7f
Anims_Only_FBX_V1/FBX/11_01.fbx	ok	cmu	B-retarget	43	19	1	b7c0a8f92ee0fe7f
Anims_Only_FBX_V1/FBX/120_01.fbx	ok	cmu	B-retarget	43	19	1	b7c0a8f92ee0fe7f
Anims_Only_FBX_V1/FBX/120_02.fbx	ok	cmu	B-retarget	43	19	1	b7c0a8f92ee0fe7f
Anims_Only_FBX_V1/FBX/120_03.fbx	ok	cmu	B-retarget	43	19	1	b7c0a8f92ee0fe7f
Anims_Only_FBX_V1/FBX/120_04.fbx	ok	cmu	B-retarget	43	19	1	b7c0a8f92ee0fe7f
Anims_Only_FBX_V1/FBX/120_05.fbx	ok	cmu	B-retarget	43	19	1	b7c0a8f92ee0fe7f
Anims_Only_FBX_V1/FBX/120_06.fbx	ok	cmu	B-retarget	43	19	1	b7c0a8f92ee0fe7f
Anims_Only_FBX_V1/FBX/120_07.fbx	ok	cmu	B-retarget	43	19	1	b7c0a8f92ee0fe7f
Anims_Only_FBX_V1/FBX/120_08.fbx	ok	cmu	B-retarget	43	19	1	b7c0a8f92ee0fe7f
Anims_Only_FBX_V1/FBX/120_09.fbx	ok	cmu	B-retarget	43	19	1	b7c0a8f92ee0fe7f
Anims_Only_FBX_V1/FBX/120_10.fbx	ok	cmu	B-retarget	43	19	1	b7c0a8f92ee0fe7f
Anims_Only_FBX_V1/FBX/120_11.fbx	ok	cmu	B-retarget	43	19	1	b7c0a8f92ee0fe7f
Anims_Only_FBX_V1/FBX/120_12.fbx	ok	cmu	B-retarget	43	19	1	b7c0a8f92ee0fe7f
Anims_Only_FBX_V1/FBX/120_13.fbx	ok	cmu	B-retarget	43	19	1	b7c0a8f92ee0fe7f
Anims_Only_FBX_V1/FBX/120_14.fbx	ok	cmu	B-retarget	43	19	1	b7c0a8f92ee0fe7f
Anims_Only_FBX_V1/FBX/120_15.fbx	ok	cmu	B-retarget	43	19	1	b7c0a8f92ee0fe7f
Anims_Only_FBX_V1/FBX/120_16.fbx	ok	cmu	B-retarget	43	19	1	b7c0a8f92ee0fe7f
Anims_Only_FBX_V1/FBX/120_17.fbx	ok	cmu	B-retarget	43	19	1	b7c0a8f92ee0fe7f
Anims_Only_FBX_V1/FBX/120_18.fbx	ok	cmu	B-retarget	43	19	1	b7c0a8f92ee0fe7f
Anims_Only_FBX_V1/FBX/120_19.fbx	ok	cmu	B-retarget	43	19	1	b7c0a8f92ee0fe7f
Anims_Only_FBX_V1/FBX/120_20.fbx	ok	cmu	B-retarget	43	19	1	b7c0a8f92ee0fe7f
Anims_Only_FBX_V1/FBX/120_21.fbx	ok	cmu	B-retarget	43	19	1	b7c0a8f92ee0fe7f
Anims_Only_FBX_V1/FBX/120_22.fbx	ok	cmu	B-retarget	43	19	1	b7c0a8f92ee0fe7f
Anims_Only_FBX_V1/FBX/121_01.fbx	ok	cmu	B-retarget	43	19	1	b7c0a8f92ee0fe7f
Anims_Only_FBX_V1/FBX/121_02.fbx	ok	cmu	B-retarget	43	19	1	b7c0a8f92ee0fe7f
Anims_Only_FBX_V1/FBX/121_03.fbx	ok	cmu	B-retarget	43	19	1	b7c0a8f92ee0fe7f
Anims_Only_FBX_V1/FBX/121_04.fbx	ok	cmu	B-retarget	43	19	1	b7c0a8f92ee0fe7f
Anims_Only_FBX_V1/FBX/121_05.fbx	ok	cmu	B-retarget	43	19	1	b7c0a8f92ee0fe7f
Anims_Only_FBX_V1/FBX/121_06.fbx	ok	cmu	B-retarget	43	19	1	b7c0a8f92ee0fe7f
Anims_Only_FBX_V1/FBX/121_07.fbx	ok	cmu	B-retarget	43	19	1	b7c0a8f92ee0fe7f
Anims_Only_FBX_V1/FBX/121_08.fbx	ok	cmu	B-retarget	43	19	1	b7c0a8f92ee0fe7f
Anims_Only_FBX_V1/FBX/121_09.fbx	ok	cmu	B-retarget	43	19	1	b7c0a8f92ee0fe7f
Anims_Only_FBX_V1/FBX/121_10.fbx	no-actions	cmu	B-retarget	43	19	0	b7c0a8f92ee0fe7f
Anims_Only_FBX_V1/FBX/121_11.fbx	ok	cmu	B-retarget	43	19	1	b7c0a8f92ee0fe7f
Anims_Only_FBX_V1/FBX/121_12.fbx	ok	cmu	B-retarget	43	19	1	b7c0a8f92ee0fe7f
Anims_Only_FBX_V1/FBX/121_13.fbx	ok	cmu	B-retarget	43	19	1	b7c0a8f92ee0fe7f
Anims_Only_FBX_V1/FBX/121_14.fbx	ok	cmu	B-retarget	43	19	1	b7c0a8f92ee0fe7f
Anims_Only_FBX_V1/FBX/121_15.fbx	ok	cmu	B-retarget	43	19	1	b7c0a8f92ee0fe7f
Anims_Only_FBX_V1/FBX/121_16.fbx	ok	cmu	B-retarget	43	19	1	b7c0a8f92ee0fe7f
Anims_Only_FBX_V1/FBX/121_17.fbx	ok	cmu	B-retarget	43	19	1	b7c0a8f92ee0fe7f
Anims_Only_FBX_V1/FBX/121_18.fbx	ok	cmu	B-retarget	43	19	1	b7c0a8f92ee0fe7f
Anims_Only_FBX_V1/FBX/121_19.fbx	ok	cmu	B-retarget	43	19	1	b7c0a8f92ee0fe7f
Anims_Only_FBX_V1/FBX/121_20.fbx	ok	cmu	B-retarget	43	19	1	b7c0a8f92ee0fe7f
Anims_Only_FBX_V1/FBX/121_21.fbx	ok	cmu	B-retarget	43	19	1	b7c0a8f92ee0fe7f
Anims_Only_FBX_V1/FBX/121_22.fbx	ok	cmu	B-retarget	43	19	1	b7c0a8f92ee0fe7f
Anims_Only_FBX_V1/FBX/121_23.fbx	ok	cmu	B-retarget	43	19	1	b7c0a8f92ee0fe7f
Anims_Only_FBX_V1/FBX/121_24.fbx	ok	cmu	B-retarget	43	19	1	b7c0a8f92ee0fe7f
Anims_Only_FBX_V1/FBX/121_25.fbx	ok	cmu	B-retarget	43	19	1	b7c0a8f92ee0fe7f
Anims_Only_FBX_V1/FBX/121_26.fbx	ok	cmu	B-retarget	43	19	1	b7c0a8f92ee0fe7f
Anims_Only_FBX_V1/FBX/121_27.fbx	ok	cmu	B-retarget	43	19	1	b7c0a8f92ee0fe7f
Anims_Only_FBX_V1/FBX/121_28.fbx	ok	cmu	B-retarget	43	19	1	b7c0a8f92ee0fe7f
Anims_Only_FBX_V1/FBX/121_29.fbx	ok	cmu	B-retarget	43	19	1	b7c0a8f92ee0fe7f
Anims_Only_FBX_V1/FBX/121_30.fbx	ok	cmu	B-retarget	43	19	1	b7c0a8f92ee0fe7f
Anims_Only_FBX_V1/FBX/121_31.fbx	ok	cmu	B-retarget	43	19	1	b7c0a8f92ee0fe7f
Anims_Only_FBX_V1/FBX/121_32.fbx	ok	cmu	B-retarget	43	19	1	b7c0a8f92ee0fe7f
Anims_Only_FBX_V1/FBX/121_33.fbx	ok	cmu	B-retarget	43	19	1	b7c0a8f92ee0fe7f
Anims_Only_FBX_V1/FBX/121_34.fbx	ok	cmu	B-retarget	43	19	1	b7c0a8f92ee0fe7f
Anims_Only_FBX_V1/FBX/121_35.fbx	ok	cmu	B-retarget	43	19	1	b7c0a8f92ee0fe7f
Anims_Only_FBX_V1/FBX/121_36.fbx	ok	cmu	B-retarget	43	19	1	b7c0a8f92ee0fe7f
Anims_Only_FBX_V1/FBX/122_01.fbx	ok	cmu	B-retarget	43	19	1	b7c0a8f92ee0fe7f
Anims_Only_FBX_V1/FBX/122_02.fbx	ok	cmu	B-retarget	43	19	1	b7c0a8f92ee0fe7f
Anims_Only_FBX_V1/FBX/122_03.fbx	ok	cmu	B-retarget	43	19	1	b7c0a8f92ee0fe7f
Anims_Only_FBX_V1/FBX/122_04.fbx	ok	cmu	B-retarget	43	19	1	b7c0a8f92ee0fe7f
Anims_Only_FBX_V1/FBX/122_05.fbx	ok	cmu	B-retarget	43	19	1	b7c0a8f92ee0fe7f
Anims_Only_FBX_V1/FBX/122_06.fbx	ok	cmu	B-retarget	43	19	1	b7c0a8f92ee0fe7f
Anims_Only_FBX_V1/FBX/122_07.fbx	ok	cmu	B-retarget	43	19	1	b7c0a8f92ee0fe7f
Anims_Only_FBX_V1/FBX/122_08.fbx	ok	cmu	B-retarget	43	19	1	b7c0a8f92ee0fe7f
Anims_Only_FBX_V1/FBX/122_09.fbx	ok	cmu	B-retarget	43	19	1	b7c0a8f92ee0fe7f
Anims_Only_FBX_V1/FBX/122_10.fbx	ok	cmu	B-retarget	43	19	1	b7c0a8f92ee0fe7f
Anims_Only_FBX_V1/FBX/122_11.fbx	ok	cmu	B-retarget	43	19	1	b7c0a8f92ee0fe7f
Anims_Only_FBX_V1/FBX/122_12.fbx	ok	cmu	B-retarget	43	19	1	b7c0a8f92ee0fe7f
Anims_Only_FBX_V1/FBX/122_13.fbx	ok	cmu	B-retarget	43	19	1	b7c0a8f92ee0fe7f
Anims_Only_FBX_V1/FBX/122_14.fbx	ok	cmu	B-retarget	43	19	1	b7c0a8f92ee0fe7f
Anims_Only_FBX_V1/FBX/122_15.fbx	ok	cmu	B-retarget	43	19	1	b7c0a8f92ee0fe7f
Anims_Only_FBX_V1/FBX/122_16.fbx	ok	cmu	B-retarget	43	19	1	b7c0a8f92ee0fe7f
Anims_Only_FBX_V1/FBX/122_17.fbx	ok	cmu	B-retarget	43	19	1	b7c0a8f92ee0fe7f
Anims_Only_FBX_V1/FBX/122_18.fbx	ok	cmu	B-retarget	43	19	1	b7c0a8f92ee0fe7f
Anims_Only_FBX_V1/FBX/122_19.fbx	ok	cmu	B-retarget	43	19	1	b7c0a8f92ee0fe7f
Anims_Only_FBX_V1/FBX/122_20.fbx	ok	cmu	B-retarget	43	19	1	b7c0a8f92ee0fe7f
Anims_Only_FBX_V1/FBX/122_21.fbx	ok	cmu	B-retarget	43	19	1	b7c0a8f92ee0fe7f
Anims_Only_FBX_V1/FBX/122_22.fbx	ok	cmu	B-retarget	43	19	1	b7c0a8f92ee0fe7f
Anims_Only_FBX_V1/FBX/122_23.fbx	ok	cmu	B-retarget	43	19	1	b7c0a8f92ee0fe7f
Anims_Only_FBX_V1/FBX/122_24.fbx	ok	cmu	B-retarget	43	19	1	b7c0a8f92ee0fe7f
Anims_Only_FBX_V1/FBX/122_25.fbx	ok	cmu	B-retarget	43	19	1	b7c0a8f92ee0fe7f
Anims_Only_FBX_V1/FBX/122_26.fbx	ok	cmu	B-retarget	43	19	1	b7c0a8f92ee0fe7f
Anims_Only_FBX_V1/FBX/122_27.fbx	ok	cmu	B-retarget	43	19	1	b7c0a8f92ee0fe7f
Anims_Only_FBX_V1/FBX/122_28.fbx	ok	cmu	B-retarget	43	19	1	b7c0a8f92ee0fe7f
Anims_Only_FBX_V1/FBX/122_29.fbx	ok	cmu	B-retarget	43	19	1	b7c0a8f92ee0fe7f
Anims_Only_FBX_V1/FBX/122_30.fbx	ok	cmu	B-retarget	43	19	1	b7c0a8f92ee0fe7f
Anims_Only_FBX_V1/FBX/122_31.fbx	ok	cmu	B-retarget	43	19	1	b7c0a8f92ee0fe7f
Anims_Only_FBX_V1/FBX/122_32.fbx	ok	cmu	B-retarget	43	19	1	b7c0a8f92ee0fe7f
Anims_Only_FBX_V1/FBX/122_33.fbx	ok	cmu	B-retarget	43	19	1	b7c0a8f92ee0fe7f
Anims_Only_FBX_V1/FBX/122_34.fbx	ok	cmu	B-retarget	43	19	1	b7c0a8f92ee0fe7f
Anims_Only_FBX_V1/FBX/122_35.fbx	ok	cmu	B-retarget	43	19	1	b7c0a8f92ee0fe7f
Anims_Only_FBX_V1/FBX/122_36.fbx	ok	cmu	B-retarget	43	19	1	b7c0a8f92ee0fe7f
Anims_Only_FBX_V1/FBX/122_37.fbx	ok	cmu	B-retarget	43	19	1	b7c0a8f92ee0fe7f
Anims_Only_FBX_V1/FBX/122_38.fbx	ok	cmu	B-retarget	43	19	1	b7c0a8f92ee0fe7f
Anims_Only_FBX_V1/FBX/122_39.fbx	ok	cmu	B-retarget	43	19	1	b7c0a8f92ee0fe7f
Anims_Only_FBX_V1/FBX/122_40.fbx	ok	cmu	B-retarget	43	19	1	b7c0a8f92ee0fe7f
Anims_Only_FBX_V1/FBX/122_41.fbx	ok	cmu	B-retarget	43	19	1	b7c0a8f92ee0fe7f
Anims_Only_FBX_V1/FBX/122_42.fbx	ok	cmu	B-retarget	43	19	1	b7c0a8f92ee0fe7f
Anims_Only_FBX_V1/FBX/122_43.fbx	ok	cmu	B-retarget	43	19	1	b7c0a8f92ee0fe7f
Anims_Only_FBX_V1/FBX/122_44.fbx	ok	cmu	B-retarget	43	19	1	b7c0a8f92ee0fe7f
Anims_Only_FBX_V1/FBX/122_45.fbx	ok	cmu	B-retarget	43	19	1	b7c0a8f92ee0fe7f
Anims_Only_FBX_V1/FBX/122_46.fbx	ok	cmu	B-retarget	43	19	1	b7c0a8f92ee0fe7f
Anims_Only_FBX_V1/FBX/122_47.fbx	ok	cmu	B-retarget	43	19	1	b7c0a8f92ee0fe7f
Anims_Only_FBX_V1/FBX/122_48.fbx	ok	cmu	B-retarget	43	19	1	b7c0a8f92ee0fe7f
Anims_Only_FBX_V1/FBX/122_49.fbx	ok	cmu	B-retarget	43	19	1	b7c0a8f92ee0fe7f
Anims_Only_FBX_V1/FBX/122_50.fbx	ok	cmu	B-retarget	43	19	1	b7c0a8f92ee0fe7f
Anims_Only_FBX_V1/FBX/122_51.fbx	ok	cmu	B-retarget	43	19	1	b7c0a8f92ee0fe7f
Anims_Only_FBX_V1/FBX/122_52.fbx	ok	cmu	B-retarget	43	19	1	b7c0a8f92ee0fe7f
Anims_Only_FBX_V1/FBX/122_53.fbx	ok	cmu	B-retarget	43	19	1	b7c0a8f92ee0fe7f
Anims_Only_FBX_V1/FBX/122_54.fbx	ok	cmu	B-retarget	43	19	1	b7c0a8f92ee0fe7f
Anims_Only_FBX_V1/FBX/122_55.fbx	ok	cmu	B-retarget	43	19	1	b7c0a8f92ee0fe7f
Anims_Only_FBX_V1/FBX/122_56.fbx	ok	cmu	B-retarget	43	19	1	b7c0a8f92ee0fe7f
Anims_Only_FBX_V1/FBX/122_57.fbx	ok	cmu	B-retarget	43	19	1	b7c0a8f92ee0fe7f
Anims_Only_FBX_V1/FBX/122_58.fbx	ok	cmu	B-retarget	43	19	1	b7c0a8f92ee0fe7f
Anims_Only_FBX_V1/FBX/122_59.fbx	ok	cmu	B-retarget	43	19	1	b7c0a8f92ee0fe7f
Anims_Only_FBX_V1/FBX/122_60.fbx	ok	cmu	B-retarget	43	19	1	b7c0a8f92ee0fe7f
Anims_Only_FBX_V1/FBX/122_61.fbx	ok	cmu	B-retarget	43	19	1	b7c0a8f92ee0fe7f
Anims_Only_FBX_V1/FBX/122_62.fbx	ok	cmu	B-retarget	43	19	1	b7c0a8f92ee0fe7f
Anims_Only_FBX_V1/FBX/122_63.fbx	ok	cmu	B-retarget	43	19	1	b7c0a8f92ee0fe7f
Anims_Only_FBX_V1/FBX/122_64.fbx	ok	cmu	B-retarget	43	19	1	b7c0a8f92ee0fe7f
Anims_Only_FBX_V1/FBX/122_65.fbx	ok	cmu	B-retarget	43	19	1	b7c0a8f92ee0fe7f
Anims_Only_FBX_V1/FBX/122_66.fbx	ok	cmu	B-retarget	43	19	1	b7c0a8f92ee0fe7f
Anims_Only_FBX_V1/FBX/122_67.fbx	ok	cmu	B-retarget	43	19	1	b7c0a8f92ee0fe7f
Anims_Only_FBX_V1/FBX/122_68.fbx	ok	cmu	B-retarget	43	19	1	b7c0a8f92ee0fe7f
Anims_Only_FBX_V1/FBX/123_01.fbx	ok	cmu	B-retarget	43	19	1	b7c0a8f92ee0fe7f
Anims_Only_FBX_V1/FBX/123_02.fbx	ok	cmu	B-retarget	43	19	1	b7c0a8f92ee0fe7f
Anims_Only_FBX_V1/FBX/123_03.fbx	ok	cmu	B-retarget	43	19	1	b7c0a8f92ee0fe7f
Anims_Only_FBX_V1/FBX/123_04.fbx	ok	cmu	B-retarget	43	19	1	b7c0a8f92ee0fe7f
Anims_Only_FBX_V1/FBX/123_05.fbx	ok	cmu	B-retarget	43	19	1	b7c0a8f92ee0fe7f
Anims_Only_FBX_V1/FBX/123_06.fbx	ok	cmu	B-retarget	43	19	1	b7c0a8f92ee0fe7f
Anims_Only_FBX_V1/FBX/123_07.fbx	ok	cmu	B-retarget	43	19	1	b7c0a8f92ee0fe7f
Anims_Only_FBX_V1/FBX/123_08.fbx	ok	cmu	B-retarget	43	19	1	b7c0a8f92ee0fe7f
Anims_Only_FBX_V1/FBX/123_09.fbx	ok	cmu	B-retarget	43	19	1	b7c0a8f92ee0fe7f
Anims_Only_FBX_V1/FBX/123_10.fbx	ok	cmu	B-retarget	43	19	1	b7c0a8f92ee0fe7f
Anims_Only_FBX_V1/FBX/123_11.fbx	ok	cmu	B-retarget	43	19	1	b7c0a8f92ee0fe7f
Anims_Only_FBX_V1/FBX/123_12.fbx	ok	cmu	B-retarget	43	19	1	b7c0a8f92ee0fe7f
Anims_Only_FBX_V1/FBX/123_13.fbx	ok	cmu	B-retarget	43	19	1	b7c0a8f92ee0fe7f
Anims_Only_FBX_V1/FBX/124_01.fbx	ok	cmu	B-retarget	43	19	1	b7c0a8f92ee0fe7f
Anims_Only_FBX_V1/FBX/124_02.fbx	ok	cmu	B-retarget	43	19	1	b7c0a8f92ee0fe7f
Anims_Only_FBX_V1/FBX/124_03.fbx	ok	cmu	B-retarget	43	19	1	b7c0a8f92ee0fe7f
Anims_Only_FBX_V1/FBX/124_04.fbx	ok	cmu	B-retarget	43	19	1	b7c0a8f92ee0fe7f
Anims_Only_FBX_V1/FBX/124_05.fbx	ok	cmu	B-retarget	43	19	1	b7c0a8f92ee0fe7f
Anims_Only_FBX_V1/FBX/124_06.fbx	ok	cmu	B-retarget	43	19	1	b7c0a8f92ee0fe7f
Anims_Only_FBX_V1/FBX/124_07.fbx	ok	cmu	B-retarget	43	19	1	b7c0a8f92ee0fe7f
Anims_Only_FBX_V1/FBX/124_08.fbx	ok	cmu	B-retarget	43	19	1	b7c0a8f92ee0fe7f
Anims_Only_FBX_V1/FBX/124_09.fbx	ok	cmu	B-retarget	43	19	1	b7c0a8f92ee0fe7f
Anims_Only_FBX_V1/FBX/124_10.fbx	ok	cmu	B-retarget	43	19	1	b7c0a8f92ee0fe7f
Anims_Only_FBX_V1/FBX/124_11.fbx	ok	cmu	B-retarget	43	19	1	b7c0a8f92ee0fe7f
Anims_Only_FBX_V1/FBX/124_12.fbx	ok	cmu	B-retarget	43	19	1	b7c0a8f92ee0fe7f
Anims_Only_FBX_V1/FBX/124_13.fbx	ok	cmu	B-retarget	43	19	1	b7c0a8f92ee0fe7f
Anims_Only_FBX_V1/FBX/125_01.fbx	ok	cmu	B-retarget	43	19	1	b7c0a8f92ee0fe7f
Anims_Only_FBX_V1/FBX/125_02.fbx	ok	cmu	B-retarget	43	19	1	b7c0a8f92ee0fe7f
Anims_Only_FBX_V1/FBX/125_03.fbx	ok	cmu	B-retarget	43	19	1	b7c0a8f92ee0fe7f
Anims_Only_FBX_V1/FBX/125_04.fbx	ok	cmu	B-retarget	43	19	1	b7c0a8f92ee0fe7f
Anims_Only_FBX_V1/FBX/125_05.fbx	ok	cmu	B-retarget	43	19	1	b7c0a8f92ee0fe7f
Anims_Only_FBX_V1/FBX/125_06.fbx	ok	cmu	B-retarget	43	19	1	b7c0a8f92ee0fe7f
Anims_Only_FBX_V1/FBX/125_07.fbx	ok	cmu	B-retarget	43	19	1	b7c0a8f92ee0fe7f
Anims_Only_FBX_V1/FBX/126_01.fbx	ok	cmu	B-retarget	43	19	1	b7c0a8f92ee0fe7f
Anims_Only_FBX_V1/FBX/126_02.fbx	ok	cmu	B-retarget	43	19	1	b7c0a8f92ee0fe7f
Anims_Only_FBX_V1/FBX/126_03.fbx	ok	cmu	B-retarget	43	19	1	b7c0a8f92ee0fe7f
Anims_Only_FBX_V1/FBX/126_04.fbx	ok	cmu	B-retarget	43	19	1	b7c0a8f92ee0fe7f
Anims_Only_FBX_V1/FBX/126_05.fbx	ok	cmu	B-retarget	43	19	1	b7c0a8f92ee0fe7f
Anims_Only_FBX_V1/FBX/126_06.fbx	ok	cmu	B-retarget	43	19	1	b7c0a8f92ee0fe7f
Anims_Only_FBX_V1/FBX/126_07.fbx	ok	cmu	B-retarget	43	19	1	b7c0a8f92ee0fe7f
Anims_Only_FBX_V1/FBX/126_08.fbx	ok	cmu	B-retarget	43	19	1	b7c0a8f92ee0fe7f
Anims_Only_FBX_V1/FBX/126_09.fbx	ok	cmu	B-retarget	43	19	1	b7c0a8f92ee0fe7f
Anims_Only_FBX_V1/FBX/126_10.fbx	ok	cmu	B-retarget	43	19	1	b7c0a8f92ee0fe7f
Anims_Only_FBX_V1/FBX/126_11.fbx	ok	cmu	B-retarget	43	19	1	b7c0a8f92ee0fe7f
Anims_Only_FBX_V1/FBX/126_12.fbx	ok	cmu	B-retarget	43	19	1	b7c0a8f92ee0fe7f
Anims_Only_FBX_V1/FBX/126_13.fbx	ok	cmu	B-retarget	43	19	1	b7c0a8f92ee0fe7f
Anims_Only_FBX_V1/FBX/126_14.fbx	ok	cmu	B-retarget	43	19	1	b7c0a8f92ee0fe7f
Anims_Only_FBX_V1/FBX/127_01.fbx	ok	cmu	B-retarget	43	19	1	b7c0a8f92ee0fe7f
Anims_Only_FBX_V1/FBX/127_02.fbx	ok	cmu	B-retarget	43	19	1	b7c0a8f92ee0fe7f
Anims_Only_FBX_V1/FBX/127_03.fbx	ok	cmu	B-retarget	43	19	1	b7c0a8f92ee0fe7f
Anims_Only_FBX_V1/FBX/127_04.fbx	ok	cmu	B-retarget	43	19	1	b7c0a8f92ee0fe7f
Anims_Only_FBX_V1/FBX/127_05.fbx	ok	cmu	B-retarget	43	19	1	b7c0a8f92ee0fe7f
Anims_Only_FBX_V1/FBX/127_06.fbx	ok	cmu	B-retarget	43	19	1	b7c0a8f92ee0fe7f
Anims_Only_FBX_V1/FBX/127_07.fbx	ok	cmu	B-retarget	43	19	1	b7c0a8f92ee0fe7f
Anims_Only_FBX_V1/FBX/127_08.fbx	ok	cmu	B-retarget	43	19	1	b7c0a8f92ee0fe7f
Anims_Only_FBX_V1/FBX/127_09.fbx	ok	cmu	B-retarget	43	19	1	b7c0a8f92ee0fe7f
Anims_Only_FBX_V1/FBX/127_10.fbx	ok	cmu	B-retarget	43	19	1	b7c0a8f92ee0fe7f
Anims_Only_FBX_V1/FBX/127_11.fbx	ok	cmu	B-retarget	43	19	1	b7c0a8f92ee0fe7f
Anims_Only_FBX_V1/FBX/127_12.fbx	ok	cmu	B-retarget	43	19	1	b7c0a8f92ee0fe7f
Anims_Only_FBX_V1/FBX/127_13.fbx	ok	cmu	B-retarget	43	19	1	b7c0a8f92ee0fe7f
Anims_Only_FBX_V1/FBX/127_14.fbx	ok	cmu	B-retarget	43	19	1	b7c0a8f92ee0fe7f
Anims_Only_FBX_V1/FBX/127_15.fbx	ok	cmu	B-retarget	43	19	1	b7c0a8f92ee0fe7f
Anims_Only_FBX_V1/FBX/127_16.fbx	ok	cmu	B-retarget	43	19	1	b7c0a8f92ee0fe7f
Anims_Only_FBX_V1/FBX/127_17.fbx	ok	cmu	B-retarget	43	19	1	b7c0a8f92ee0fe7f
Anims_Only_FBX_V1/FBX/127_18.fbx	ok	cmu	B-retarget	43	19	1	b7c0a8f92ee0fe7f
Anims_Only_FBX_V1/FBX/127_19.fbx	ok	cmu	B-retarget	43	19	1	b7c0a8f92ee0fe7f
Anims_Only_FBX_V1/FBX/127_20.fbx	ok	cmu	B-retarget	43	19	1	b7c0a8f92ee0fe7f
Anims_Only_FBX_V1/FBX/127_21.fbx	ok	cmu	B-retarget	43	19	1	b7c0a8f92ee0fe7f
Anims_Only_FBX_V1/FBX/127_22.fbx	ok	cmu	B-retarget	43	19	1	b7c0a8f92ee0fe7f
Anims_Only_FBX_V1/FBX/127_23.fbx	ok	cmu	B-retarget	43	19	1	b7c0a8f92ee0fe7f
Anims_Only_FBX_V1/FBX/127_24.fbx	ok	cmu	B-retarget	43	19	1	b7c0a8f92ee0fe7f
Anims_Only_FBX_V1/FBX/127_25.fbx	ok	cmu	B-retarget	43	19	1	b7c0a8f92ee0fe7f
Anims_Only_FBX_V1/FBX/127_26.fbx	ok	cmu	B-retarget	43	19	1	b7c0a8f92ee0fe7f
Anims_Only_FBX_V1/FBX/127_27.fbx	ok	cmu	B-retarget	43	19	1	b7c0a8f92ee0fe7f
Anims_Only_FBX_V1/FBX/127_28.fbx	ok	cmu	B-retarget	43	19	1	b7c0a8f92ee0fe7f
Anims_Only_FBX_V1/FBX/127_29.fbx	ok	cmu	B-retarget	43	19	1	b7c0a8f92ee0fe7f
Anims_Only_FBX_V1/FBX/127_30.fbx	ok	cmu	B-retarget	43	19	1	b7c0a8f92ee0fe7f
Anims_Only_FBX_V1/FBX/127_31.fbx	ok	cmu	B-retarget	43	19	1	b7c0a8f92ee0fe7f
Anims_Only_FBX_V1/FBX/127_32.fbx	ok	cmu	B-retarget	43	19	1	b7c0a8f92ee0fe7f
Anims_Only_FBX_V1/FBX/127_33.fbx	ok	cmu	B-retarget	43	19	1	b7c0a8f92ee0fe7f
Anims_Only_FBX_V1/FBX/127_34.fbx	ok	cmu	B-retarget	43	19	1	b7c0a8f92ee0fe7f
Anims_Only_FBX_V1/FBX/127_35.fbx	ok	cmu	B-retarget	43	19	1	b7c0a8f92ee0fe7f
Anims_Only_FBX_V1/FBX/127_36.fbx	ok	cmu	B-retarget	43	19	1	b7c0a8f92ee0fe7f
Anims_Only_FBX_V1/FBX/127_37.fbx	ok	cmu	B-retarget	43	19	1	b7c0a8f92ee0fe7f
Anims_Only_FBX_V1/FBX/127_38.fbx	ok	cmu	B-retarget	43	19	1	b7c0a8f92ee0fe7f
Anims_Only_FBX_V1/FBX/128_01.fbx	ok	cmu	B-retarget	43	19	1	b7c0a8f92ee0fe7f
Anims_Only_FBX_V1/FBX/128_02.fbx	ok	cmu	B-retarget	43	19	1	b7c0a8f92ee0fe7f
Anims_Only_FBX_V1/FBX/128_03.fbx	ok	cmu	B-retarget	43	19	1	b7c0a8f92ee0fe7f
Anims_Only_FBX_V1/FBX/128_04.fbx	ok	cmu	B-retarget	43	19	1	b7c0a8f92ee0fe7f
Anims_Only_FBX_V1/FBX/128_05.fbx	ok	cmu	B-retarget	43	19	1	b7c0a8f92ee0fe7f
Anims_Only_FBX_V1/FBX/128_06.fbx	ok	cmu	B-retarget	43	19	1	b7c0a8f92ee0fe7f
Anims_Only_FBX_V1/FBX/128_07.fbx	ok	cmu	B-retarget	43	19	1	b7c0a8f92ee0fe7f
Anims_Only_FBX_V1/FBX/128_08.fbx	ok	cmu	B-retarget	43	19	1	b7c0a8f92ee0fe7f
Anims_Only_FBX_V1/FBX/128_09.fbx	ok	cmu	B-retarget	43	19	1	b7c0a8f92ee0fe7f
Anims_Only_FBX_V1/FBX/128_10.fbx	ok	cmu	B-retarget	43	19	1	b7c0a8f92ee0fe7f
Anims_Only_FBX_V1/FBX/128_11.fbx	ok	cmu	B-retarget	43	19	1	b7c0a8f92ee0fe7f
Anims_Only_FBX_V1/FBX/12_01.fbx	ok	cmu	B-retarget	43	19	1	b7c0a8f92ee0fe7f
Anims_Only_FBX_V1/FBX/12_02.fbx	ok	cmu	B-retarget	43	19	1	b7c0a8f92ee0fe7f
Anims_Only_FBX_V1/FBX/12_03.fbx	ok	cmu	B-retarget	43	19	1	b7c0a8f92ee0fe7f
Anims_Only_FBX_V1/FBX/12_04.fbx	ok	cmu	B-retarget	43	19	1	b7c0a8f92ee0fe7f
Anims_Only_FBX_V1/FBX/131_01.fbx	ok	cmu	B-retarget	43	19	1	b7c0a8f92ee0fe7f
Anims_Only_FBX_V1/FBX/131_02.fbx	ok	cmu	B-retarget	43	19	1	b7c0a8f92ee0fe7f
Anims_Only_FBX_V1/FBX/131_03.fbx	ok	cmu	B-retarget	43	19	1	b7c0a8f92ee0fe7f
Anims_Only_FBX_V1/FBX/131_04.fbx	ok	cmu	B-retarget	43	19	1	b7c0a8f92ee0fe7f
Anims_Only_FBX_V1/FBX/131_05.fbx	ok	cmu	B-retarget	43	19	1	b7c0a8f92ee0fe7f
Anims_Only_FBX_V1/FBX/131_06.fbx	ok	cmu	B-retarget	43	19	1	b7c0a8f92ee0fe7f
Anims_Only_FBX_V1/FBX/131_07.fbx	ok	cmu	B-retarget	43	19	1	b7c0a8f92ee0fe7f
Anims_Only_FBX_V1/FBX/131_08.fbx	ok	cmu	B-retarget	43	19	1	b7c0a8f92ee0fe7f
Anims_Only_FBX_V1/FBX/131_09.fbx	ok	cmu	B-retarget	43	19	1	b7c0a8f92ee0fe7f
Anims_Only_FBX_V1/FBX/131_10.fbx	ok	cmu	B-retarget	43	19	1	b7c0a8f92ee0fe7f
Anims_Only_FBX_V1/FBX/131_11.fbx	ok	cmu	B-retarget	43	19	1	b7c0a8f92ee0fe7f
Anims_Only_FBX_V1/FBX/131_12.fbx	ok	cmu	B-retarget	43	19	1	b7c0a8f92ee0fe7f
Anims_Only_FBX_V1/FBX/131_13.fbx	ok	cmu	B-retarget	43	19	1	b7c0a8f92ee0fe7f
Anims_Only_FBX_V1/FBX/131_14.fbx	ok	cmu	B-retarget	43	19	1	b7c0a8f92ee0fe7f
Anims_Only_FBX_V1/FBX/132_01.fbx	ok	cmu	B-retarget	43	19	1	b7c0a8f92ee0fe7f
Anims_Only_FBX_V1/FBX/132_02.fbx	ok	cmu	B-retarget	43	19	1	b7c0a8f92ee0fe7f
Anims_Only_FBX_V1/FBX/132_03.fbx	ok	cmu	B-retarget	43	19	1	b7c0a8f92ee0fe7f
Anims_Only_FBX_V1/FBX/132_04.fbx	ok	cmu	B-retarget	43	19	1	b7c0a8f92ee0fe7f
Anims_Only_FBX_V1/FBX/132_05.fbx	ok	cmu	B-retarget	43	19	1	b7c0a8f92ee0fe7f
Anims_Only_FBX_V1/FBX/132_06.fbx	ok	cmu	B-retarget	43	19	1	b7c0a8f92ee0fe7f
Anims_Only_FBX_V1/FBX/132_07.fbx	ok	cmu	B-retarget	43	19	1	b7c0a8f92ee0fe7f
Anims_Only_FBX_V1/FBX/132_08.fbx	ok	cmu	B-retarget	43	19	1	b7c0a8f92ee0fe7f
Anims_Only_FBX_V1/FBX/132_09.fbx	ok	cmu	B-retarget	43	19	1	b7c0a8f92ee0fe7f
Anims_Only_FBX_V1/FBX/132_10.fbx	ok	cmu	B-retarget	43	19	1	b7c0a8f92ee0fe7f
Anims_Only_FBX_V1/FBX/132_11.fbx	ok	cmu	B-retarget	43	19	1	b7c0a8f92ee0fe7f
Anims_Only_FBX_V1/FBX/132_12.fbx	ok	cmu	B-retarget	43	19	1	b7c0a8f92ee0fe7f
Anims_Only_FBX_V1/FBX/132_13.fbx	ok	cmu	B-retarget	43	19	1	b7c0a8f92ee0fe7f
Anims_Only_FBX_V1/FBX/132_14.fbx	ok	cmu	B-retarget	43	19	1	b7c0a8f92ee0fe7f
Anims_Only_FBX_V1/FBX/132_15.fbx	ok	cmu	B-retarget	43	19	1	b7c0a8f92ee0fe7f
Anims_Only_FBX_V1/FBX/132_16.fbx	ok	cmu	B-retarget	43	19	1	b7c0a8f92ee0fe7f
Anims_Only_FBX_V1/FBX/132_17.fbx	ok	cmu	B-retarget	43	19	1	b7c0a8f92ee0fe7f
Anims_Only_FBX_V1/FBX/132_18.fbx	ok	cmu	B-retarget	43	19	1	b7c0a8f92ee0fe7f
Anims_Only_FBX_V1/FBX/132_19.fbx	ok	cmu	B-retarget	43	19	1	b7c0a8f92ee0fe7f
Anims_Only_FBX_V1/FBX/132_20.fbx	ok	cmu	B-retarget	43	19	1	b7c0a8f92ee0fe7f
Anims_Only_FBX_V1/FBX/132_21.fbx	ok	cmu	B-retarget	43	19	1	b7c0a8f92ee0fe7f
Anims_Only_FBX_V1/FBX/132_22.fbx	ok	cmu	B-retarget	43	19	1	b7c0a8f92ee0fe7f
Anims_Only_FBX_V1/FBX/132_23.fbx	ok	cmu	B-retarget	43	19	1	b7c0a8f92ee0fe7f
Anims_Only_FBX_V1/FBX/132_24.fbx	ok	cmu	B-retarget	43	19	1	b7c0a8f92ee0fe7f
Anims_Only_FBX_V1/FBX/132_25.fbx	ok	cmu	B-retarget	43	19	1	b7c0a8f92ee0fe7f
Anims_Only_FBX_V1/FBX/132_26.fbx	ok	cmu	B-retarget	43	19	1	b7c0a8f92ee0fe7f
Anims_Only_FBX_V1/FBX/132_27.fbx	ok	cmu	B-retarget	43	19	1	b7c0a8f92ee0fe7f
Anims_Only_FBX_V1/FBX/132_28.fbx	ok	cmu	B-retarget	43	19	1	b7c0a8f92ee0fe7f
Anims_Only_FBX_V1/FBX/132_29.fbx	ok	cmu	B-retarget	43	19	1	b7c0a8f92ee0fe7f
Anims_Only_FBX_V1/FBX/132_30.fbx	ok	cmu	B-retarget	43	19	1	b7c0a8f92ee0fe7f
Anims_Only_FBX_V1/FBX/132_31.fbx	ok	cmu	B-retarget	43	19	1	b7c0a8f92ee0fe7f
Anims_Only_FBX_V1/FBX/132_32.fbx	ok	cmu	B-retarget	43	19	1	b7c0a8f92ee0fe7f
Anims_Only_FBX_V1/FBX/132_33.fbx	ok	cmu	B-retarget	43	19	1	b7c0a8f92ee0fe7f
Anims_Only_FBX_V1/FBX/132_34.fbx	ok	cmu	B-retarget	43	19	1	b7c0a8f92ee0fe7f
Anims_Only_FBX_V1/FBX/132_35.fbx	ok	cmu	B-retarget	43	19	1	b7c0a8f92ee0fe7f
Anims_Only_FBX_V1/FBX/132_36.fbx	ok	cmu	B-retarget	43	19	1	b7c0a8f92ee0fe7f
Anims_Only_FBX_V1/FBX/132_37.fbx	ok	cmu	B-retarget	43	19	1	b7c0a8f92ee0fe7f
Anims_Only_FBX_V1/FBX/132_38.fbx	ok	cmu	B-retarget	43	19	1	b7c0a8f92ee0fe7f
Anims_Only_FBX_V1/FBX/132_39.fbx	ok	cmu	B-retarget	43	19	1	b7c0a8f92ee0fe7f
Anims_Only_FBX_V1/FBX/132_40.fbx	ok	cmu	B-retarget	43	19	1	b7c0a8f92ee0fe7f
Anims_Only_FBX_V1/FBX/132_41.fbx	ok	cmu	B-retarget	43	19	1	b7c0a8f92ee0fe7f
Anims_Only_FBX_V1/FBX/132_42.fbx	ok	cmu	B-retarget	43	19	1	b7c0a8f92ee0fe7f
Anims_Only_FBX_V1/FBX/132_43.fbx	ok	cmu	B-retarget	43	19	1	b7c0a8f92ee0fe7f
Anims_Only_FBX_V1/FBX/132_44.fbx	ok	cmu	B-retarget	43	19	1	b7c0a8f92ee0fe7f
Anims_Only_FBX_V1/FBX/132_45.fbx	ok	cmu	B-retarget	43	19	1	b7c0a8f92ee0fe7f
Anims_Only_FBX_V1/FBX/132_46.fbx	ok	cmu	B-retarget	43	19	1	b7c0a8f92ee0fe7f
Anims_Only_FBX_V1/FBX/132_47.fbx	ok	cmu	B-retarget	43	19	1	b7c0a8f92ee0fe7f
Anims_Only_FBX_V1/FBX/132_48.fbx	ok	cmu	B-retarget	43	19	1	b7c0a8f92ee0fe7f
Anims_Only_FBX_V1/FBX/132_49.fbx	ok	cmu	B-retarget	43	19	1	b7c0a8f92ee0fe7f
Anims_Only_FBX_V1/FBX/132_50.fbx	ok	cmu	B-retarget	43	19	1	b7c0a8f92ee0fe7f
Anims_Only_FBX_V1/FBX/132_51.fbx	ok	cmu	B-retarget	43	19	1	b7c0a8f92ee0fe7f
Anims_Only_FBX_V1/FBX/132_52.fbx	ok	cmu	B-retarget	43	19	1	b7c0a8f92ee0fe7f
Anims_Only_FBX_V1/FBX/132_53.fbx	ok	cmu	B-retarget	43	19	1	b7c0a8f92ee0fe7f
Anims_Only_FBX_V1/FBX/132_54.fbx	ok	cmu	B-retarget	43	19	1	b7c0a8f92ee0fe7f
Anims_Only_FBX_V1/FBX/132_55.fbx	ok	cmu	B-retarget	43	19	1	b7c0a8f92ee0fe7f
Anims_Only_FBX_V1/FBX/132_56.fbx	ok	cmu	B-retarget	43	19	1	b7c0a8f92ee0fe7f
Anims_Only_FBX_V1/FBX/133_01.fbx	ok	cmu	B-retarget	43	19	1	b7c0a8f92ee0fe7f
Anims_Only_FBX_V1/FBX/133_02.fbx	ok	cmu	B-retarget	43	19	1	b7c0a8f92ee0fe7f
Anims_Only_FBX_V1/FBX/133_03.fbx	ok	cmu	B-retarget	43	19	1	b7c0a8f92ee0fe7f
Anims_Only_FBX_V1/FBX/133_04.fbx	ok	cmu	B-retarget	43	19	1	b7c0a8f92ee0fe7f
Anims_Only_FBX_V1/FBX/133_05.fbx	ok	cmu	B-retarget	43	19	1	b7c0a8f92ee0fe7f
Anims_Only_FBX_V1/FBX/133_06.fbx	ok	cmu	B-retarget	43	19	1	b7c0a8f92ee0fe7f
Anims_Only_FBX_V1/FBX/133_07.fbx	ok	cmu	B-retarget	43	19	1	b7c0a8f92ee0fe7f
Anims_Only_FBX_V1/FBX/133_08.fbx	ok	cmu	B-retarget	43	19	1	b7c0a8f92ee0fe7f
Anims_Only_FBX_V1/FBX/133_09.fbx	ok	cmu	B-retarget	43	19	1	b7c0a8f92ee0fe7f
Anims_Only_FBX_V1/FBX/133_10.fbx	ok	cmu	B-retarget	43	19	1	b7c0a8f92ee0fe7f
Anims_Only_FBX_V1/FBX/133_11.fbx	ok	cmu	B-retarget	43	19	1	b7c0a8f92ee0fe7f
Anims_Only_FBX_V1/FBX/133_12.fbx	ok	cmu	B-retarget	43	19	1	b7c0a8f92ee0fe7f
Anims_Only_FBX_V1/FBX/133_13.fbx	ok	cmu	B-retarget	43	19	1	b7c0a8f92ee0fe7f
Anims_Only_FBX_V1/FBX/133_14.fbx	ok	cmu	B-retarget	43	19	1	b7c0a8f92ee0fe7f
Anims_Only_FBX_V1/FBX/133_15.fbx	ok	cmu	B-retarget	43	19	1	b7c0a8f92ee0fe7f
Anims_Only_FBX_V1/FBX/133_16.fbx	ok	cmu	B-retarget	43	19	1	b7c0a8f92ee0fe7f
Anims_Only_FBX_V1/FBX/133_17.fbx	ok	cmu	B-retarget	43	19	1	b7c0a8f92ee0fe7f
Anims_Only_FBX_V1/FBX/133_18.fbx	ok	cmu	B-retarget	43	19	1	b7c0a8f92ee0fe7f
Anims_Only_FBX_V1/FBX/133_19.fbx	ok	cmu	B-retarget	43	19	1	b7c0a8f92ee0fe7f
Anims_Only_FBX_V1/FBX/133_20.fbx	ok	cmu	B-retarget	43	19	1	b7c0a8f92ee0fe7f
Anims_Only_FBX_V1/FBX/133_21.fbx	ok	cmu	B-retarget	43	19	1	b7c0a8f92ee0fe7f
Anims_Only_FBX_V1/FBX/133_22.fbx	ok	cmu	B-retarget	43	19	1	b7c0a8f92ee0fe7f
Anims_Only_FBX_V1/FBX/133_23.fbx	ok	cmu	B-retarget	43	19	1	b7c0a8f92ee0fe7f
Anims_Only_FBX_V1/FBX/133_24.fbx	ok	cmu	B-retarget	43	19	1	b7c0a8f92ee0fe7f
Anims_Only_FBX_V1/FBX/133_25.fbx	ok	cmu	B-retarget	43	19	1	b7c0a8f92ee0fe7f
Anims_Only_FBX_V1/FBX/133_26.fbx	ok	cmu	B-retarget	43	19	1	b7c0a8f92ee0fe7f
Anims_Only_FBX_V1/FBX/134_01.fbx	ok	cmu	B-retarget	43	19	1	b7c0a8f92ee0fe7f
Anims_Only_FBX_V1/FBX/134_02.fbx	ok	cmu	B-retarget	43	19	1	b7c0a8f92ee0fe7f
Anims_Only_FBX_V1/FBX/134_03.fbx	ok	cmu	B-retarget	43	19	1	b7c0a8f92ee0fe7f
Anims_Only_FBX_V1/FBX/134_04.fbx	ok	cmu	B-retarget	43	19	1	b7c0a8f92ee0fe7f
Anims_Only_FBX_V1/FBX/134_05.fbx	ok	cmu	B-retarget	43	19	1	b7c0a8f92ee0fe7f
Anims_Only_FBX_V1/FBX/134_06.fbx	ok	cmu	B-retarget	43	19	1	b7c0a8f92ee0fe7f
Anims_Only_FBX_V1/FBX/134_07.fbx	ok	cmu	B-retarget	43	19	1	b7c0a8f92ee0fe7f
Anims_Only_FBX_V1/FBX/134_08.fbx	ok	cmu	B-retarget	43	19	1	b7c0a8f92ee0fe7f
Anims_Only_FBX_V1/FBX/134_09.fbx	ok	cmu	B-retarget	43	19	1	b7c0a8f92ee0fe7f
Anims_Only_FBX_V1/FBX/134_10.fbx	ok	cmu	B-retarget	43	19	1	b7c0a8f92ee0fe7f
Anims_Only_FBX_V1/FBX/134_11.fbx	ok	cmu	B-retarget	43	19	1	b7c0a8f92ee0fe7f
Anims_Only_FBX_V1/FBX/134_12.fbx	ok	cmu	B-retarget	43	19	1	b7c0a8f92ee0fe7f
Anims_Only_FBX_V1/FBX/134_13.fbx	ok	cmu	B-retarget	43	19	1	b7c0a8f92ee0fe7f
Anims_Only_FBX_V1/FBX/134_14.fbx	ok	cmu	B-retarget	43	19	1	b7c0a8f92ee0fe7f
Anims_Only_FBX_V1/FBX/134_15.fbx	ok	cmu	B-retarget	43	19	1	b7c0a8f92ee0fe7f
Anims_Only_FBX_V1/FBX/135_01.fbx	ok	cmu	B-retarget	43	19	1	b7c0a8f92ee0fe7f
Anims_Only_FBX_V1/FBX/135_02.fbx	ok	cmu	B-retarget	43	19	1	b7c0a8f92ee0fe7f
Anims_Only_FBX_V1/FBX/135_03.fbx	ok	cmu	B-retarget	43	19	1	b7c0a8f92ee0fe7f
Anims_Only_FBX_V1/FBX/135_04.fbx	ok	cmu	B-retarget	43	19	1	b7c0a8f92ee0fe7f
Anims_Only_FBX_V1/FBX/135_05.fbx	ok	cmu	B-retarget	43	19	1	b7c0a8f92ee0fe7f
Anims_Only_FBX_V1/FBX/135_06.fbx	ok	cmu	B-retarget	43	19	1	b7c0a8f92ee0fe7f
Anims_Only_FBX_V1/FBX/135_07.fbx	ok	cmu	B-retarget	43	19	1	b7c0a8f92ee0fe7f
Anims_Only_FBX_V1/FBX/135_08.fbx	ok	cmu	B-retarget	43	19	1	b7c0a8f92ee0fe7f
Anims_Only_FBX_V1/FBX/135_09.fbx	ok	cmu	B-retarget	43	19	1	b7c0a8f92ee0fe7f
Anims_Only_FBX_V1/FBX/135_10.fbx	ok	cmu	B-retarget	43	19	1	b7c0a8f92ee0fe7f
Anims_Only_FBX_V1/FBX/135_11.fbx	ok	cmu	B-retarget	43	19	1	b7c0a8f92ee0fe7f
Anims_Only_FBX_V1/FBX/136_01.fbx	ok	cmu	B-retarget	43	19	1	b7c0a8f92ee0fe7f
Anims_Only_FBX_V1/FBX/136_02.fbx	ok	cmu	B-retarget	43	19	1	b7c0a8f92ee0fe7f
Anims_Only_FBX_V1/FBX/136_03.fbx	ok	cmu	B-retarget	43	19	1	b7c0a8f92ee0fe7f
Anims_Only_FBX_V1/FBX/136_04.fbx	ok	cmu	B-retarget	43	19	1	b7c0a8f92ee0fe7f
Anims_Only_FBX_V1/FBX/136_05.fbx	ok	cmu	B-retarget	43	19	1	b7c0a8f92ee0fe7f
Anims_Only_FBX_V1/FBX/136_06.fbx	ok	cmu	B-retarget	43	19	1	b7c0a8f92ee0fe7f
Anims_Only_FBX_V1/FBX/136_07.fbx	ok	cmu	B-retarget	43	19	1	b7c0a8f92ee0fe7f
Anims_Only_FBX_V1/FBX/136_08.fbx	ok	cmu	B-retarget	43	19	1	b7c0a8f92ee0fe7f
Anims_Only_FBX_V1/FBX/136_09.fbx	ok	cmu	B-retarget	43	19	1	b7c0a8f92ee0fe7f
Anims_Only_FBX_V1/FBX/136_10.fbx	ok	cmu	B-retarget	43	19	1	b7c0a8f92ee0fe7f
Anims_Only_FBX_V1/FBX/136_11.fbx	ok	cmu	B-retarget	43	19	1	b7c0a8f92ee0fe7f
Anims_Only_FBX_V1/FBX/136_12.fbx	ok	cmu	B-retarget	43	19	1	b7c0a8f92ee0fe7f
Anims_Only_FBX_V1/FBX/136_13.fbx	ok	cmu	B-retarget	43	19	1	b7c0a8f92ee0fe7f
Anims_Only_FBX_V1/FBX/136_14.fbx	ok	cmu	B-retarget	43	19	1	b7c0a8f92ee0fe7f
Anims_Only_FBX_V1/FBX/136_15.fbx	ok	cmu	B-retarget	43	19	1	b7c0a8f92ee0fe7f
Anims_Only_FBX_V1/FBX/136_16.fbx	ok	cmu	B-retarget	43	19	1	b7c0a8f92ee0fe7f
Anims_Only_FBX_V1/FBX/136_17.fbx	ok	cmu	B-retarget	43	19	1	b7c0a8f92ee0fe7f
Anims_Only_FBX_V1/FBX/136_18.fbx	ok	cmu	B-retarget	43	19	1	b7c0a8f92ee0fe7f
Anims_Only_FBX_V1/FBX/136_19.fbx	ok	cmu	B-retarget	43	19	1	b7c0a8f92ee0fe7f
Anims_Only_FBX_V1/FBX/136_20.fbx	ok	cmu	B-retarget	43	19	1	b7c0a8f92ee0fe7f
Anims_Only_FBX_V1/FBX/136_21.fbx	ok	cmu	B-retarget	43	19	1	b7c0a8f92ee0fe7f
Anims_Only_FBX_V1/FBX/136_22.fbx	ok	cmu	B-retarget	43	19	1	b7c0a8f92ee0fe7f
Anims_Only_FBX_V1/FBX/136_23.fbx	ok	cmu	B-retarget	43	19	1	b7c0a8f92ee0fe7f
Anims_Only_FBX_V1/FBX/136_24.fbx	ok	cmu	B-retarget	43	19	1	b7c0a8f92ee0fe7f
Anims_Only_FBX_V1/FBX/136_25.fbx	ok	cmu	B-retarget	43	19	1	b7c0a8f92ee0fe7f
Anims_Only_FBX_V1/FBX/136_26.fbx	ok	cmu	B-retarget	43	19	1	b7c0a8f92ee0fe7f
Anims_Only_FBX_V1/FBX/136_27.fbx	ok	cmu	B-retarget	43	19	1	b7c0a8f92ee0fe7f
Anims_Only_FBX_V1/FBX/136_28.fbx	ok	cmu	B-retarget	43	19	1	b7c0a8f92ee0fe7f
Anims_Only_FBX_V1/FBX/136_29.fbx	ok	cmu	B-retarget	43	19	1	b7c0a8f92ee0fe7f
Anims_Only_FBX_V1/FBX/136_30.fbx	ok	cmu	B-retarget	43	19	1	b7c0a8f92ee0fe7f
Anims_Only_FBX_V1/FBX/136_31.fbx	ok	cmu	B-retarget	43	19	1	b7c0a8f92ee0fe7f
Anims_Only_FBX_V1/FBX/136_32.fbx	ok	cmu	B-retarget	43	19	1	b7c0a8f92ee0fe7f
Anims_Only_FBX_V1/FBX/136_33.fbx	ok	cmu	B-retarget	43	19	1	b7c0a8f92ee0fe7f
Anims_Only_FBX_V1/FBX/137_01.fbx	ok	cmu	B-retarget	43	19	1	b7c0a8f92ee0fe7f
Anims_Only_FBX_V1/FBX/137_02.fbx	ok	cmu	B-retarget	43	19	1	b7c0a8f92ee0fe7f
Anims_Only_FBX_V1/FBX/137_03.fbx	ok	cmu	B-retarget	43	19	1	b7c0a8f92ee0fe7f
Anims_Only_FBX_V1/FBX/137_04.fbx	ok	cmu	B-retarget	43	19	1	b7c0a8f92ee0fe7f
Anims_Only_FBX_V1/FBX/137_05.fbx	ok	cmu	B-retarget	43	19	1	b7c0a8f92ee0fe7f
Anims_Only_FBX_V1/FBX/137_06.fbx	ok	cmu	B-retarget	43	19	1	b7c0a8f92ee0fe7f
Anims_Only_FBX_V1/FBX/137_07.fbx	ok	cmu	B-retarget	43	19	1	b7c0a8f92ee0fe7f
Anims_Only_FBX_V1/FBX/137_08.fbx	ok	cmu	B-retarget	43	19	1	b7c0a8f92ee0fe7f
Anims_Only_FBX_V1/FBX/137_09.fbx	ok	cmu	B-retarget	43	19	1	b7c0a8f92ee0fe7f
Anims_Only_FBX_V1/FBX/137_10.fbx	ok	cmu	B-retarget	43	19	1	b7c0a8f92ee0fe7f
Anims_Only_FBX_V1/FBX/137_11.fbx	ok	cmu	B-retarget	43	19	1	b7c0a8f92ee0fe7f
Anims_Only_FBX_V1/FBX/137_12.fbx	ok	cmu	B-retarget	43	19	1	b7c0a8f92ee0fe7f
Anims_Only_FBX_V1/FBX/137_13.fbx	ok	cmu	B-retarget	43	19	1	b7c0a8f92ee0fe7f
Anims_Only_FBX_V1/FBX/137_14.fbx	ok	cmu	B-retarget	43	19	1	b7c0a8f92ee0fe7f
Anims_Only_FBX_V1/FBX/137_15.fbx	ok	cmu	B-retarget	43	19	1	b7c0a8f92ee0fe7f
Anims_Only_FBX_V1/FBX/137_16.fbx	ok	cmu	B-retarget	43	19	1	b7c0a8f92ee0fe7f
Anims_Only_FBX_V1/FBX/137_17.fbx	ok	cmu	B-retarget	43	19	1	b7c0a8f92ee0fe7f
Anims_Only_FBX_V1/FBX/137_18.fbx	ok	cmu	B-retarget	43	19	1	b7c0a8f92ee0fe7f
Anims_Only_FBX_V1/FBX/137_19.fbx	ok	cmu	B-retarget	43	19	1	b7c0a8f92ee0fe7f
Anims_Only_FBX_V1/FBX/137_20.fbx	ok	cmu	B-retarget	43	19	1	b7c0a8f92ee0fe7f
Anims_Only_FBX_V1/FBX/137_21.fbx	ok	cmu	B-retarget	43	19	1	b7c0a8f92ee0fe7f
Anims_Only_FBX_V1/FBX/137_22.fbx	ok	cmu	B-retarget	43	19	1	b7c0a8f92ee0fe7f
Anims_Only_FBX_V1/FBX/137_23.fbx	ok	cmu	B-retarget	43	19	1	b7c0a8f92ee0fe7f
Anims_Only_FBX_V1/FBX/137_24.fbx	ok	cmu	B-retarget	43	19	1	b7c0a8f92ee0fe7f
Anims_Only_FBX_V1/FBX/137_25.fbx	ok	cmu	B-retarget	43	19	1	b7c0a8f92ee0fe7f
Anims_Only_FBX_V1/FBX/137_26.fbx	ok	cmu	B-retarget	43	19	1	b7c0a8f92ee0fe7f
Anims_Only_FBX_V1/FBX/137_27.fbx	ok	cmu	B-retarget	43	19	1	b7c0a8f92ee0fe7f
Anims_Only_FBX_V1/FBX/137_28.fbx	ok	cmu	B-retarget	43	19	1	b7c0a8f92ee0fe7f
Anims_Only_FBX_V1/FBX/137_29.fbx	ok	cmu	B-retarget	43	19	1	b7c0a8f92ee0fe7f
Anims_Only_FBX_V1/FBX/137_30.fbx	ok	cmu	B-retarget	43	19	1	b7c0a8f92ee0fe7f
Anims_Only_FBX_V1/FBX/137_31.fbx	ok	cmu	B-retarget	43	19	1	b7c0a8f92ee0fe7f
Anims_Only_FBX_V1/FBX/137_32.fbx	ok	cmu	B-retarget	43	19	1	b7c0a8f92ee0fe7f
Anims_Only_FBX_V1/FBX/137_33.fbx	ok	cmu	B-retarget	43	19	1	b7c0a8f92ee0fe7f
Anims_Only_FBX_V1/FBX/137_34.fbx	ok	cmu	B-retarget	43	19	1	b7c0a8f92ee0fe7f
Anims_Only_FBX_V1/FBX/137_35.fbx	ok	cmu	B-retarget	43	19	1	b7c0a8f92ee0fe7f
Anims_Only_FBX_V1/FBX/137_36.fbx	ok	cmu	B-retarget	43	19	1	b7c0a8f92ee0fe7f
Anims_Only_FBX_V1/FBX/137_37.fbx	ok	cmu	B-retarget	43	19	1	b7c0a8f92ee0fe7f
Anims_Only_FBX_V1/FBX/137_38.fbx	ok	cmu	B-retarget	43	19	1	b7c0a8f92ee0fe7f
Anims_Only_FBX_V1/FBX/137_39.fbx	ok	cmu	B-retarget	43	19	1	b7c0a8f92ee0fe7f
Anims_Only_FBX_V1/FBX/137_40.fbx	ok	cmu	B-retarget	43	19	1	b7c0a8f92ee0fe7f
Anims_Only_FBX_V1/FBX/137_41.fbx	ok	cmu	B-retarget	43	19	1	b7c0a8f92ee0fe7f
Anims_Only_FBX_V1/FBX/137_42.fbx	ok	cmu	B-retarget	43	19	1	b7c0a8f92ee0fe7f
Anims_Only_FBX_V1/FBX/138_01.fbx	ok	cmu	B-retarget	43	19	1	b7c0a8f92ee0fe7f
Anims_Only_FBX_V1/FBX/138_02.fbx	ok	cmu	B-retarget	43	19	1	b7c0a8f92ee0fe7f
Anims_Only_FBX_V1/FBX/138_03.fbx	ok	cmu	B-retarget	43	19	1	b7c0a8f92ee0fe7f
Anims_Only_FBX_V1/FBX/138_04.fbx	ok	cmu	B-retarget	43	19	1	b7c0a8f92ee0fe7f
Anims_Only_FBX_V1/FBX/138_05.fbx	ok	cmu	B-retarget	43	19	1	b7c0a8f92ee0fe7f
Anims_Only_FBX_V1/FBX/138_06.fbx	ok	cmu	B-retarget	43	19	1	b7c0a8f92ee0fe7f
Anims_Only_FBX_V1/FBX/138_07.fbx	ok	cmu	B-retarget	43	19	1	b7c0a8f92ee0fe7f
Anims_Only_FBX_V1/FBX/138_08.fbx	ok	cmu	B-retarget	43	19	1	b7c0a8f92ee0fe7f
Anims_Only_FBX_V1/FBX/138_09.fbx	ok	cmu	B-retarget	43	19	1	b7c0a8f92ee0fe7f
Anims_Only_FBX_V1/FBX/138_10.fbx	ok	cmu	B-retarget	43	19	1	b7c0a8f92ee0fe7f
Anims_Only_FBX_V1/FBX/138_11.fbx	ok	cmu	B-retarget	43	19	1	b7c0a8f92ee0fe7f
Anims_Only_FBX_V1/FBX/138_12.fbx	ok	cmu	B-retarget	43	19	1	b7c0a8f92ee0fe7f
Anims_Only_FBX_V1/FBX/138_13.fbx	ok	cmu	B-retarget	43	19	1	b7c0a8f92ee0fe7f
Anims_Only_FBX_V1/FBX/138_14.fbx	ok	cmu	B-retarget	43	19	1	b7c0a8f92ee0fe7f
Anims_Only_FBX_V1/FBX/138_15.fbx	ok	cmu	B-retarget	43	19	1	b7c0a8f92ee0fe7f
Anims_Only_FBX_V1/FBX/138_16.fbx	ok	cmu	B-retarget	43	19	1	b7c0a8f92ee0fe7f
Anims_Only_FBX_V1/FBX/138_17.fbx	ok	cmu	B-retarget	43	19	1	b7c0a8f92ee0fe7f
Anims_Only_FBX_V1/FBX/138_18.fbx	ok	cmu	B-retarget	43	19	1	b7c0a8f92ee0fe7f
Anims_Only_FBX_V1/FBX/138_19.fbx	ok	cmu	B-retarget	43	19	1	b7c0a8f92ee0fe7f
Anims_Only_FBX_V1/FBX/138_20.fbx	ok	cmu	B-retarget	43	19	1	b7c0a8f92ee0fe7f
Anims_Only_FBX_V1/FBX/138_21.fbx	ok	cmu	B-retarget	43	19	1	b7c0a8f92ee0fe7f
Anims_Only_FBX_V1/FBX/138_22.fbx	ok	cmu	B-retarget	43	19	1	b7c0a8f92ee0fe7f
Anims_Only_FBX_V1/FBX/138_23.fbx	ok	cmu	B-retarget	43	19	1	b7c0a8f92ee0fe7f
Anims_Only_FBX_V1/FBX/138_24.fbx	ok	cmu	B-retarget	43	19	1	b7c0a8f92ee0fe7f
Anims_Only_FBX_V1/FBX/138_25.fbx	ok	cmu	B-retarget	43	19	1	b7c0a8f92ee0fe7f
Anims_Only_FBX_V1/FBX/138_26.fbx	ok	cmu	B-retarget	43	19	1	b7c0a8f92ee0fe7f
Anims_Only_FBX_V1/FBX/138_27.fbx	ok	cmu	B-retarget	43	19	1	b7c0a8f92ee0fe7f
Anims_Only_FBX_V1/FBX/138_28.fbx	ok	cmu	B-retarget	43	19	1	b7c0a8f92ee0fe7f
Anims_Only_FBX_V1/FBX/138_29.fbx	ok	cmu	B-retarget	43	19	1	b7c0a8f92ee0fe7f
Anims_Only_FBX_V1/FBX/138_30.fbx	ok	cmu	B-retarget	43	19	1	b7c0a8f92ee0fe7f
Anims_Only_FBX_V1/FBX/138_31.fbx	ok	cmu	B-retarget	43	19	1	b7c0a8f92ee0fe7f
Anims_Only_FBX_V1/FBX/138_32.fbx	ok	cmu	B-retarget	43	19	1	b7c0a8f92ee0fe7f
Anims_Only_FBX_V1/FBX/138_33.fbx	ok	cmu	B-retarget	43	19	1	b7c0a8f92ee0fe7f
Anims_Only_FBX_V1/FBX/138_34.fbx	ok	cmu	B-retarget	43	19	1	b7c0a8f92ee0fe7f
Anims_Only_FBX_V1/FBX/138_35.fbx	ok	cmu	B-retarget	43	19	1	b7c0a8f92ee0fe7f
Anims_Only_FBX_V1/FBX/138_36.fbx	ok	cmu	B-retarget	43	19	1	b7c0a8f92ee0fe7f
Anims_Only_FBX_V1/FBX/138_37.fbx	ok	cmu	B-retarget	43	19	1	b7c0a8f92ee0fe7f
Anims_Only_FBX_V1/FBX/138_38.fbx	ok	cmu	B-retarget	43	19	1	b7c0a8f92ee0fe7f
Anims_Only_FBX_V1/FBX/138_39.fbx	ok	cmu	B-retarget	43	19	1	b7c0a8f92ee0fe7f
Anims_Only_FBX_V1/FBX/138_40.fbx	ok	cmu	B-retarget	43	19	1	b7c0a8f92ee0fe7f
Anims_Only_FBX_V1/FBX/138_41.fbx	ok	cmu	B-retarget	43	19	1	b7c0a8f92ee0fe7f
Anims_Only_FBX_V1/FBX/138_42.fbx	ok	cmu	B-retarget	43	19	1	b7c0a8f92ee0fe7f
Anims_Only_FBX_V1/FBX/138_43.fbx	ok	cmu	B-retarget	43	19	1	b7c0a8f92ee0fe7f
Anims_Only_FBX_V1/FBX/138_44.fbx	ok	cmu	B-retarget	43	19	1	b7c0a8f92ee0fe7f
Anims_Only_FBX_V1/FBX/138_45.fbx	ok	cmu	B-retarget	43	19	1	b7c0a8f92ee0fe7f
Anims_Only_FBX_V1/FBX/138_46.fbx	ok	cmu	B-retarget	43	19	1	b7c0a8f92ee0fe7f
Anims_Only_FBX_V1/FBX/138_47.fbx	ok	cmu	B-retarget	43	19	1	b7c0a8f92ee0fe7f
Anims_Only_FBX_V1/FBX/138_48.fbx	ok	cmu	B-retarget	43	19	1	b7c0a8f92ee0fe7f
Anims_Only_FBX_V1/FBX/138_49.fbx	ok	cmu	B-retarget	43	19	1	b7c0a8f92ee0fe7f
Anims_Only_FBX_V1/FBX/138_50.fbx	ok	cmu	B-retarget	43	19	1	b7c0a8f92ee0fe7f
Anims_Only_FBX_V1/FBX/138_51.fbx	ok	cmu	B-retarget	43	19	1	b7c0a8f92ee0fe7f
Anims_Only_FBX_V1/FBX/138_52.fbx	ok	cmu	B-retarget	43	19	1	b7c0a8f92ee0fe7f
Anims_Only_FBX_V1/FBX/138_53.fbx	ok	cmu	B-retarget	43	19	1	b7c0a8f92ee0fe7f
Anims_Only_FBX_V1/FBX/138_54.fbx	ok	cmu	B-retarget	43	19	1	b7c0a8f92ee0fe7f
Anims_Only_FBX_V1/FBX/138_55.fbx	ok	cmu	B-retarget	43	19	1	b7c0a8f92ee0fe7f
Anims_Only_FBX_V1/FBX/139_01.fbx	ok	cmu	B-retarget	43	19	1	b7c0a8f92ee0fe7f
Anims_Only_FBX_V1/FBX/139_02.fbx	ok	cmu	B-retarget	43	19	1	b7c0a8f92ee0fe7f
Anims_Only_FBX_V1/FBX/139_03.fbx	ok	cmu	B-retarget	43	19	1	b7c0a8f92ee0fe7f
Anims_Only_FBX_V1/FBX/139_04.fbx	ok	cmu	B-retarget	43	19	1	b7c0a8f92ee0fe7f
Anims_Only_FBX_V1/FBX/139_05.fbx	ok	cmu	B-retarget	43	19	1	b7c0a8f92ee0fe7f
Anims_Only_FBX_V1/FBX/139_06.fbx	ok	cmu	B-retarget	43	19	1	b7c0a8f92ee0fe7f
Anims_Only_FBX_V1/FBX/139_07.fbx	ok	cmu	B-retarget	43	19	1	b7c0a8f92ee0fe7f
Anims_Only_FBX_V1/FBX/139_08.fbx	ok	cmu	B-retarget	43	19	1	b7c0a8f92ee0fe7f
Anims_Only_FBX_V1/FBX/139_09.fbx	ok	cmu	B-retarget	43	19	1	b7c0a8f92ee0fe7f
Anims_Only_FBX_V1/FBX/139_10.fbx	ok	cmu	B-retarget	43	19	1	b7c0a8f92ee0fe7f
Anims_Only_FBX_V1/FBX/139_11.fbx	ok	cmu	B-retarget	43	19	1	b7c0a8f92ee0fe7f
Anims_Only_FBX_V1/FBX/139_12.fbx	ok	cmu	B-retarget	43	19	1	b7c0a8f92ee0fe7f
Anims_Only_FBX_V1/FBX/139_13.fbx	ok	cmu	B-retarget	43	19	1	b7c0a8f92ee0fe7f
Anims_Only_FBX_V1/FBX/139_14.fbx	ok	cmu	B-retarget	43	19	1	b7c0a8f92ee0fe7f
Anims_Only_FBX_V1/FBX/139_15.fbx	ok	cmu	B-retarget	43	19	1	b7c0a8f92ee0fe7f
Anims_Only_FBX_V1/FBX/139_16.fbx	ok	cmu	B-retarget	43	19	1	b7c0a8f92ee0fe7f
Anims_Only_FBX_V1/FBX/139_17.fbx	ok	cmu	B-retarget	43	19	1	b7c0a8f92ee0fe7f
Anims_Only_FBX_V1/FBX/139_18.fbx	ok	cmu	B-retarget	43	19	1	b7c0a8f92ee0fe7f
Anims_Only_FBX_V1/FBX/139_19.fbx	ok	cmu	B-retarget	43	19	1	b7c0a8f92ee0fe7f
Anims_Only_FBX_V1/FBX/139_20.fbx	ok	cmu	B-retarget	43	19	1	b7c0a8f92ee0fe7f
Anims_Only_FBX_V1/FBX/139_21.fbx	ok	cmu	B-retarget	43	19	1	b7c0a8f92ee0fe7f
Anims_Only_FBX_V1/FBX/139_22.fbx	ok	cmu	B-retarget	43	19	1	b7c0a8f92ee0fe7f
Anims_Only_FBX_V1/FBX/139_23.fbx	ok	cmu	B-retarget	43	19	1	b7c0a8f92ee0fe7f
Anims_Only_FBX_V1/FBX/139_24.fbx	ok	cmu	B-retarget	43	19	1	b7c0a8f92ee0fe7f
Anims_Only_FBX_V1/FBX/139_25.fbx	ok	cmu	B-retarget	43	19	1	b7c0a8f92ee0fe7f
Anims_Only_FBX_V1/FBX/139_26.fbx	ok	cmu	B-retarget	43	19	1	b7c0a8f92ee0fe7f
Anims_Only_FBX_V1/FBX/139_27.fbx	ok	cmu	B-retarget	43	19	1	b7c0a8f92ee0fe7f
Anims_Only_FBX_V1/FBX/139_28.fbx	ok	cmu	B-retarget	43	19	1	b7c0a8f92ee0fe7f
Anims_Only_FBX_V1/FBX/139_29.fbx	ok	cmu	B-retarget	43	19	1	b7c0a8f92ee0fe7f
Anims_Only_FBX_V1/FBX/139_30.fbx	ok	cmu	B-retarget	43	19	1	b7c0a8f92ee0fe7f
Anims_Only_FBX_V1/FBX/139_31.fbx	ok	cmu	B-retarget	43	19	1	b7c0a8f92ee0fe7f
Anims_Only_FBX_V1/FBX/139_32.fbx	ok	cmu	B-retarget	43	19	1	b7c0a8f92ee0fe7f
Anims_Only_FBX_V1/FBX/139_33.fbx	ok	cmu	B-retarget	43	19	1	b7c0a8f92ee0fe7f
Anims_Only_FBX_V1/FBX/139_34.fbx	ok	cmu	B-retarget	43	19	1	b7c0a8f92ee0fe7f
Anims_Only_FBX_V1/FBX/13_01.fbx	ok	cmu	B-retarget	43	19	1	b7c0a8f92ee0fe7f
Anims_Only_FBX_V1/FBX/13_02.fbx	ok	cmu	B-retarget	43	19	1	b7c0a8f92ee0fe7f
Anims_Only_FBX_V1/FBX/13_03.fbx	ok	cmu	B-retarget	43	19	1	b7c0a8f92ee0fe7f
Anims_Only_FBX_V1/FBX/13_04.fbx	ok	cmu	B-retarget	43	19	1	b7c0a8f92ee0fe7f
Anims_Only_FBX_V1/FBX/13_05.fbx	ok	cmu	B-retarget	43	19	1	b7c0a8f92ee0fe7f
Anims_Only_FBX_V1/FBX/13_06.fbx	ok	cmu	B-retarget	43	19	1	b7c0a8f92ee0fe7f
Anims_Only_FBX_V1/FBX/13_07.fbx	ok	cmu	B-retarget	43	19	1	b7c0a8f92ee0fe7f
Anims_Only_FBX_V1/FBX/13_08.fbx	ok	cmu	B-retarget	43	19	1	b7c0a8f92ee0fe7f
Anims_Only_FBX_V1/FBX/13_09.fbx	ok	cmu	B-retarget	43	19	1	b7c0a8f92ee0fe7f
Anims_Only_FBX_V1/FBX/13_10.fbx	ok	cmu	B-retarget	43	19	1	b7c0a8f92ee0fe7f
Anims_Only_FBX_V1/FBX/13_11.fbx	ok	cmu	B-retarget	43	19	1	b7c0a8f92ee0fe7f
Anims_Only_FBX_V1/FBX/13_12.fbx	ok	cmu	B-retarget	43	19	1	b7c0a8f92ee0fe7f
Anims_Only_FBX_V1/FBX/13_13.fbx	ok	cmu	B-retarget	43	19	1	b7c0a8f92ee0fe7f
Anims_Only_FBX_V1/FBX/13_14.fbx	ok	cmu	B-retarget	43	19	1	b7c0a8f92ee0fe7f
Anims_Only_FBX_V1/FBX/13_15.fbx	ok	cmu	B-retarget	43	19	1	b7c0a8f92ee0fe7f
Anims_Only_FBX_V1/FBX/13_16.fbx	ok	cmu	B-retarget	43	19	1	b7c0a8f92ee0fe7f
Anims_Only_FBX_V1/FBX/13_17.fbx	ok	cmu	B-retarget	43	19	1	b7c0a8f92ee0fe7f
Anims_Only_FBX_V1/FBX/13_18.fbx	ok	cmu	B-retarget	43	19	1	b7c0a8f92ee0fe7f
Anims_Only_FBX_V1/FBX/13_19.fbx	ok	cmu	B-retarget	43	19	1	b7c0a8f92ee0fe7f
Anims_Only_FBX_V1/FBX/13_20.fbx	ok	cmu	B-retarget	43	19	1	b7c0a8f92ee0fe7f
Anims_Only_FBX_V1/FBX/13_21.fbx	ok	cmu	B-retarget	43	19	1	b7c0a8f92ee0fe7f
Anims_Only_FBX_V1/FBX/13_22.fbx	ok	cmu	B-retarget	43	19	1	b7c0a8f92ee0fe7f
Anims_Only_FBX_V1/FBX/13_23.fbx	ok	cmu	B-retarget	43	19	1	b7c0a8f92ee0fe7f
Anims_Only_FBX_V1/FBX/13_24.fbx	ok	cmu	B-retarget	43	19	1	b7c0a8f92ee0fe7f
Anims_Only_FBX_V1/FBX/13_25.fbx	ok	cmu	B-retarget	43	19	1	b7c0a8f92ee0fe7f
Anims_Only_FBX_V1/FBX/13_26.fbx	ok	cmu	B-retarget	43	19	1	b7c0a8f92ee0fe7f
Anims_Only_FBX_V1/FBX/13_27.fbx	ok	cmu	B-retarget	43	19	1	b7c0a8f92ee0fe7f
Anims_Only_FBX_V1/FBX/13_28.fbx	ok	cmu	B-retarget	43	19	1	b7c0a8f92ee0fe7f
Anims_Only_FBX_V1/FBX/13_29.fbx	ok	cmu	B-retarget	43	19	1	b7c0a8f92ee0fe7f
Anims_Only_FBX_V1/FBX/13_30.fbx	ok	cmu	B-retarget	43	19	1	b7c0a8f92ee0fe7f
Anims_Only_FBX_V1/FBX/13_31.fbx	ok	cmu	B-retarget	43	19	1	b7c0a8f92ee0fe7f
Anims_Only_FBX_V1/FBX/13_32.fbx	ok	cmu	B-retarget	43	19	1	b7c0a8f92ee0fe7f
Anims_Only_FBX_V1/FBX/13_33.fbx	ok	cmu	B-retarget	43	19	1	b7c0a8f92ee0fe7f
Anims_Only_FBX_V1/FBX/13_34.fbx	ok	cmu	B-retarget	43	19	1	b7c0a8f92ee0fe7f
Anims_Only_FBX_V1/FBX/13_35.fbx	ok	cmu	B-retarget	43	19	1	b7c0a8f92ee0fe7f
Anims_Only_FBX_V1/FBX/13_36.fbx	ok	cmu	B-retarget	43	19	1	b7c0a8f92ee0fe7f
Anims_Only_FBX_V1/FBX/13_37.fbx	ok	cmu	B-retarget	43	19	1	b7c0a8f92ee0fe7f
Anims_Only_FBX_V1/FBX/13_38.fbx	ok	cmu	B-retarget	43	19	1	b7c0a8f92ee0fe7f
Anims_Only_FBX_V1/FBX/13_39.fbx	ok	cmu	B-retarget	43	19	1	b7c0a8f92ee0fe7f
Anims_Only_FBX_V1/FBX/13_40.fbx	ok	cmu	B-retarget	43	19	1	b7c0a8f92ee0fe7f
Anims_Only_FBX_V1/FBX/13_41.fbx	ok	cmu	B-retarget	43	19	1	b7c0a8f92ee0fe7f
Anims_Only_FBX_V1/FBX/13_42.fbx	ok	cmu	B-retarget	43	19	1	b7c0a8f92ee0fe7f
Anims_Only_FBX_V1/FBX/140_01.fbx	ok	cmu	B-retarget	43	19	1	b7c0a8f92ee0fe7f
Anims_Only_FBX_V1/FBX/140_02.fbx	ok	cmu	B-retarget	43	19	1	b7c0a8f92ee0fe7f
Anims_Only_FBX_V1/FBX/140_03.fbx	ok	cmu	B-retarget	43	19	1	b7c0a8f92ee0fe7f
Anims_Only_FBX_V1/FBX/140_04.fbx	ok	cmu	B-retarget	43	19	1	b7c0a8f92ee0fe7f
Anims_Only_FBX_V1/FBX/140_05.fbx	ok	cmu	B-retarget	43	19	1	b7c0a8f92ee0fe7f
Anims_Only_FBX_V1/FBX/140_06.fbx	ok	cmu	B-retarget	43	19	1	b7c0a8f92ee0fe7f
Anims_Only_FBX_V1/FBX/140_07.fbx	ok	cmu	B-retarget	43	19	1	b7c0a8f92ee0fe7f
Anims_Only_FBX_V1/FBX/140_08.fbx	ok	cmu	B-retarget	43	19	1	b7c0a8f92ee0fe7f
Anims_Only_FBX_V1/FBX/140_09.fbx	ok	cmu	B-retarget	43	19	1	b7c0a8f92ee0fe7f
Anims_Only_FBX_V1/FBX/141_01.fbx	ok	cmu	B-retarget	43	19	1	b7c0a8f92ee0fe7f
Anims_Only_FBX_V1/FBX/141_02.fbx	ok	cmu	B-retarget	43	19	1	b7c0a8f92ee0fe7f
Anims_Only_FBX_V1/FBX/141_03.fbx	ok	cmu	B-retarget	43	19	1	b7c0a8f92ee0fe7f
Anims_Only_FBX_V1/FBX/141_04.fbx	ok	cmu	B-retarget	43	19	1	b7c0a8f92ee0fe7f
Anims_Only_FBX_V1/FBX/141_05.fbx	ok	cmu	B-retarget	43	19	1	b7c0a8f92ee0fe7f
Anims_Only_FBX_V1/FBX/141_06.fbx	ok	cmu	B-retarget	43	19	1	b7c0a8f92ee0fe7f
Anims_Only_FBX_V1/FBX/141_07.fbx	ok	cmu	B-retarget	43	19	1	b7c0a8f92ee0fe7f
Anims_Only_FBX_V1/FBX/141_08.fbx	ok	cmu	B-retarget	43	19	1	b7c0a8f92ee0fe7f
Anims_Only_FBX_V1/FBX/141_09.fbx	ok	cmu	B-retarget	43	19	1	b7c0a8f92ee0fe7f
Anims_Only_FBX_V1/FBX/141_10.fbx	ok	cmu	B-retarget	43	19	1	b7c0a8f92ee0fe7f
Anims_Only_FBX_V1/FBX/141_11.fbx	ok	cmu	B-retarget	43	19	1	b7c0a8f92ee0fe7f
Anims_Only_FBX_V1/FBX/141_12.fbx	ok	cmu	B-retarget	43	19	1	b7c0a8f92ee0fe7f
Anims_Only_FBX_V1/FBX/141_13.fbx	ok	cmu	B-retarget	43	19	1	b7c0a8f92ee0fe7f
Anims_Only_FBX_V1/FBX/141_14.fbx	ok	cmu	B-retarget	43	19	1	b7c0a8f92ee0fe7f
Anims_Only_FBX_V1/FBX/141_15.fbx	ok	cmu	B-retarget	43	19	1	b7c0a8f92ee0fe7f
Anims_Only_FBX_V1/FBX/141_16.fbx	ok	cmu	B-retarget	43	19	1	b7c0a8f92ee0fe7f
Anims_Only_FBX_V1/FBX/141_17.fbx	ok	cmu	B-retarget	43	19	1	b7c0a8f92ee0fe7f
Anims_Only_FBX_V1/FBX/141_18.fbx	ok	cmu	B-retarget	43	19	1	b7c0a8f92ee0fe7f
Anims_Only_FBX_V1/FBX/141_19.fbx	ok	cmu	B-retarget	43	19	1	b7c0a8f92ee0fe7f
Anims_Only_FBX_V1/FBX/141_20.fbx	ok	cmu	B-retarget	43	19	1	b7c0a8f92ee0fe7f
Anims_Only_FBX_V1/FBX/141_21.fbx	ok	cmu	B-retarget	43	19	1	b7c0a8f92ee0fe7f
Anims_Only_FBX_V1/FBX/141_22.fbx	ok	cmu	B-retarget	43	19	1	b7c0a8f92ee0fe7f
Anims_Only_FBX_V1/FBX/141_23.fbx	ok	cmu	B-retarget	43	19	1	b7c0a8f92ee0fe7f
Anims_Only_FBX_V1/FBX/141_24.fbx	ok	cmu	B-retarget	43	19	1	b7c0a8f92ee0fe7f
Anims_Only_FBX_V1/FBX/141_25.fbx	ok	cmu	B-retarget	43	19	1	b7c0a8f92ee0fe7f
Anims_Only_FBX_V1/FBX/141_26.fbx	ok	cmu	B-retarget	43	19	1	b7c0a8f92ee0fe7f
Anims_Only_FBX_V1/FBX/141_27.fbx	ok	cmu	B-retarget	43	19	1	b7c0a8f92ee0fe7f
Anims_Only_FBX_V1/FBX/141_28.fbx	ok	cmu	B-retarget	43	19	1	b7c0a8f92ee0fe7f
Anims_Only_FBX_V1/FBX/141_29.fbx	ok	cmu	B-retarget	43	19	1	b7c0a8f92ee0fe7f
Anims_Only_FBX_V1/FBX/141_30.fbx	ok	cmu	B-retarget	43	19	1	b7c0a8f92ee0fe7f
Anims_Only_FBX_V1/FBX/141_31.fbx	ok	cmu	B-retarget	43	19	1	b7c0a8f92ee0fe7f
Anims_Only_FBX_V1/FBX/141_32.fbx	ok	cmu	B-retarget	43	19	1	b7c0a8f92ee0fe7f
Anims_Only_FBX_V1/FBX/141_33.fbx	ok	cmu	B-retarget	43	19	1	b7c0a8f92ee0fe7f
Anims_Only_FBX_V1/FBX/141_34.fbx	ok	cmu	B-retarget	43	19	1	b7c0a8f92ee0fe7f
Anims_Only_FBX_V1/FBX/142_01.fbx	ok	cmu	B-retarget	43	19	1	b7c0a8f92ee0fe7f
Anims_Only_FBX_V1/FBX/142_02.fbx	ok	cmu	B-retarget	43	19	1	b7c0a8f92ee0fe7f
Anims_Only_FBX_V1/FBX/142_03.fbx	ok	cmu	B-retarget	43	19	1	b7c0a8f92ee0fe7f
Anims_Only_FBX_V1/FBX/142_04.fbx	ok	cmu	B-retarget	43	19	1	b7c0a8f92ee0fe7f
Anims_Only_FBX_V1/FBX/142_05.fbx	ok	cmu	B-retarget	43	19	1	b7c0a8f92ee0fe7f
Anims_Only_FBX_V1/FBX/142_06.fbx	ok	cmu	B-retarget	43	19	1	b7c0a8f92ee0fe7f
Anims_Only_FBX_V1/FBX/142_07.fbx	ok	cmu	B-retarget	43	19	1	b7c0a8f92ee0fe7f
Anims_Only_FBX_V1/FBX/142_08.fbx	ok	cmu	B-retarget	43	19	1	b7c0a8f92ee0fe7f
Anims_Only_FBX_V1/FBX/142_09.fbx	ok	cmu	B-retarget	43	19	1	b7c0a8f92ee0fe7f
Anims_Only_FBX_V1/FBX/142_10.fbx	ok	cmu	B-retarget	43	19	1	b7c0a8f92ee0fe7f
Anims_Only_FBX_V1/FBX/142_11.fbx	ok	cmu	B-retarget	43	19	1	b7c0a8f92ee0fe7f
Anims_Only_FBX_V1/FBX/142_12.fbx	ok	cmu	B-retarget	43	19	1	b7c0a8f92ee0fe7f
Anims_Only_FBX_V1/FBX/142_13.fbx	ok	cmu	B-retarget	43	19	1	b7c0a8f92ee0fe7f
Anims_Only_FBX_V1/FBX/142_14.fbx	ok	cmu	B-retarget	43	19	1	b7c0a8f92ee0fe7f
Anims_Only_FBX_V1/FBX/142_15.fbx	ok	cmu	B-retarget	43	19	1	b7c0a8f92ee0fe7f
Anims_Only_FBX_V1/FBX/142_16.fbx	ok	cmu	B-retarget	43	19	1	b7c0a8f92ee0fe7f
Anims_Only_FBX_V1/FBX/142_17.fbx	ok	cmu	B-retarget	43	19	1	b7c0a8f92ee0fe7f
Anims_Only_FBX_V1/FBX/142_18.fbx	ok	cmu	B-retarget	43	19	1	b7c0a8f92ee0fe7f
Anims_Only_FBX_V1/FBX/142_19.fbx	ok	cmu	B-retarget	43	19	1	b7c0a8f92ee0fe7f
Anims_Only_FBX_V1/FBX/142_20.fbx	ok	cmu	B-retarget	43	19	1	b7c0a8f92ee0fe7f
Anims_Only_FBX_V1/FBX/142_21.fbx	ok	cmu	B-retarget	43	19	1	b7c0a8f92ee0fe7f
Anims_Only_FBX_V1/FBX/142_22.fbx	ok	cmu	B-retarget	43	19	1	b7c0a8f92ee0fe7f
Anims_Only_FBX_V1/FBX/143_01.fbx	ok	cmu	B-retarget	43	19	1	b7c0a8f92ee0fe7f
Anims_Only_FBX_V1/FBX/143_02.fbx	ok	cmu	B-retarget	43	19	1	b7c0a8f92ee0fe7f
Anims_Only_FBX_V1/FBX/143_03.fbx	ok	cmu	B-retarget	43	19	1	b7c0a8f92ee0fe7f
Anims_Only_FBX_V1/FBX/143_04.fbx	ok	cmu	B-retarget	43	19	1	b7c0a8f92ee0fe7f
Anims_Only_FBX_V1/FBX/143_05.fbx	ok	cmu	B-retarget	43	19	1	b7c0a8f92ee0fe7f
Anims_Only_FBX_V1/FBX/143_06.fbx	ok	cmu	B-retarget	43	19	1	b7c0a8f92ee0fe7f
Anims_Only_FBX_V1/FBX/143_07.fbx	ok	cmu	B-retarget	43	19	1	b7c0a8f92ee0fe7f
Anims_Only_FBX_V1/FBX/143_08.fbx	ok	cmu	B-retarget	43	19	1	b7c0a8f92ee0fe7f
Anims_Only_FBX_V1/FBX/143_09.fbx	ok	cmu	B-retarget	43	19	1	b7c0a8f92ee0fe7f
Anims_Only_FBX_V1/FBX/143_10.fbx	ok	cmu	B-retarget	43	19	1	b7c0a8f92ee0fe7f
Anims_Only_FBX_V1/FBX/143_11.fbx	ok	cmu	B-retarget	43	19	1	b7c0a8f92ee0fe7f
Anims_Only_FBX_V1/FBX/143_12.fbx	ok	cmu	B-retarget	43	19	1	b7c0a8f92ee0fe7f
Anims_Only_FBX_V1/FBX/143_13.fbx	ok	cmu	B-retarget	43	19	1	b7c0a8f92ee0fe7f
Anims_Only_FBX_V1/FBX/143_14.fbx	ok	cmu	B-retarget	43	19	1	b7c0a8f92ee0fe7f
Anims_Only_FBX_V1/FBX/143_15.fbx	ok	cmu	B-retarget	43	19	1	b7c0a8f92ee0fe7f
Anims_Only_FBX_V1/FBX/143_16.fbx	ok	cmu	B-retarget	43	19	1	b7c0a8f92ee0fe7f
Anims_Only_FBX_V1/FBX/143_17.fbx	ok	cmu	B-retarget	43	19	1	b7c0a8f92ee0fe7f
Anims_Only_FBX_V1/FBX/143_18.fbx	ok	cmu	B-retarget	43	19	1	b7c0a8f92ee0fe7f
Anims_Only_FBX_V1/FBX/143_19.fbx	ok	cmu	B-retarget	43	19	1	b7c0a8f92ee0fe7f
Anims_Only_FBX_V1/FBX/143_20.fbx	ok	cmu	B-retarget	43	19	1	b7c0a8f92ee0fe7f
Anims_Only_FBX_V1/FBX/143_21.fbx	ok	cmu	B-retarget	43	19	1	b7c0a8f92ee0fe7f
Anims_Only_FBX_V1/FBX/143_22.fbx	ok	cmu	B-retarget	43	19	1	b7c0a8f92ee0fe7f
Anims_Only_FBX_V1/FBX/143_23.fbx	ok	cmu	B-retarget	43	19	1	b7c0a8f92ee0fe7f
Anims_Only_FBX_V1/FBX/143_24.fbx	ok	cmu	B-retarget	43	19	1	b7c0a8f92ee0fe7f
Anims_Only_FBX_V1/FBX/143_25.fbx	ok	cmu	B-retarget	43	19	1	b7c0a8f92ee0fe7f
Anims_Only_FBX_V1/FBX/143_26.fbx	ok	cmu	B-retarget	43	19	1	b7c0a8f92ee0fe7f
Anims_Only_FBX_V1/FBX/143_27.fbx	ok	cmu	B-retarget	43	19	1	b7c0a8f92ee0fe7f
Anims_Only_FBX_V1/FBX/143_28.fbx	ok	cmu	B-retarget	43	19	1	b7c0a8f92ee0fe7f
Anims_Only_FBX_V1/FBX/143_29.fbx	ok	cmu	B-retarget	43	19	1	b7c0a8f92ee0fe7f
Anims_Only_FBX_V1/FBX/143_30.fbx	ok	cmu	B-retarget	43	19	1	b7c0a8f92ee0fe7f
Anims_Only_FBX_V1/FBX/143_31.fbx	ok	cmu	B-retarget	43	19	1	b7c0a8f92ee0fe7f
Anims_Only_FBX_V1/FBX/143_32.fbx	ok	cmu	B-retarget	43	19	1	b7c0a8f92ee0fe7f
Anims_Only_FBX_V1/FBX/143_33.fbx	ok	cmu	B-retarget	43	19	1	b7c0a8f92ee0fe7f
Anims_Only_FBX_V1/FBX/143_34.fbx	ok	cmu	B-retarget	43	19	1	b7c0a8f92ee0fe7f
Anims_Only_FBX_V1/FBX/143_35.fbx	ok	cmu	B-retarget	43	19	1	b7c0a8f92ee0fe7f
Anims_Only_FBX_V1/FBX/143_36.fbx	ok	cmu	B-retarget	43	19	1	b7c0a8f92ee0fe7f
Anims_Only_FBX_V1/FBX/143_37.fbx	ok	cmu	B-retarget	43	19	1	b7c0a8f92ee0fe7f
Anims_Only_FBX_V1/FBX/143_38.fbx	ok	cmu	B-retarget	43	19	1	b7c0a8f92ee0fe7f
Anims_Only_FBX_V1/FBX/143_39.fbx	ok	cmu	B-retarget	43	19	1	b7c0a8f92ee0fe7f
Anims_Only_FBX_V1/FBX/143_40.fbx	ok	cmu	B-retarget	43	19	1	b7c0a8f92ee0fe7f
Anims_Only_FBX_V1/FBX/143_41.fbx	ok	cmu	B-retarget	43	19	1	b7c0a8f92ee0fe7f
Anims_Only_FBX_V1/FBX/143_42.fbx	ok	cmu	B-retarget	43	19	1	b7c0a8f92ee0fe7f
Anims_Only_FBX_V1/FBX/144_01.fbx	ok	cmu	B-retarget	43	19	1	b7c0a8f92ee0fe7f
Anims_Only_FBX_V1/FBX/144_02.fbx	ok	cmu	B-retarget	43	19	1	b7c0a8f92ee0fe7f
Anims_Only_FBX_V1/FBX/144_03.fbx	ok	cmu	B-retarget	43	19	1	b7c0a8f92ee0fe7f
Anims_Only_FBX_V1/FBX/144_04.fbx	ok	cmu	B-retarget	43	19	1	b7c0a8f92ee0fe7f
Anims_Only_FBX_V1/FBX/144_05.fbx	ok	cmu	B-retarget	43	19	1	b7c0a8f92ee0fe7f
Anims_Only_FBX_V1/FBX/144_06.fbx	ok	cmu	B-retarget	43	19	1	b7c0a8f92ee0fe7f
Anims_Only_FBX_V1/FBX/144_07.fbx	ok	cmu	B-retarget	43	19	1	b7c0a8f92ee0fe7f
Anims_Only_FBX_V1/FBX/144_08.fbx	ok	cmu	B-retarget	43	19	1	b7c0a8f92ee0fe7f
Anims_Only_FBX_V1/FBX/144_09.fbx	ok	cmu	B-retarget	43	19	1	b7c0a8f92ee0fe7f
Anims_Only_FBX_V1/FBX/144_10.fbx	ok	cmu	B-retarget	43	19	1	b7c0a8f92ee0fe7f
Anims_Only_FBX_V1/FBX/144_11.fbx	ok	cmu	B-retarget	43	19	1	b7c0a8f92ee0fe7f
Anims_Only_FBX_V1/FBX/144_12.fbx	ok	cmu	B-retarget	43	19	1	b7c0a8f92ee0fe7f
Anims_Only_FBX_V1/FBX/144_13.fbx	ok	cmu	B-retarget	43	19	1	b7c0a8f92ee0fe7f
Anims_Only_FBX_V1/FBX/144_14.fbx	ok	cmu	B-retarget	43	19	1	b7c0a8f92ee0fe7f
Anims_Only_FBX_V1/FBX/144_15.fbx	ok	cmu	B-retarget	43	19	1	b7c0a8f92ee0fe7f
Anims_Only_FBX_V1/FBX/144_16.fbx	ok	cmu	B-retarget	43	19	1	b7c0a8f92ee0fe7f
Anims_Only_FBX_V1/FBX/144_17.fbx	ok	cmu	B-retarget	43	19	1	b7c0a8f92ee0fe7f
Anims_Only_FBX_V1/FBX/144_18.fbx	ok	cmu	B-retarget	43	19	1	b7c0a8f92ee0fe7f
Anims_Only_FBX_V1/FBX/144_19.fbx	ok	cmu	B-retarget	43	19	1	b7c0a8f92ee0fe7f
Anims_Only_FBX_V1/FBX/144_20.fbx	ok	cmu	B-retarget	43	19	1	b7c0a8f92ee0fe7f
Anims_Only_FBX_V1/FBX/144_21.fbx	ok	cmu	B-retarget	43	19	1	b7c0a8f92ee0fe7f
Anims_Only_FBX_V1/FBX/144_22.fbx	ok	cmu	B-retarget	43	19	1	b7c0a8f92ee0fe7f
Anims_Only_FBX_V1/FBX/144_23.fbx	ok	cmu	B-retarget	43	19	1	b7c0a8f92ee0fe7f
Anims_Only_FBX_V1/FBX/144_24.fbx	ok	cmu	B-retarget	43	19	1	b7c0a8f92ee0fe7f
Anims_Only_FBX_V1/FBX/144_25.fbx	ok	cmu	B-retarget	43	19	1	b7c0a8f92ee0fe7f
Anims_Only_FBX_V1/FBX/144_26.fbx	ok	cmu	B-retarget	43	19	1	b7c0a8f92ee0fe7f
Anims_Only_FBX_V1/FBX/144_27.fbx	ok	cmu	B-retarget	43	19	1	b7c0a8f92ee0fe7f
Anims_Only_FBX_V1/FBX/144_28.fbx	ok	cmu	B-retarget	43	19	1	b7c0a8f92ee0fe7f
Anims_Only_FBX_V1/FBX/144_29.fbx	ok	cmu	B-retarget	43	19	1	b7c0a8f92ee0fe7f
Anims_Only_FBX_V1/FBX/144_30.fbx	ok	cmu	B-retarget	43	19	1	b7c0a8f92ee0fe7f
Anims_Only_FBX_V1/FBX/144_31.fbx	ok	cmu	B-retarget	43	19	1	b7c0a8f92ee0fe7f
Anims_Only_FBX_V1/FBX/144_32.fbx	ok	cmu	B-retarget	43	19	1	b7c0a8f92ee0fe7f
Anims_Only_FBX_V1/FBX/144_33.fbx	ok	cmu	B-retarget	43	19	1	b7c0a8f92ee0fe7f
Anims_Only_FBX_V1/FBX/144_34.fbx	ok	cmu	B-retarget	43	19	1	b7c0a8f92ee0fe7f
Anims_Only_FBX_V1/FBX/14_01.fbx	ok	cmu	B-retarget	43	19	1	b7c0a8f92ee0fe7f
Anims_Only_FBX_V1/FBX/14_02.fbx	ok	cmu	B-retarget	43	19	1	b7c0a8f92ee0fe7f
Anims_Only_FBX_V1/FBX/14_03.fbx	ok	cmu	B-retarget	43	19	1	b7c0a8f92ee0fe7f
Anims_Only_FBX_V1/FBX/14_04.fbx	ok	cmu	B-retarget	43	19	1	b7c0a8f92ee0fe7f
Anims_Only_FBX_V1/FBX/14_05.fbx	ok	cmu	B-retarget	43	19	1	b7c0a8f92ee0fe7f
Anims_Only_FBX_V1/FBX/14_06.fbx	ok	cmu	B-retarget	43	19	1	b7c0a8f92ee0fe7f
Anims_Only_FBX_V1/FBX/14_07.fbx	ok	cmu	B-retarget	43	19	1	b7c0a8f92ee0fe7f
Anims_Only_FBX_V1/FBX/14_08.fbx	ok	cmu	B-retarget	43	19	1	b7c0a8f92ee0fe7f
Anims_Only_FBX_V1/FBX/14_09.fbx	ok	cmu	B-retarget	43	19	1	b7c0a8f92ee0fe7f
Anims_Only_FBX_V1/FBX/14_10.fbx	ok	cmu	B-retarget	43	19	1	b7c0a8f92ee0fe7f
Anims_Only_FBX_V1/FBX/14_11.fbx	ok	cmu	B-retarget	43	19	1	b7c0a8f92ee0fe7f
Anims_Only_FBX_V1/FBX/14_12.fbx	ok	cmu	B-retarget	43	19	1	b7c0a8f92ee0fe7f
Anims_Only_FBX_V1/FBX/14_13.fbx	ok	cmu	B-retarget	43	19	1	b7c0a8f92ee0fe7f
Anims_Only_FBX_V1/FBX/14_14.fbx	ok	cmu	B-retarget	43	19	1	b7c0a8f92ee0fe7f
Anims_Only_FBX_V1/FBX/14_15.fbx	ok	cmu	B-retarget	43	19	1	b7c0a8f92ee0fe7f
Anims_Only_FBX_V1/FBX/14_16.fbx	ok	cmu	B-retarget	43	19	1	b7c0a8f92ee0fe7f
Anims_Only_FBX_V1/FBX/14_17.fbx	ok	cmu	B-retarget	43	19	1	b7c0a8f92ee0fe7f
Anims_Only_FBX_V1/FBX/14_18.fbx	ok	cmu	B-retarget	43	19	1	b7c0a8f92ee0fe7f
Anims_Only_FBX_V1/FBX/14_19.fbx	ok	cmu	B-retarget	43	19	1	b7c0a8f92ee0fe7f
Anims_Only_FBX_V1/FBX/14_20.fbx	ok	cmu	B-retarget	43	19	1	b7c0a8f92ee0fe7f
Anims_Only_FBX_V1/FBX/14_21.fbx	ok	cmu	B-retarget	43	19	1	b7c0a8f92ee0fe7f
Anims_Only_FBX_V1/FBX/14_22.fbx	ok	cmu	B-retarget	43	19	1	b7c0a8f92ee0fe7f
Anims_Only_FBX_V1/FBX/14_23.fbx	ok	cmu	B-retarget	43	19	1	b7c0a8f92ee0fe7f
Anims_Only_FBX_V1/FBX/14_24.fbx	ok	cmu	B-retarget	43	19	1	b7c0a8f92ee0fe7f
Anims_Only_FBX_V1/FBX/14_25.fbx	ok	cmu	B-retarget	43	19	1	b7c0a8f92ee0fe7f
Anims_Only_FBX_V1/FBX/14_26.fbx	ok	cmu	B-retarget	43	19	1	b7c0a8f92ee0fe7f
Anims_Only_FBX_V1/FBX/14_27.fbx	ok	cmu	B-retarget	43	19	1	b7c0a8f92ee0fe7f
Anims_Only_FBX_V1/FBX/14_28.fbx	ok	cmu	B-retarget	43	19	1	b7c0a8f92ee0fe7f
Anims_Only_FBX_V1/FBX/14_29.fbx	ok	cmu	B-retarget	43	19	1	b7c0a8f92ee0fe7f
Anims_Only_FBX_V1/FBX/14_30.fbx	ok	cmu	B-retarget	43	19	1	b7c0a8f92ee0fe7f
Anims_Only_FBX_V1/FBX/14_31.fbx	ok	cmu	B-retarget	43	19	1	b7c0a8f92ee0fe7f
Anims_Only_FBX_V1/FBX/14_32.fbx	ok	cmu	B-retarget	43	19	1	b7c0a8f92ee0fe7f
Anims_Only_FBX_V1/FBX/14_33.fbx	ok	cmu	B-retarget	43	19	1	b7c0a8f92ee0fe7f
Anims_Only_FBX_V1/FBX/14_34.fbx	ok	cmu	B-retarget	43	19	1	b7c0a8f92ee0fe7f
Anims_Only_FBX_V1/FBX/14_35.fbx	ok	cmu	B-retarget	43	19	1	b7c0a8f92ee0fe7f
Anims_Only_FBX_V1/FBX/14_36.fbx	ok	cmu	B-retarget	43	19	1	b7c0a8f92ee0fe7f
Anims_Only_FBX_V1/FBX/14_37.fbx	ok	cmu	B-retarget	43	19	1	b7c0a8f92ee0fe7f
Anims_Only_FBX_V1/FBX/15_01.fbx	ok	cmu	B-retarget	43	19	1	b7c0a8f92ee0fe7f
Anims_Only_FBX_V1/FBX/15_02.fbx	ok	cmu	B-retarget	43	19	1	b7c0a8f92ee0fe7f
Anims_Only_FBX_V1/FBX/15_03.fbx	ok	cmu	B-retarget	43	19	1	b7c0a8f92ee0fe7f
Anims_Only_FBX_V1/FBX/15_04.fbx	ok	cmu	B-retarget	43	19	1	b7c0a8f92ee0fe7f
Anims_Only_FBX_V1/FBX/15_05.fbx	ok	cmu	B-retarget	43	19	1	b7c0a8f92ee0fe7f
Anims_Only_FBX_V1/FBX/15_06.fbx	ok	cmu	B-retarget	43	19	1	b7c0a8f92ee0fe7f
Anims_Only_FBX_V1/FBX/15_07.fbx	ok	cmu	B-retarget	43	19	1	b7c0a8f92ee0fe7f
Anims_Only_FBX_V1/FBX/15_08.fbx	ok	cmu	B-retarget	43	19	1	b7c0a8f92ee0fe7f
Anims_Only_FBX_V1/FBX/15_09.fbx	ok	cmu	B-retarget	43	19	1	b7c0a8f92ee0fe7f
Anims_Only_FBX_V1/FBX/15_10.fbx	ok	cmu	B-retarget	43	19	1	b7c0a8f92ee0fe7f
Anims_Only_FBX_V1/FBX/15_11.fbx	ok	cmu	B-retarget	43	19	1	b7c0a8f92ee0fe7f
Anims_Only_FBX_V1/FBX/15_12.fbx	ok	cmu	B-retarget	43	19	1	b7c0a8f92ee0fe7f
Anims_Only_FBX_V1/FBX/15_13.fbx	ok	cmu	B-retarget	43	19	1	b7c0a8f92ee0fe7f
Anims_Only_FBX_V1/FBX/15_14.fbx	ok	cmu	B-retarget	43	19	1	b7c0a8f92ee0fe7f
Anims_Only_FBX_V1/FBX/16_01.fbx	ok	cmu	B-retarget	43	19	1	b7c0a8f92ee0fe7f
Anims_Only_FBX_V1/FBX/16_02.fbx	ok	cmu	B-retarget	43	19	1	b7c0a8f92ee0fe7f
Anims_Only_FBX_V1/FBX/16_03.fbx	ok	cmu	B-retarget	43	19	1	b7c0a8f92ee0fe7f
Anims_Only_FBX_V1/FBX/16_04.fbx	ok	cmu	B-retarget	43	19	1	b7c0a8f92ee0fe7f
Anims_Only_FBX_V1/FBX/16_05.fbx	ok	cmu	B-retarget	43	19	1	b7c0a8f92ee0fe7f
Anims_Only_FBX_V1/FBX/16_06.fbx	ok	cmu	B-retarget	43	19	1	b7c0a8f92ee0fe7f
Anims_Only_FBX_V1/FBX/16_07.fbx	ok	cmu	B-retarget	43	19	1	b7c0a8f92ee0fe7f
Anims_Only_FBX_V1/FBX/16_08.fbx	ok	cmu	B-retarget	43	19	1	b7c0a8f92ee0fe7f
Anims_Only_FBX_V1/FBX/16_09.fbx	ok	cmu	B-retarget	43	19	1	b7c0a8f92ee0fe7f
Anims_Only_FBX_V1/FBX/16_10.fbx	ok	cmu	B-retarget	43	19	1	b7c0a8f92ee0fe7f
Anims_Only_FBX_V1/FBX/16_11.fbx	ok	cmu	B-retarget	43	19	1	b7c0a8f92ee0fe7f
Anims_Only_FBX_V1/FBX/16_12.fbx	ok	cmu	B-retarget	43	19	1	b7c0a8f92ee0fe7f
Anims_Only_FBX_V1/FBX/16_13.fbx	ok	cmu	B-retarget	43	19	1	b7c0a8f92ee0fe7f
Anims_Only_FBX_V1/FBX/16_14.fbx	ok	cmu	B-retarget	43	19	1	b7c0a8f92ee0fe7f
Anims_Only_FBX_V1/FBX/16_15.fbx	ok	cmu	B-retarget	43	19	1	b7c0a8f92ee0fe7f
Anims_Only_FBX_V1/FBX/16_16.fbx	ok	cmu	B-retarget	43	19	1	b7c0a8f92ee0fe7f
Anims_Only_FBX_V1/FBX/16_17.fbx	ok	cmu	B-retarget	43	19	1	b7c0a8f92ee0fe7f
Anims_Only_FBX_V1/FBX/16_18.fbx	ok	cmu	B-retarget	43	19	1	b7c0a8f92ee0fe7f
Anims_Only_FBX_V1/FBX/16_19.fbx	ok	cmu	B-retarget	43	19	1	b7c0a8f92ee0fe7f
Anims_Only_FBX_V1/FBX/16_20.fbx	ok	cmu	B-retarget	43	19	1	b7c0a8f92ee0fe7f
Anims_Only_FBX_V1/FBX/16_21.fbx	ok	cmu	B-retarget	43	19	1	b7c0a8f92ee0fe7f
Anims_Only_FBX_V1/FBX/16_22.fbx	ok	cmu	B-retarget	43	19	1	b7c0a8f92ee0fe7f
Anims_Only_FBX_V1/FBX/16_23.fbx	ok	cmu	B-retarget	43	19	1	b7c0a8f92ee0fe7f
Anims_Only_FBX_V1/FBX/16_24.fbx	ok	cmu	B-retarget	43	19	1	b7c0a8f92ee0fe7f
Anims_Only_FBX_V1/FBX/16_25.fbx	ok	cmu	B-retarget	43	19	1	b7c0a8f92ee0fe7f
Anims_Only_FBX_V1/FBX/16_26.fbx	ok	cmu	B-retarget	43	19	1	b7c0a8f92ee0fe7f
Anims_Only_FBX_V1/FBX/16_27.fbx	ok	cmu	B-retarget	43	19	1	b7c0a8f92ee0fe7f
Anims_Only_FBX_V1/FBX/16_28.fbx	ok	cmu	B-retarget	43	19	1	b7c0a8f92ee0fe7f
Anims_Only_FBX_V1/FBX/16_29.fbx	ok	cmu	B-retarget	43	19	1	b7c0a8f92ee0fe7f
Anims_Only_FBX_V1/FBX/16_30.fbx	ok	cmu	B-retarget	43	19	1	b7c0a8f92ee0fe7f
Anims_Only_FBX_V1/FBX/16_31.fbx	ok	cmu	B-retarget	43	19	1	b7c0a8f92ee0fe7f
Anims_Only_FBX_V1/FBX/16_32.fbx	ok	cmu	B-retarget	43	19	1	b7c0a8f92ee0fe7f
Anims_Only_FBX_V1/FBX/16_33.fbx	ok	cmu	B-retarget	43	19	1	b7c0a8f92ee0fe7f
Anims_Only_FBX_V1/FBX/16_34.fbx	ok	cmu	B-retarget	43	19	1	b7c0a8f92ee0fe7f
Anims_Only_FBX_V1/FBX/16_35.fbx	ok	cmu	B-retarget	43	19	1	b7c0a8f92ee0fe7f
Anims_Only_FBX_V1/FBX/16_36.fbx	ok	cmu	B-retarget	43	19	1	b7c0a8f92ee0fe7f
Anims_Only_FBX_V1/FBX/16_37.fbx	ok	cmu	B-retarget	43	19	1	b7c0a8f92ee0fe7f
Anims_Only_FBX_V1/FBX/16_38.fbx	ok	cmu	B-retarget	43	19	1	b7c0a8f92ee0fe7f
Anims_Only_FBX_V1/FBX/16_39.fbx	ok	cmu	B-retarget	43	19	1	b7c0a8f92ee0fe7f
Anims_Only_FBX_V1/FBX/16_40.fbx	ok	cmu	B-retarget	43	19	1	b7c0a8f92ee0fe7f
Anims_Only_FBX_V1/FBX/16_41.fbx	ok	cmu	B-retarget	43	19	1	b7c0a8f92ee0fe7f
Anims_Only_FBX_V1/FBX/16_42.fbx	ok	cmu	B-retarget	43	19	1	b7c0a8f92ee0fe7f
Anims_Only_FBX_V1/FBX/16_43.fbx	ok	cmu	B-retarget	43	19	1	b7c0a8f92ee0fe7f
Anims_Only_FBX_V1/FBX/16_44.fbx	ok	cmu	B-retarget	43	19	1	b7c0a8f92ee0fe7f
Anims_Only_FBX_V1/FBX/16_45.fbx	ok	cmu	B-retarget	43	19	1	b7c0a8f92ee0fe7f
Anims_Only_FBX_V1/FBX/16_46.fbx	ok	cmu	B-retarget	43	19	1	b7c0a8f92ee0fe7f
Anims_Only_FBX_V1/FBX/16_47.fbx	ok	cmu	B-retarget	43	19	1	b7c0a8f92ee0fe7f
Anims_Only_FBX_V1/FBX/16_48.fbx	ok	cmu	B-retarget	43	19	1	b7c0a8f92ee0fe7f
Anims_Only_FBX_V1/FBX/16_49.fbx	ok	cmu	B-retarget	43	19	1	b7c0a8f92ee0fe7f
Anims_Only_FBX_V1/FBX/16_50.fbx	ok	cmu	B-retarget	43	19	1	b7c0a8f92ee0fe7f
Anims_Only_FBX_V1/FBX/16_51.fbx	ok	cmu	B-retarget	43	19	1	b7c0a8f92ee0fe7f
Anims_Only_FBX_V1/FBX/16_52.fbx	ok	cmu	B-retarget	43	19	1	b7c0a8f92ee0fe7f
Anims_Only_FBX_V1/FBX/16_53.fbx	ok	cmu	B-retarget	43	19	1	b7c0a8f92ee0fe7f
Anims_Only_FBX_V1/FBX/16_54.fbx	ok	cmu	B-retarget	43	19	1	b7c0a8f92ee0fe7f
Anims_Only_FBX_V1/FBX/16_55.fbx	ok	cmu	B-retarget	43	19	1	b7c0a8f92ee0fe7f
Anims_Only_FBX_V1/FBX/16_56.fbx	ok	cmu	B-retarget	43	19	1	b7c0a8f92ee0fe7f
Anims_Only_FBX_V1/FBX/16_57.fbx	ok	cmu	B-retarget	43	19	1	b7c0a8f92ee0fe7f
Anims_Only_FBX_V1/FBX/16_58.fbx	ok	cmu	B-retarget	43	19	1	b7c0a8f92ee0fe7f
Anims_Only_FBX_V1/FBX/17_01.fbx	ok	cmu	B-retarget	43	19	1	b7c0a8f92ee0fe7f
Anims_Only_FBX_V1/FBX/17_02.fbx	ok	cmu	B-retarget	43	19	1	b7c0a8f92ee0fe7f
Anims_Only_FBX_V1/FBX/17_03.fbx	ok	cmu	B-retarget	43	19	1	b7c0a8f92ee0fe7f
Anims_Only_FBX_V1/FBX/17_04.fbx	ok	cmu	B-retarget	43	19	1	b7c0a8f92ee0fe7f
Anims_Only_FBX_V1/FBX/17_05.fbx	ok	cmu	B-retarget	43	19	1	b7c0a8f92ee0fe7f
Anims_Only_FBX_V1/FBX/17_06.fbx	ok	cmu	B-retarget	43	19	1	b7c0a8f92ee0fe7f
Anims_Only_FBX_V1/FBX/17_07.fbx	ok	cmu	B-retarget	43	19	1	b7c0a8f92ee0fe7f
Anims_Only_FBX_V1/FBX/17_08.fbx	ok	cmu	B-retarget	43	19	1	b7c0a8f92ee0fe7f
Anims_Only_FBX_V1/FBX/17_09.fbx	ok	cmu	B-retarget	43	19	1	b7c0a8f92ee0fe7f
Anims_Only_FBX_V1/FBX/17_10.fbx	ok	cmu	B-retarget	43	19	1	b7c0a8f92ee0fe7f
Anims_Only_FBX_V1/FBX/18_01.fbx	ok	cmu	B-retarget	43	19	1	b7c0a8f92ee0fe7f
Anims_Only_FBX_V1/FBX/18_02.fbx	ok	cmu	B-retarget	43	19	1	b7c0a8f92ee0fe7f
Anims_Only_FBX_V1/FBX/18_03.fbx	ok	cmu	B-retarget	43	19	1	b7c0a8f92ee0fe7f
Anims_Only_FBX_V1/FBX/18_04.fbx	ok	cmu	B-retarget	43	19	1	b7c0a8f92ee0fe7f
Anims_Only_FBX_V1/FBX/18_05.fbx	ok	cmu	B-retarget	43	19	1	b7c0a8f92ee0fe7f
Anims_Only_FBX_V1/FBX/18_06.fbx	ok	cmu	B-retarget	43	19	1	b7c0a8f92ee0fe7f
Anims_Only_FBX_V1/FBX/18_07.fbx	ok	cmu	B-retarget	43	19	1	b7c0a8f92ee0fe7f
Anims_Only_FBX_V1/FBX/18_08.fbx	ok	cmu	B-retarget	43	19	1	b7c0a8f92ee0fe7f
Anims_Only_FBX_V1/FBX/18_09.fbx	ok	cmu	B-retarget	43	19	1	b7c0a8f92ee0fe7f
Anims_Only_FBX_V1/FBX/18_10.fbx	ok	cmu	B-retarget	43	19	1	b7c0a8f92ee0fe7f
Anims_Only_FBX_V1/FBX/18_11.fbx	ok	cmu	B-retarget	43	19	1	b7c0a8f92ee0fe7f
Anims_Only_FBX_V1/FBX/18_12.fbx	ok	cmu	B-retarget	43	19	1	b7c0a8f92ee0fe7f
Anims_Only_FBX_V1/FBX/18_13.fbx	ok	cmu	B-retarget	43	19	1	b7c0a8f92ee0fe7f
Anims_Only_FBX_V1/FBX/18_14.fbx	ok	cmu	B-retarget	43	19	1	b7c0a8f92ee0fe7f
Anims_Only_FBX_V1/FBX/18_15.fbx	ok	cmu	B-retarget	43	19	1	b7c0a8f92ee0fe7f
Anims_Only_FBX_V1/FBX/19_01.fbx	ok	cmu	B-retarget	43	19	1	b7c0a8f92ee0fe7f
Anims_Only_FBX_V1/FBX/19_02.fbx	ok	cmu	B-retarget	43	19	1	b7c0a8f92ee0fe7f
Anims_Only_FBX_V1/FBX/19_03.fbx	ok	cmu	B-retarget	43	19	1	b7c0a8f92ee0fe7f
Anims_Only_FBX_V1/FBX/19_04.fbx	ok	cmu	B-retarget	43	19	1	b7c0a8f92ee0fe7f
Anims_Only_FBX_V1/FBX/19_05.fbx	ok	cmu	B-retarget	43	19	1	b7c0a8f92ee0fe7f
Anims_Only_FBX_V1/FBX/19_06.fbx	ok	cmu	B-retarget	43	19	1	b7c0a8f92ee0fe7f
Anims_Only_FBX_V1/FBX/19_07.fbx	ok	cmu	B-retarget	43	19	1	b7c0a8f92ee0fe7f
Anims_Only_FBX_V1/FBX/19_08.fbx	ok	cmu	B-retarget	43	19	1	b7c0a8f92ee0fe7f
Anims_Only_FBX_V1/FBX/19_09.fbx	ok	cmu	B-retarget	43	19	1	b7c0a8f92ee0fe7f
Anims_Only_FBX_V1/FBX/19_10.fbx	ok	cmu	B-retarget	43	19	1	b7c0a8f92ee0fe7f
Anims_Only_FBX_V1/FBX/19_11.fbx	ok	cmu	B-retarget	43	19	1	b7c0a8f92ee0fe7f
Anims_Only_FBX_V1/FBX/19_12.fbx	ok	cmu	B-retarget	43	19	1	b7c0a8f92ee0fe7f
Anims_Only_FBX_V1/FBX/19_13.fbx	ok	cmu	B-retarget	43	19	1	b7c0a8f92ee0fe7f
Anims_Only_FBX_V1/FBX/19_14.fbx	ok	cmu	B-retarget	43	19	1	b7c0a8f92ee0fe7f
Anims_Only_FBX_V1/FBX/19_15.fbx	ok	cmu	B-retarget	43	19	1	b7c0a8f92ee0fe7f
Anims_Only_FBX_V1/FBX/20_01.fbx	ok	cmu	B-retarget	43	19	1	b7c0a8f92ee0fe7f
Anims_Only_FBX_V1/FBX/20_02.fbx	ok	cmu	B-retarget	43	19	1	b7c0a8f92ee0fe7f
Anims_Only_FBX_V1/FBX/20_03.fbx	ok	cmu	B-retarget	43	19	1	b7c0a8f92ee0fe7f
Anims_Only_FBX_V1/FBX/20_04.fbx	ok	cmu	B-retarget	43	19	1	b7c0a8f92ee0fe7f
Anims_Only_FBX_V1/FBX/20_05.fbx	ok	cmu	B-retarget	43	19	1	b7c0a8f92ee0fe7f
Anims_Only_FBX_V1/FBX/20_06.fbx	ok	cmu	B-retarget	43	19	1	b7c0a8f92ee0fe7f
Anims_Only_FBX_V1/FBX/20_07.fbx	ok	cmu	B-retarget	43	19	1	b7c0a8f92ee0fe7f
Anims_Only_FBX_V1/FBX/20_08.fbx	ok	cmu	B-retarget	43	19	1	b7c0a8f92ee0fe7f
Anims_Only_FBX_V1/FBX/20_09.fbx	ok	cmu	B-retarget	43	19	1	b7c0a8f92ee0fe7f
Anims_Only_FBX_V1/FBX/20_10.fbx	ok	cmu	B-retarget	43	19	1	b7c0a8f92ee0fe7f
Anims_Only_FBX_V1/FBX/20_11.fbx	ok	cmu	B-retarget	43	19	1	b7c0a8f92ee0fe7f
Anims_Only_FBX_V1/FBX/20_12.fbx	ok	cmu	B-retarget	43	19	1	b7c0a8f92ee0fe7f
Anims_Only_FBX_V1/FBX/20_13.fbx	ok	cmu	B-retarget	43	19	1	b7c0a8f92ee0fe7f
Anims_Only_FBX_V1/FBX/21_01.fbx	ok	cmu	B-retarget	43	19	1	b7c0a8f92ee0fe7f
Anims_Only_FBX_V1/FBX/21_02.fbx	ok	cmu	B-retarget	43	19	1	b7c0a8f92ee0fe7f
Anims_Only_FBX_V1/FBX/21_03.fbx	ok	cmu	B-retarget	43	19	1	b7c0a8f92ee0fe7f
Anims_Only_FBX_V1/FBX/21_04.fbx	ok	cmu	B-retarget	43	19	1	b7c0a8f92ee0fe7f
Anims_Only_FBX_V1/FBX/21_05.fbx	ok	cmu	B-retarget	43	19	1	b7c0a8f92ee0fe7f
Anims_Only_FBX_V1/FBX/21_06.fbx	ok	cmu	B-retarget	43	19	1	b7c0a8f92ee0fe7f
Anims_Only_FBX_V1/FBX/21_07.fbx	ok	cmu	B-retarget	43	19	1	b7c0a8f92ee0fe7f
Anims_Only_FBX_V1/FBX/21_08.fbx	ok	cmu	B-retarget	43	19	1	b7c0a8f92ee0fe7f
Anims_Only_FBX_V1/FBX/21_09.fbx	ok	cmu	B-retarget	43	19	1	b7c0a8f92ee0fe7f
Anims_Only_FBX_V1/FBX/21_10.fbx	ok	cmu	B-retarget	43	19	1	b7c0a8f92ee0fe7f
Anims_Only_FBX_V1/FBX/21_11.fbx	ok	cmu	B-retarget	43	19	1	b7c0a8f92ee0fe7f
Anims_Only_FBX_V1/FBX/21_12.fbx	ok	cmu	B-retarget	43	19	1	b7c0a8f92ee0fe7f
Anims_Only_FBX_V1/FBX/21_13.fbx	ok	cmu	B-retarget	43	19	1	b7c0a8f92ee0fe7f
Anims_Only_FBX_V1/FBX/22_01.fbx	ok	cmu	B-retarget	43	19	1	b7c0a8f92ee0fe7f
Anims_Only_FBX_V1/FBX/22_02.fbx	ok	cmu	B-retarget	43	19	1	b7c0a8f92ee0fe7f
Anims_Only_FBX_V1/FBX/22_03.fbx	ok	cmu	B-retarget	43	19	1	b7c0a8f92ee0fe7f
Anims_Only_FBX_V1/FBX/22_04.fbx	ok	cmu	B-retarget	43	19	1	b7c0a8f92ee0fe7f
Anims_Only_FBX_V1/FBX/22_05.fbx	ok	cmu	B-retarget	43	19	1	b7c0a8f92ee0fe7f
Anims_Only_FBX_V1/FBX/22_06.fbx	ok	cmu	B-retarget	43	19	1	b7c0a8f92ee0fe7f
Anims_Only_FBX_V1/FBX/22_07.fbx	ok	cmu	B-retarget	43	19	1	b7c0a8f92ee0fe7f
Anims_Only_FBX_V1/FBX/22_08.fbx	ok	cmu	B-retarget	43	19	1	b7c0a8f92ee0fe7f
Anims_Only_FBX_V1/FBX/22_09.fbx	ok	cmu	B-retarget	43	19	1	b7c0a8f92ee0fe7f
Anims_Only_FBX_V1/FBX/22_10.fbx	ok	cmu	B-retarget	43	19	1	b7c0a8f92ee0fe7f
Anims_Only_FBX_V1/FBX/22_11.fbx	ok	cmu	B-retarget	43	19	1	b7c0a8f92ee0fe7f
Anims_Only_FBX_V1/FBX/22_12.fbx	ok	cmu	B-retarget	43	19	1	b7c0a8f92ee0fe7f
Anims_Only_FBX_V1/FBX/22_13.fbx	ok	cmu	B-retarget	43	19	1	b7c0a8f92ee0fe7f
Anims_Only_FBX_V1/FBX/22_14.fbx	ok	cmu	B-retarget	43	19	1	b7c0a8f92ee0fe7f
Anims_Only_FBX_V1/FBX/22_15.fbx	ok	cmu	B-retarget	43	19	1	b7c0a8f92ee0fe7f
Anims_Only_FBX_V1/FBX/22_16.fbx	ok	cmu	B-retarget	43	19	1	b7c0a8f92ee0fe7f
Anims_Only_FBX_V1/FBX/22_17.fbx	ok	cmu	B-retarget	43	19	1	b7c0a8f92ee0fe7f
Anims_Only_FBX_V1/FBX/22_18.fbx	ok	cmu	B-retarget	43	19	1	b7c0a8f92ee0fe7f
Anims_Only_FBX_V1/FBX/22_19.fbx	ok	cmu	B-retarget	43	19	1	b7c0a8f92ee0fe7f
Anims_Only_FBX_V1/FBX/22_20.fbx	ok	cmu	B-retarget	43	19	1	b7c0a8f92ee0fe7f
Anims_Only_FBX_V1/FBX/22_21.fbx	ok	cmu	B-retarget	43	19	1	b7c0a8f92ee0fe7f
Anims_Only_FBX_V1/FBX/22_22.fbx	ok	cmu	B-retarget	43	19	1	b7c0a8f92ee0fe7f
Anims_Only_FBX_V1/FBX/22_23.fbx	ok	cmu	B-retarget	43	19	1	b7c0a8f92ee0fe7f
Anims_Only_FBX_V1/FBX/22_24.fbx	ok	cmu	B-retarget	43	19	1	b7c0a8f92ee0fe7f
Anims_Only_FBX_V1/FBX/22_25.fbx	ok	cmu	B-retarget	43	19	1	b7c0a8f92ee0fe7f
Anims_Only_FBX_V1/FBX/23_01.fbx	ok	cmu	B-retarget	43	19	1	b7c0a8f92ee0fe7f
Anims_Only_FBX_V1/FBX/23_02.fbx	ok	cmu	B-retarget	43	19	1	b7c0a8f92ee0fe7f
Anims_Only_FBX_V1/FBX/23_03.fbx	ok	cmu	B-retarget	43	19	1	b7c0a8f92ee0fe7f
Anims_Only_FBX_V1/FBX/23_04.fbx	ok	cmu	B-retarget	43	19	1	b7c0a8f92ee0fe7f
Anims_Only_FBX_V1/FBX/23_05.fbx	ok	cmu	B-retarget	43	19	1	b7c0a8f92ee0fe7f
Anims_Only_FBX_V1/FBX/23_06.fbx	ok	cmu	B-retarget	43	19	1	b7c0a8f92ee0fe7f
Anims_Only_FBX_V1/FBX/23_07.fbx	ok	cmu	B-retarget	43	19	1	b7c0a8f92ee0fe7f
Anims_Only_FBX_V1/FBX/23_08.fbx	ok	cmu	B-retarget	43	19	1	b7c0a8f92ee0fe7f
Anims_Only_FBX_V1/FBX/23_09.fbx	ok	cmu	B-retarget	43	19	1	b7c0a8f92ee0fe7f
Anims_Only_FBX_V1/FBX/23_10.fbx	ok	cmu	B-retarget	43	19	1	b7c0a8f92ee0fe7f
Anims_Only_FBX_V1/FBX/23_11.fbx	ok	cmu	B-retarget	43	19	1	b7c0a8f92ee0fe7f
Anims_Only_FBX_V1/FBX/23_12.fbx	ok	cmu	B-retarget	43	19	1	b7c0a8f92ee0fe7f
Anims_Only_FBX_V1/FBX/23_13.fbx	ok	cmu	B-retarget	43	19	1	b7c0a8f92ee0fe7f
Anims_Only_FBX_V1/FBX/23_14.fbx	ok	cmu	B-retarget	43	19	1	b7c0a8f92ee0fe7f
Anims_Only_FBX_V1/FBX/23_15.fbx	ok	cmu	B-retarget	43	19	1	b7c0a8f92ee0fe7f
Anims_Only_FBX_V1/FBX/23_16.fbx	ok	cmu	B-retarget	43	19	1	b7c0a8f92ee0fe7f
Anims_Only_FBX_V1/FBX/23_17.fbx	ok	cmu	B-retarget	43	19	1	b7c0a8f92ee0fe7f
Anims_Only_FBX_V1/FBX/23_18.fbx	ok	cmu	B-retarget	43	19	1	b7c0a8f92ee0fe7f
Anims_Only_FBX_V1/FBX/23_19.fbx	ok	cmu	B-retarget	43	19	1	b7c0a8f92ee0fe7f
Anims_Only_FBX_V1/FBX/23_20.fbx	ok	cmu	B-retarget	43	19	1	b7c0a8f92ee0fe7f
Anims_Only_FBX_V1/FBX/23_21.fbx	ok	cmu	B-retarget	43	19	1	b7c0a8f92ee0fe7f
Anims_Only_FBX_V1/FBX/23_22.fbx	ok	cmu	B-retarget	43	19	1	b7c0a8f92ee0fe7f
Anims_Only_FBX_V1/FBX/23_23.fbx	ok	cmu	B-retarget	43	19	1	b7c0a8f92ee0fe7f
Anims_Only_FBX_V1/FBX/23_24.fbx	ok	cmu	B-retarget	43	19	1	b7c0a8f92ee0fe7f
Anims_Only_FBX_V1/FBX/23_25.fbx	ok	cmu	B-retarget	43	19	1	b7c0a8f92ee0fe7f
Anims_Only_FBX_V1/FBX/24_01.fbx	ok	cmu	B-retarget	43	19	1	b7c0a8f92ee0fe7f
Anims_Only_FBX_V1/FBX/25_01.fbx	ok	cmu	B-retarget	43	19	1	b7c0a8f92ee0fe7f
Anims_Only_FBX_V1/FBX/26_01.fbx	ok	cmu	B-retarget	43	19	1	b7c0a8f92ee0fe7f
Anims_Only_FBX_V1/FBX/26_02.fbx	ok	cmu	B-retarget	43	19	1	b7c0a8f92ee0fe7f
Anims_Only_FBX_V1/FBX/26_03.fbx	ok	cmu	B-retarget	43	19	1	b7c0a8f92ee0fe7f
Anims_Only_FBX_V1/FBX/26_04.fbx	ok	cmu	B-retarget	43	19	1	b7c0a8f92ee0fe7f
Anims_Only_FBX_V1/FBX/26_05.fbx	ok	cmu	B-retarget	43	19	1	b7c0a8f92ee0fe7f
Anims_Only_FBX_V1/FBX/26_06.fbx	ok	cmu	B-retarget	43	19	1	b7c0a8f92ee0fe7f
Anims_Only_FBX_V1/FBX/26_07.fbx	ok	cmu	B-retarget	43	19	1	b7c0a8f92ee0fe7f
Anims_Only_FBX_V1/FBX/26_08.fbx	ok	cmu	B-retarget	43	19	1	b7c0a8f92ee0fe7f
Anims_Only_FBX_V1/FBX/26_09.fbx	ok	cmu	B-retarget	43	19	1	b7c0a8f92ee0fe7f
Anims_Only_FBX_V1/FBX/26_10.fbx	ok	cmu	B-retarget	43	19	1	b7c0a8f92ee0fe7f
Anims_Only_FBX_V1/FBX/26_11.fbx	ok	cmu	B-retarget	43	19	1	b7c0a8f92ee0fe7f
Anims_Only_FBX_V1/FBX/27_01.fbx	ok	cmu	B-retarget	43	19	1	b7c0a8f92ee0fe7f
Anims_Only_FBX_V1/FBX/27_02.fbx	ok	cmu	B-retarget	43	19	1	b7c0a8f92ee0fe7f
Anims_Only_FBX_V1/FBX/27_03.fbx	ok	cmu	B-retarget	43	19	1	b7c0a8f92ee0fe7f
Anims_Only_FBX_V1/FBX/27_04.fbx	ok	cmu	B-retarget	43	19	1	b7c0a8f92ee0fe7f
Anims_Only_FBX_V1/FBX/27_05.fbx	ok	cmu	B-retarget	43	19	1	b7c0a8f92ee0fe7f
Anims_Only_FBX_V1/FBX/27_06.fbx	ok	cmu	B-retarget	43	19	1	b7c0a8f92ee0fe7f
Anims_Only_FBX_V1/FBX/27_07.fbx	ok	cmu	B-retarget	43	19	1	b7c0a8f92ee0fe7f
Anims_Only_FBX_V1/FBX/27_08.fbx	ok	cmu	B-retarget	43	19	1	b7c0a8f92ee0fe7f
Anims_Only_FBX_V1/FBX/27_09.fbx	ok	cmu	B-retarget	43	19	1	b7c0a8f92ee0fe7f
Anims_Only_FBX_V1/FBX/27_10.fbx	ok	cmu	B-retarget	43	19	1	b7c0a8f92ee0fe7f
Anims_Only_FBX_V1/FBX/27_11.fbx	ok	cmu	B-retarget	43	19	1	b7c0a8f92ee0fe7f
Anims_Only_FBX_V1/FBX/28_01.fbx	ok	cmu	B-retarget	43	19	1	b7c0a8f92ee0fe7f
Anims_Only_FBX_V1/FBX/28_02.fbx	ok	cmu	B-retarget	43	19	1	b7c0a8f92ee0fe7f
Anims_Only_FBX_V1/FBX/28_03.fbx	ok	cmu	B-retarget	43	19	1	b7c0a8f92ee0fe7f
Anims_Only_FBX_V1/FBX/28_04.fbx	ok	cmu	B-retarget	43	19	1	b7c0a8f92ee0fe7f
Anims_Only_FBX_V1/FBX/28_05.fbx	ok	cmu	B-retarget	43	19	1	b7c0a8f92ee0fe7f
Anims_Only_FBX_V1/FBX/28_06.fbx	ok	cmu	B-retarget	43	19	1	b7c0a8f92ee0fe7f
Anims_Only_FBX_V1/FBX/28_07.fbx	ok	cmu	B-retarget	43	19	1	b7c0a8f92ee0fe7f
Anims_Only_FBX_V1/FBX/28_08.fbx	ok	cmu	B-retarget	43	19	1	b7c0a8f92ee0fe7f
Anims_Only_FBX_V1/FBX/28_09.fbx	ok	cmu	B-retarget	43	19	1	b7c0a8f92ee0fe7f
Anims_Only_FBX_V1/FBX/28_10.fbx	ok	cmu	B-retarget	43	19	1	b7c0a8f92ee0fe7f
Anims_Only_FBX_V1/FBX/28_11.fbx	ok	cmu	B-retarget	43	19	1	b7c0a8f92ee0fe7f
Anims_Only_FBX_V1/FBX/28_12.fbx	ok	cmu	B-retarget	43	19	1	b7c0a8f92ee0fe7f
Anims_Only_FBX_V1/FBX/28_13.fbx	ok	cmu	B-retarget	43	19	1	b7c0a8f92ee0fe7f
Anims_Only_FBX_V1/FBX/28_14.fbx	ok	cmu	B-retarget	43	19	1	b7c0a8f92ee0fe7f
Anims_Only_FBX_V1/FBX/28_15.fbx	ok	cmu	B-retarget	43	19	1	b7c0a8f92ee0fe7f
Anims_Only_FBX_V1/FBX/28_16.fbx	ok	cmu	B-retarget	43	19	1	b7c0a8f92ee0fe7f
Anims_Only_FBX_V1/FBX/28_17.fbx	ok	cmu	B-retarget	43	19	1	b7c0a8f92ee0fe7f
Anims_Only_FBX_V1/FBX/28_18.fbx	ok	cmu	B-retarget	43	19	1	b7c0a8f92ee0fe7f
Anims_Only_FBX_V1/FBX/28_19.fbx	ok	cmu	B-retarget	43	19	1	b7c0a8f92ee0fe7f
Anims_Only_FBX_V1/FBX/29_01.fbx	ok	cmu	B-retarget	43	19	1	b7c0a8f92ee0fe7f
Anims_Only_FBX_V1/FBX/29_02.fbx	ok	cmu	B-retarget	43	19	1	b7c0a8f92ee0fe7f
Anims_Only_FBX_V1/FBX/29_03.fbx	ok	cmu	B-retarget	43	19	1	b7c0a8f92ee0fe7f
Anims_Only_FBX_V1/FBX/29_04.fbx	ok	cmu	B-retarget	43	19	1	b7c0a8f92ee0fe7f
Anims_Only_FBX_V1/FBX/29_05.fbx	ok	cmu	B-retarget	43	19	1	b7c0a8f92ee0fe7f
Anims_Only_FBX_V1/FBX/29_06.fbx	ok	cmu	B-retarget	43	19	1	b7c0a8f92ee0fe7f
Anims_Only_FBX_V1/FBX/29_07.fbx	ok	cmu	B-retarget	43	19	1	b7c0a8f92ee0fe7f
Anims_Only_FBX_V1/FBX/29_08.fbx	ok	cmu	B-retarget	43	19	1	b7c0a8f92ee0fe7f
Anims_Only_FBX_V1/FBX/29_09.fbx	ok	cmu	B-retarget	43	19	1	b7c0a8f92ee0fe7f
Anims_Only_FBX_V1/FBX/29_10.fbx	ok	cmu	B-retarget	43	19	1	b7c0a8f92ee0fe7f
Anims_Only_FBX_V1/FBX/29_11.fbx	ok	cmu	B-retarget	43	19	1	b7c0a8f92ee0fe7f
Anims_Only_FBX_V1/FBX/29_12.fbx	ok	cmu	B-retarget	43	19	1	b7c0a8f92ee0fe7f
Anims_Only_FBX_V1/FBX/29_13.fbx	ok	cmu	B-retarget	43	19	1	b7c0a8f92ee0fe7f
Anims_Only_FBX_V1/FBX/29_14.fbx	ok	cmu	B-retarget	43	19	1	b7c0a8f92ee0fe7f
Anims_Only_FBX_V1/FBX/29_15.fbx	ok	cmu	B-retarget	43	19	1	b7c0a8f92ee0fe7f
Anims_Only_FBX_V1/FBX/29_16.fbx	ok	cmu	B-retarget	43	19	1	b7c0a8f92ee0fe7f
Anims_Only_FBX_V1/FBX/29_17.fbx	ok	cmu	B-retarget	43	19	1	b7c0a8f92ee0fe7f
Anims_Only_FBX_V1/FBX/29_18.fbx	ok	cmu	B-retarget	43	19	1	b7c0a8f92ee0fe7f
Anims_Only_FBX_V1/FBX/29_19.fbx	ok	cmu	B-retarget	43	19	1	b7c0a8f92ee0fe7f
Anims_Only_FBX_V1/FBX/29_20.fbx	ok	cmu	B-retarget	43	19	1	b7c0a8f92ee0fe7f
Anims_Only_FBX_V1/FBX/29_21.fbx	ok	cmu	B-retarget	43	19	1	b7c0a8f92ee0fe7f
Anims_Only_FBX_V1/FBX/29_22.fbx	ok	cmu	B-retarget	43	19	1	b7c0a8f92ee0fe7f
Anims_Only_FBX_V1/FBX/29_23.fbx	ok	cmu	B-retarget	43	19	1	b7c0a8f92ee0fe7f
Anims_Only_FBX_V1/FBX/29_24.fbx	ok	cmu	B-retarget	43	19	1	b7c0a8f92ee0fe7f
Anims_Only_FBX_V1/FBX/29_25.fbx	ok	cmu	B-retarget	43	19	1	b7c0a8f92ee0fe7f
Anims_Only_FBX_V1/FBX/30_01.fbx	ok	cmu	B-retarget	43	19	1	b7c0a8f92ee0fe7f
Anims_Only_FBX_V1/FBX/30_02.fbx	ok	cmu	B-retarget	43	19	1	b7c0a8f92ee0fe7f
Anims_Only_FBX_V1/FBX/30_03.fbx	ok	cmu	B-retarget	43	19	1	b7c0a8f92ee0fe7f
Anims_Only_FBX_V1/FBX/30_04.fbx	ok	cmu	B-retarget	43	19	1	b7c0a8f92ee0fe7f
Anims_Only_FBX_V1/FBX/30_05.fbx	ok	cmu	B-retarget	43	19	1	b7c0a8f92ee0fe7f
Anims_Only_FBX_V1/FBX/30_06.fbx	ok	cmu	B-retarget	43	19	1	b7c0a8f92ee0fe7f
Anims_Only_FBX_V1/FBX/30_07.fbx	ok	cmu	B-retarget	43	19	1	b7c0a8f92ee0fe7f
Anims_Only_FBX_V1/FBX/30_08.fbx	ok	cmu	B-retarget	43	19	1	b7c0a8f92ee0fe7f
Anims_Only_FBX_V1/FBX/30_09.fbx	ok	cmu	B-retarget	43	19	1	b7c0a8f92ee0fe7f
Anims_Only_FBX_V1/FBX/30_10.fbx	ok	cmu	B-retarget	43	19	1	b7c0a8f92ee0fe7f
Anims_Only_FBX_V1/FBX/30_11.fbx	ok	cmu	B-retarget	43	19	1	b7c0a8f92ee0fe7f
Anims_Only_FBX_V1/FBX/30_12.fbx	ok	cmu	B-retarget	43	19	1	b7c0a8f92ee0fe7f
Anims_Only_FBX_V1/FBX/30_13.fbx	ok	cmu	B-retarget	43	19	1	b7c0a8f92ee0fe7f
Anims_Only_FBX_V1/FBX/30_14.fbx	ok	cmu	B-retarget	43	19	1	b7c0a8f92ee0fe7f
Anims_Only_FBX_V1/FBX/30_15.fbx	ok	cmu	B-retarget	43	19	1	b7c0a8f92ee0fe7f
Anims_Only_FBX_V1/FBX/30_16.fbx	ok	cmu	B-retarget	43	19	1	b7c0a8f92ee0fe7f
Anims_Only_FBX_V1/FBX/30_17.fbx	ok	cmu	B-retarget	43	19	1	b7c0a8f92ee0fe7f
Anims_Only_FBX_V1/FBX/30_18.fbx	ok	cmu	B-retarget	43	19	1	b7c0a8f92ee0fe7f
Anims_Only_FBX_V1/FBX/30_19.fbx	ok	cmu	B-retarget	43	19	1	b7c0a8f92ee0fe7f
Anims_Only_FBX_V1/FBX/30_20.fbx	ok	cmu	B-retarget	43	19	1	b7c0a8f92ee0fe7f
Anims_Only_FBX_V1/FBX/30_21.fbx	ok	cmu	B-retarget	43	19	1	b7c0a8f92ee0fe7f
Anims_Only_FBX_V1/FBX/30_22.fbx	ok	cmu	B-retarget	43	19	1	b7c0a8f92ee0fe7f
Anims_Only_FBX_V1/FBX/30_23.fbx	ok	cmu	B-retarget	43	19	1	b7c0a8f92ee0fe7f
Anims_Only_FBX_V1/FBX/31_01.fbx	ok	cmu	B-retarget	43	19	1	b7c0a8f92ee0fe7f
Anims_Only_FBX_V1/FBX/31_02.fbx	ok	cmu	B-retarget	43	19	1	b7c0a8f92ee0fe7f
Anims_Only_FBX_V1/FBX/31_03.fbx	ok	cmu	B-retarget	43	19	1	b7c0a8f92ee0fe7f
Anims_Only_FBX_V1/FBX/31_04.fbx	ok	cmu	B-retarget	43	19	1	b7c0a8f92ee0fe7f
Anims_Only_FBX_V1/FBX/31_05.fbx	ok	cmu	B-retarget	43	19	1	b7c0a8f92ee0fe7f
Anims_Only_FBX_V1/FBX/31_06.fbx	ok	cmu	B-retarget	43	19	1	b7c0a8f92ee0fe7f
Anims_Only_FBX_V1/FBX/31_07.fbx	ok	cmu	B-retarget	43	19	1	b7c0a8f92ee0fe7f
Anims_Only_FBX_V1/FBX/31_08.fbx	ok	cmu	B-retarget	43	19	1	b7c0a8f92ee0fe7f
Anims_Only_FBX_V1/FBX/31_09.fbx	ok	cmu	B-retarget	43	19	1	b7c0a8f92ee0fe7f
Anims_Only_FBX_V1/FBX/31_10.fbx	ok	cmu	B-retarget	43	19	1	b7c0a8f92ee0fe7f
Anims_Only_FBX_V1/FBX/31_11.fbx	ok	cmu	B-retarget	43	19	1	b7c0a8f92ee0fe7f
Anims_Only_FBX_V1/FBX/31_12.fbx	ok	cmu	B-retarget	43	19	1	b7c0a8f92ee0fe7f
Anims_Only_FBX_V1/FBX/31_13.fbx	ok	cmu	B-retarget	43	19	1	b7c0a8f92ee0fe7f
Anims_Only_FBX_V1/FBX/31_14.fbx	ok	cmu	B-retarget	43	19	1	b7c0a8f92ee0fe7f
Anims_Only_FBX_V1/FBX/31_15.fbx	ok	cmu	B-retarget	43	19	1	b7c0a8f92ee0fe7f
Anims_Only_FBX_V1/FBX/31_16.fbx	ok	cmu	B-retarget	43	19	1	b7c0a8f92ee0fe7f
Anims_Only_FBX_V1/FBX/31_17.fbx	ok	cmu	B-retarget	43	19	1	b7c0a8f92ee0fe7f
Anims_Only_FBX_V1/FBX/31_18.fbx	ok	cmu	B-retarget	43	19	1	b7c0a8f92ee0fe7f
Anims_Only_FBX_V1/FBX/31_19.fbx	ok	cmu	B-retarget	43	19	1	b7c0a8f92ee0fe7f
Anims_Only_FBX_V1/FBX/31_20.fbx	ok	cmu	B-retarget	43	19	1	b7c0a8f92ee0fe7f
Anims_Only_FBX_V1/FBX/31_21.fbx	ok	cmu	B-retarget	43	19	1	b7c0a8f92ee0fe7f
Anims_Only_FBX_V1/FBX/32_01.fbx	ok	cmu	B-retarget	43	19	1	b7c0a8f92ee0fe7f
Anims_Only_FBX_V1/FBX/32_02.fbx	ok	cmu	B-retarget	43	19	1	b7c0a8f92ee0fe7f
Anims_Only_FBX_V1/FBX/32_03.fbx	ok	cmu	B-retarget	43	19	1	b7c0a8f92ee0fe7f
Anims_Only_FBX_V1/FBX/32_04.fbx	ok	cmu	B-retarget	43	19	1	b7c0a8f92ee0fe7f
Anims_Only_FBX_V1/FBX/32_05.fbx	ok	cmu	B-retarget	43	19	1	b7c0a8f92ee0fe7f
Anims_Only_FBX_V1/FBX/32_06.fbx	ok	cmu	B-retarget	43	19	1	b7c0a8f92ee0fe7f
Anims_Only_FBX_V1/FBX/32_07.fbx	ok	cmu	B-retarget	43	19	1	b7c0a8f92ee0fe7f
Anims_Only_FBX_V1/FBX/32_08.fbx	ok	cmu	B-retarget	43	19	1	b7c0a8f92ee0fe7f
Anims_Only_FBX_V1/FBX/32_09.fbx	ok	cmu	B-retarget	43	19	1	b7c0a8f92ee0fe7f
Anims_Only_FBX_V1/FBX/32_10.fbx	ok	cmu	B-retarget	43	19	1	b7c0a8f92ee0fe7f
Anims_Only_FBX_V1/FBX/32_11.fbx	ok	cmu	B-retarget	43	19	1	b7c0a8f92ee0fe7f
Anims_Only_FBX_V1/FBX/32_12.fbx	ok	cmu	B-retarget	43	19	1	b7c0a8f92ee0fe7f
Anims_Only_FBX_V1/FBX/32_13.fbx	ok	cmu	B-retarget	43	19	1	b7c0a8f92ee0fe7f
Anims_Only_FBX_V1/FBX/32_14.fbx	ok	cmu	B-retarget	43	19	1	b7c0a8f92ee0fe7f
Anims_Only_FBX_V1/FBX/32_15.fbx	ok	cmu	B-retarget	43	19	1	b7c0a8f92ee0fe7f
Anims_Only_FBX_V1/FBX/32_16.fbx	ok	cmu	B-retarget	43	19	1	b7c0a8f92ee0fe7f
Anims_Only_FBX_V1/FBX/32_17.fbx	ok	cmu	B-retarget	43	19	1	b7c0a8f92ee0fe7f
Anims_Only_FBX_V1/FBX/32_18.fbx	ok	cmu	B-retarget	43	19	1	b7c0a8f92ee0fe7f
Anims_Only_FBX_V1/FBX/32_19.fbx	ok	cmu	B-retarget	43	19	1	b7c0a8f92ee0fe7f
Anims_Only_FBX_V1/FBX/32_20.fbx	ok	cmu	B-retarget	43	19	1	b7c0a8f92ee0fe7f
Anims_Only_FBX_V1/FBX/32_21.fbx	ok	cmu	B-retarget	43	19	1	b7c0a8f92ee0fe7f
Anims_Only_FBX_V1/FBX/32_22.fbx	ok	cmu	B-retarget	43	19	1	b7c0a8f92ee0fe7f
Anims_Only_FBX_V1/FBX/33_01.fbx	ok	cmu	B-retarget	43	19	1	b7c0a8f92ee0fe7f
Anims_Only_FBX_V1/FBX/33_02.fbx	ok	cmu	B-retarget	43	19	1	b7c0a8f92ee0fe7f
Anims_Only_FBX_V1/FBX/34_01.fbx	ok	cmu	B-retarget	43	19	1	b7c0a8f92ee0fe7f
Anims_Only_FBX_V1/FBX/34_02.fbx	ok	cmu	B-retarget	43	19	1	b7c0a8f92ee0fe7f
Anims_Only_FBX_V1/FBX/35_01.fbx	ok	cmu	B-retarget	43	19	1	b7c0a8f92ee0fe7f
Anims_Only_FBX_V1/FBX/35_02.fbx	ok	cmu	B-retarget	43	19	1	b7c0a8f92ee0fe7f
Anims_Only_FBX_V1/FBX/35_03.fbx	ok	cmu	B-retarget	43	19	1	b7c0a8f92ee0fe7f
Anims_Only_FBX_V1/FBX/35_04.fbx	ok	cmu	B-retarget	43	19	1	b7c0a8f92ee0fe7f
Anims_Only_FBX_V1/FBX/35_05.fbx	ok	cmu	B-retarget	43	19	1	b7c0a8f92ee0fe7f
Anims_Only_FBX_V1/FBX/35_06.fbx	ok	cmu	B-retarget	43	19	1	b7c0a8f92ee0fe7f
Anims_Only_FBX_V1/FBX/35_07.fbx	ok	cmu	B-retarget	43	19	1	b7c0a8f92ee0fe7f
Anims_Only_FBX_V1/FBX/35_08.fbx	ok	cmu	B-retarget	43	19	1	b7c0a8f92ee0fe7f
Anims_Only_FBX_V1/FBX/35_09.fbx	ok	cmu	B-retarget	43	19	1	b7c0a8f92ee0fe7f
Anims_Only_FBX_V1/FBX/35_10.fbx	ok	cmu	B-retarget	43	19	1	b7c0a8f92ee0fe7f
Anims_Only_FBX_V1/FBX/35_11.fbx	ok	cmu	B-retarget	43	19	1	b7c0a8f92ee0fe7f
Anims_Only_FBX_V1/FBX/35_12.fbx	ok	cmu	B-retarget	43	19	1	b7c0a8f92ee0fe7f
Anims_Only_FBX_V1/FBX/35_13.fbx	ok	cmu	B-retarget	43	19	1	b7c0a8f92ee0fe7f
Anims_Only_FBX_V1/FBX/35_14.fbx	ok	cmu	B-retarget	43	19	1	b7c0a8f92ee0fe7f
Anims_Only_FBX_V1/FBX/35_15.fbx	ok	cmu	B-retarget	43	19	1	b7c0a8f92ee0fe7f
Anims_Only_FBX_V1/FBX/35_16.fbx	ok	cmu	B-retarget	43	19	1	b7c0a8f92ee0fe7f
Anims_Only_FBX_V1/FBX/35_17.fbx	ok	cmu	B-retarget	43	19	1	b7c0a8f92ee0fe7f
Anims_Only_FBX_V1/FBX/35_18.fbx	ok	cmu	B-retarget	43	19	1	b7c0a8f92ee0fe7f
Anims_Only_FBX_V1/FBX/35_19.fbx	ok	cmu	B-retarget	43	19	1	b7c0a8f92ee0fe7f
Anims_Only_FBX_V1/FBX/35_20.fbx	ok	cmu	B-retarget	43	19	1	b7c0a8f92ee0fe7f
Anims_Only_FBX_V1/FBX/35_21.fbx	ok	cmu	B-retarget	43	19	1	b7c0a8f92ee0fe7f
Anims_Only_FBX_V1/FBX/35_22.fbx	ok	cmu	B-retarget	43	19	1	b7c0a8f92ee0fe7f
Anims_Only_FBX_V1/FBX/35_23.fbx	ok	cmu	B-retarget	43	19	1	b7c0a8f92ee0fe7f
Anims_Only_FBX_V1/FBX/35_24.fbx	ok	cmu	B-retarget	43	19	1	b7c0a8f92ee0fe7f
Anims_Only_FBX_V1/FBX/35_25.fbx	ok	cmu	B-retarget	43	19	1	b7c0a8f92ee0fe7f
Anims_Only_FBX_V1/FBX/35_26.fbx	ok	cmu	B-retarget	43	19	1	b7c0a8f92ee0fe7f
Anims_Only_FBX_V1/FBX/35_27.fbx	ok	cmu	B-retarget	43	19	1	b7c0a8f92ee0fe7f
Anims_Only_FBX_V1/FBX/35_28.fbx	ok	cmu	B-retarget	43	19	1	b7c0a8f92ee0fe7f
Anims_Only_FBX_V1/FBX/35_29.fbx	ok	cmu	B-retarget	43	19	1	b7c0a8f92ee0fe7f
Anims_Only_FBX_V1/FBX/35_30.fbx	ok	cmu	B-retarget	43	19	1	b7c0a8f92ee0fe7f
Anims_Only_FBX_V1/FBX/35_31.fbx	ok	cmu	B-retarget	43	19	1	b7c0a8f92ee0fe7f
Anims_Only_FBX_V1/FBX/35_32.fbx	ok	cmu	B-retarget	43	19	1	b7c0a8f92ee0fe7f
Anims_Only_FBX_V1/FBX/35_33.fbx	ok	cmu	B-retarget	43	19	1	b7c0a8f92ee0fe7f
Anims_Only_FBX_V1/FBX/35_34.fbx	ok	cmu	B-retarget	43	19	1	b7c0a8f92ee0fe7f
Anims_Only_FBX_V1/FBX/36_01.fbx	ok	cmu	B-retarget	43	19	1	b7c0a8f92ee0fe7f
Anims_Only_FBX_V1/FBX/36_02.fbx	ok	cmu	B-retarget	43	19	1	b7c0a8f92ee0fe7f
Anims_Only_FBX_V1/FBX/36_03.fbx	ok	cmu	B-retarget	43	19	1	b7c0a8f92ee0fe7f
Anims_Only_FBX_V1/FBX/36_04.fbx	ok	cmu	B-retarget	43	19	1	b7c0a8f92ee0fe7f
Anims_Only_FBX_V1/FBX/36_05.fbx	ok	cmu	B-retarget	43	19	1	b7c0a8f92ee0fe7f
Anims_Only_FBX_V1/FBX/36_06.fbx	ok	cmu	B-retarget	43	19	1	b7c0a8f92ee0fe7f
Anims_Only_FBX_V1/FBX/36_07.fbx	ok	cmu	B-retarget	43	19	1	b7c0a8f92ee0fe7f
Anims_Only_FBX_V1/FBX/36_08.fbx	ok	cmu	B-retarget	43	19	1	b7c0a8f92ee0fe7f
Anims_Only_FBX_V1/FBX/36_09.fbx	ok	cmu	B-retarget	43	19	1	b7c0a8f92ee0fe7f
Anims_Only_FBX_V1/FBX/36_10.fbx	ok	cmu	B-retarget	43	19	1	b7c0a8f92ee0fe7f
Anims_Only_FBX_V1/FBX/36_11.fbx	ok	cmu	B-retarget	43	19	1	b7c0a8f92ee0fe7f
Anims_Only_FBX_V1/FBX/36_12.fbx	ok	cmu	B-retarget	43	19	1	b7c0a8f92ee0fe7f
Anims_Only_FBX_V1/FBX/36_13.fbx	ok	cmu	B-retarget	43	19	1	b7c0a8f92ee0fe7f
Anims_Only_FBX_V1/FBX/36_14.fbx	ok	cmu	B-retarget	43	19	1	b7c0a8f92ee0fe7f
Anims_Only_FBX_V1/FBX/36_15.fbx	ok	cmu	B-retarget	43	19	1	b7c0a8f92ee0fe7f
Anims_Only_FBX_V1/FBX/36_16.fbx	ok	cmu	B-retarget	43	19	1	b7c0a8f92ee0fe7f
Anims_Only_FBX_V1/FBX/36_17.fbx	ok	cmu	B-retarget	43	19	1	b7c0a8f92ee0fe7f
Anims_Only_FBX_V1/FBX/36_18.fbx	ok	cmu	B-retarget	43	19	1	b7c0a8f92ee0fe7f
Anims_Only_FBX_V1/FBX/36_19.fbx	ok	cmu	B-retarget	43	19	1	b7c0a8f92ee0fe7f
Anims_Only_FBX_V1/FBX/36_20.fbx	ok	cmu	B-retarget	43	19	1	b7c0a8f92ee0fe7f
Anims_Only_FBX_V1/FBX/36_21.fbx	ok	cmu	B-retarget	43	19	1	b7c0a8f92ee0fe7f
Anims_Only_FBX_V1/FBX/36_22.fbx	ok	cmu	B-retarget	43	19	1	b7c0a8f92ee0fe7f
Anims_Only_FBX_V1/FBX/36_23.fbx	ok	cmu	B-retarget	43	19	1	b7c0a8f92ee0fe7f
Anims_Only_FBX_V1/FBX/36_24.fbx	ok	cmu	B-retarget	43	19	1	b7c0a8f92ee0fe7f
Anims_Only_FBX_V1/FBX/36_25.fbx	ok	cmu	B-retarget	43	19	1	b7c0a8f92ee0fe7f
Anims_Only_FBX_V1/FBX/36_26.fbx	ok	cmu	B-retarget	43	19	1	b7c0a8f92ee0fe7f
Anims_Only_FBX_V1/FBX/36_27.fbx	ok	cmu	B-retarget	43	19	1	b7c0a8f92ee0fe7f
Anims_Only_FBX_V1/FBX/36_28.fbx	ok	cmu	B-retarget	43	19	1	b7c0a8f92ee0fe7f
Anims_Only_FBX_V1/FBX/36_29.fbx	ok	cmu	B-retarget	43	19	1	b7c0a8f92ee0fe7f
Anims_Only_FBX_V1/FBX/36_30.fbx	ok	cmu	B-retarget	43	19	1	b7c0a8f92ee0fe7f
Anims_Only_FBX_V1/FBX/36_31.fbx	ok	cmu	B-retarget	43	19	1	b7c0a8f92ee0fe7f
Anims_Only_FBX_V1/FBX/36_32.fbx	ok	cmu	B-retarget	43	19	1	b7c0a8f92ee0fe7f
Anims_Only_FBX_V1/FBX/36_33.fbx	ok	cmu	B-retarget	43	19	1	b7c0a8f92ee0fe7f
Anims_Only_FBX_V1/FBX/36_34.fbx	ok	cmu	B-retarget	43	19	1	b7c0a8f92ee0fe7f
Anims_Only_FBX_V1/FBX/36_35.fbx	ok	cmu	B-retarget	43	19	1	b7c0a8f92ee0fe7f
Anims_Only_FBX_V1/FBX/36_36.fbx	ok	cmu	B-retarget	43	19	1	b7c0a8f92ee0fe7f
Anims_Only_FBX_V1/FBX/36_37.fbx	ok	cmu	B-retarget	43	19	1	b7c0a8f92ee0fe7f
Anims_Only_FBX_V1/FBX/37_01.fbx	ok	cmu	B-retarget	43	19	1	b7c0a8f92ee0fe7f
Anims_Only_FBX_V1/FBX/38_01.fbx	ok	cmu	B-retarget	43	19	1	b7c0a8f92ee0fe7f
Anims_Only_FBX_V1/FBX/38_02.fbx	ok	cmu	B-retarget	43	19	1	b7c0a8f92ee0fe7f
Anims_Only_FBX_V1/FBX/38_03.fbx	ok	cmu	B-retarget	43	19	1	b7c0a8f92ee0fe7f
Anims_Only_FBX_V1/FBX/38_04.fbx	ok	cmu	B-retarget	43	19	1	b7c0a8f92ee0fe7f
Anims_Only_FBX_V1/FBX/39_01.fbx	ok	cmu	B-retarget	43	19	1	b7c0a8f92ee0fe7f
Anims_Only_FBX_V1/FBX/39_02.fbx	ok	cmu	B-retarget	43	19	1	b7c0a8f92ee0fe7f
Anims_Only_FBX_V1/FBX/39_03.fbx	ok	cmu	B-retarget	43	19	1	b7c0a8f92ee0fe7f
Anims_Only_FBX_V1/FBX/39_04.fbx	ok	cmu	B-retarget	43	19	1	b7c0a8f92ee0fe7f
Anims_Only_FBX_V1/FBX/39_05.fbx	ok	cmu	B-retarget	43	19	1	b7c0a8f92ee0fe7f
Anims_Only_FBX_V1/FBX/39_06.fbx	ok	cmu	B-retarget	43	19	1	b7c0a8f92ee0fe7f
Anims_Only_FBX_V1/FBX/39_07.fbx	ok	cmu	B-retarget	43	19	1	b7c0a8f92ee0fe7f
Anims_Only_FBX_V1/FBX/39_08.fbx	ok	cmu	B-retarget	43	19	1	b7c0a8f92ee0fe7f
Anims_Only_FBX_V1/FBX/39_09.fbx	ok	cmu	B-retarget	43	19	1	b7c0a8f92ee0fe7f
Anims_Only_FBX_V1/FBX/39_10.fbx	ok	cmu	B-retarget	43	19	1	b7c0a8f92ee0fe7f
Anims_Only_FBX_V1/FBX/39_11.fbx	ok	cmu	B-retarget	43	19	1	b7c0a8f92ee0fe7f
Anims_Only_FBX_V1/FBX/39_12.fbx	ok	cmu	B-retarget	43	19	1	b7c0a8f92ee0fe7f
Anims_Only_FBX_V1/FBX/39_13.fbx	ok	cmu	B-retarget	43	19	1	b7c0a8f92ee0fe7f
Anims_Only_FBX_V1/FBX/39_14.fbx	ok	cmu	B-retarget	43	19	1	b7c0a8f92ee0fe7f
Anims_Only_FBX_V1/FBX/40_02.fbx	ok	cmu	B-retarget	43	19	1	b7c0a8f92ee0fe7f
Anims_Only_FBX_V1/FBX/40_03.fbx	ok	cmu	B-retarget	43	19	1	b7c0a8f92ee0fe7f
Anims_Only_FBX_V1/FBX/40_04.fbx	ok	cmu	B-retarget	43	19	1	b7c0a8f92ee0fe7f
Anims_Only_FBX_V1/FBX/40_05.fbx	ok	cmu	B-retarget	43	19	1	b7c0a8f92ee0fe7f
Anims_Only_FBX_V1/FBX/40_06.fbx	ok	cmu	B-retarget	43	19	1	b7c0a8f92ee0fe7f
Anims_Only_FBX_V1/FBX/40_07.fbx	ok	cmu	B-retarget	43	19	1	b7c0a8f92ee0fe7f
Anims_Only_FBX_V1/FBX/40_08.fbx	ok	cmu	B-retarget	43	19	1	b7c0a8f92ee0fe7f
Anims_Only_FBX_V1/FBX/40_09.fbx	ok	cmu	B-retarget	43	19	1	b7c0a8f92ee0fe7f
Anims_Only_FBX_V1/FBX/40_10.fbx	ok	cmu	B-retarget	43	19	1	b7c0a8f92ee0fe7f
Anims_Only_FBX_V1/FBX/40_11.fbx	ok	cmu	B-retarget	43	19	1	b7c0a8f92ee0fe7f
Anims_Only_FBX_V1/FBX/40_12.fbx	ok	cmu	B-retarget	43	19	1	b7c0a8f92ee0fe7f
Anims_Only_FBX_V1/FBX/41_02.fbx	ok	cmu	B-retarget	43	19	1	b7c0a8f92ee0fe7f
Anims_Only_FBX_V1/FBX/41_03.fbx	ok	cmu	B-retarget	43	19	1	b7c0a8f92ee0fe7f
Anims_Only_FBX_V1/FBX/41_04.fbx	ok	cmu	B-retarget	43	19	1	b7c0a8f92ee0fe7f
Anims_Only_FBX_V1/FBX/41_05.fbx	ok	cmu	B-retarget	43	19	1	b7c0a8f92ee0fe7f
Anims_Only_FBX_V1/FBX/41_06.fbx	ok	cmu	B-retarget	43	19	1	b7c0a8f92ee0fe7f
Anims_Only_FBX_V1/FBX/41_07.fbx	ok	cmu	B-retarget	43	19	1	b7c0a8f92ee0fe7f
Anims_Only_FBX_V1/FBX/41_08.fbx	ok	cmu	B-retarget	43	19	1	b7c0a8f92ee0fe7f
Anims_Only_FBX_V1/FBX/41_09.fbx	ok	cmu	B-retarget	43	19	1	b7c0a8f92ee0fe7f
Anims_Only_FBX_V1/FBX/41_10.fbx	ok	cmu	B-retarget	43	19	1	b7c0a8f92ee0fe7f
Anims_Only_FBX_V1/FBX/41_11.fbx	ok	cmu	B-retarget	43	19	1	b7c0a8f92ee0fe7f
Anims_Only_FBX_V1/FBX/42_01.fbx	ok	cmu	B-retarget	43	19	1	b7c0a8f92ee0fe7f
Anims_Only_FBX_V1/FBX/43_01.fbx	ok	cmu	B-retarget	43	19	1	b7c0a8f92ee0fe7f
Anims_Only_FBX_V1/FBX/43_02.fbx	ok	cmu	B-retarget	43	19	1	b7c0a8f92ee0fe7f
Anims_Only_FBX_V1/FBX/43_03.fbx	ok	cmu	B-retarget	43	19	1	b7c0a8f92ee0fe7f
Anims_Only_FBX_V1/FBX/45_01.fbx	ok	cmu	B-retarget	43	19	1	b7c0a8f92ee0fe7f
Anims_Only_FBX_V1/FBX/46_01.fbx	ok	cmu	B-retarget	43	19	1	b7c0a8f92ee0fe7f
Anims_Only_FBX_V1/FBX/47_01.fbx	ok	cmu	B-retarget	43	19	1	b7c0a8f92ee0fe7f
Anims_Only_FBX_V1/FBX/49_01.fbx	ok	cmu	B-retarget	43	19	1	b7c0a8f92ee0fe7f
Anims_Only_FBX_V1/FBX/49_02.fbx	ok	cmu	B-retarget	43	19	1	b7c0a8f92ee0fe7f
Anims_Only_FBX_V1/FBX/49_03.fbx	ok	cmu	B-retarget	43	19	1	b7c0a8f92ee0fe7f
Anims_Only_FBX_V1/FBX/49_04.fbx	ok	cmu	B-retarget	43	19	1	b7c0a8f92ee0fe7f
Anims_Only_FBX_V1/FBX/49_05.fbx	ok	cmu	B-retarget	43	19	1	b7c0a8f92ee0fe7f
Anims_Only_FBX_V1/FBX/49_06.fbx	ok	cmu	B-retarget	43	19	1	b7c0a8f92ee0fe7f
Anims_Only_FBX_V1/FBX/49_07.fbx	ok	cmu	B-retarget	43	19	1	b7c0a8f92ee0fe7f
Anims_Only_FBX_V1/FBX/49_08.fbx	ok	cmu	B-retarget	43	19	1	b7c0a8f92ee0fe7f
Anims_Only_FBX_V1/FBX/49_09.fbx	ok	cmu	B-retarget	43	19	1	b7c0a8f92ee0fe7f
Anims_Only_FBX_V1/FBX/49_10.fbx	ok	cmu	B-retarget	43	19	1	b7c0a8f92ee0fe7f
Anims_Only_FBX_V1/FBX/49_11.fbx	ok	cmu	B-retarget	43	19	1	b7c0a8f92ee0fe7f
Anims_Only_FBX_V1/FBX/49_12.fbx	ok	cmu	B-retarget	43	19	1	b7c0a8f92ee0fe7f
Anims_Only_FBX_V1/FBX/49_13.fbx	ok	cmu	B-retarget	43	19	1	b7c0a8f92ee0fe7f
Anims_Only_FBX_V1/FBX/49_14.fbx	ok	cmu	B-retarget	43	19	1	b7c0a8f92ee0fe7f
Anims_Only_FBX_V1/FBX/49_15.fbx	ok	cmu	B-retarget	43	19	1	b7c0a8f92ee0fe7f
Anims_Only_FBX_V1/FBX/49_16.fbx	ok	cmu	B-retarget	43	19	1	b7c0a8f92ee0fe7f
Anims_Only_FBX_V1/FBX/49_17.fbx	ok	cmu	B-retarget	43	19	1	b7c0a8f92ee0fe7f
Anims_Only_FBX_V1/FBX/49_18.fbx	ok	cmu	B-retarget	43	19	1	b7c0a8f92ee0fe7f
Anims_Only_FBX_V1/FBX/49_19.fbx	ok	cmu	B-retarget	43	19	1	b7c0a8f92ee0fe7f
Anims_Only_FBX_V1/FBX/49_20.fbx	ok	cmu	B-retarget	43	19	1	b7c0a8f92ee0fe7f
Anims_Only_FBX_V1/FBX/49_21.fbx	ok	cmu	B-retarget	43	19	1	b7c0a8f92ee0fe7f
Anims_Only_FBX_V1/FBX/49_22.fbx	ok	cmu	B-retarget	43	19	1	b7c0a8f92ee0fe7f
Anims_Only_FBX_V1/FBX/54_01.fbx	ok	cmu	B-retarget	43	19	1	b7c0a8f92ee0fe7f
Anims_Only_FBX_V1/FBX/54_02.fbx	ok	cmu	B-retarget	43	19	1	b7c0a8f92ee0fe7f
Anims_Only_FBX_V1/FBX/54_03.fbx	ok	cmu	B-retarget	43	19	1	b7c0a8f92ee0fe7f
Anims_Only_FBX_V1/FBX/54_04.fbx	ok	cmu	B-retarget	43	19	1	b7c0a8f92ee0fe7f
Anims_Only_FBX_V1/FBX/54_05.fbx	ok	cmu	B-retarget	43	19	1	b7c0a8f92ee0fe7f
Anims_Only_FBX_V1/FBX/54_06.fbx	ok	cmu	B-retarget	43	19	1	b7c0a8f92ee0fe7f
Anims_Only_FBX_V1/FBX/54_07.fbx	ok	cmu	B-retarget	43	19	1	b7c0a8f92ee0fe7f
Anims_Only_FBX_V1/FBX/54_08.fbx	ok	cmu	B-retarget	43	19	1	b7c0a8f92ee0fe7f
Anims_Only_FBX_V1/FBX/54_09.fbx	ok	cmu	B-retarget	43	19	1	b7c0a8f92ee0fe7f
Anims_Only_FBX_V1/FBX/54_10.fbx	ok	cmu	B-retarget	43	19	1	b7c0a8f92ee0fe7f
Anims_Only_FBX_V1/FBX/54_11.fbx	ok	cmu	B-retarget	43	19	1	b7c0a8f92ee0fe7f
Anims_Only_FBX_V1/FBX/54_12.fbx	ok	cmu	B-retarget	43	19	1	b7c0a8f92ee0fe7f
Anims_Only_FBX_V1/FBX/54_13.fbx	ok	cmu	B-retarget	43	19	1	b7c0a8f92ee0fe7f
Anims_Only_FBX_V1/FBX/54_14.fbx	ok	cmu	B-retarget	43	19	1	b7c0a8f92ee0fe7f
Anims_Only_FBX_V1/FBX/54_15.fbx	ok	cmu	B-retarget	43	19	1	b7c0a8f92ee0fe7f
Anims_Only_FBX_V1/FBX/54_16.fbx	ok	cmu	B-retarget	43	19	1	b7c0a8f92ee0fe7f
Anims_Only_FBX_V1/FBX/54_17.fbx	ok	cmu	B-retarget	43	19	1	b7c0a8f92ee0fe7f
Anims_Only_FBX_V1/FBX/54_18.fbx	ok	cmu	B-retarget	43	19	1	b7c0a8f92ee0fe7f
Anims_Only_FBX_V1/FBX/54_19.fbx	ok	cmu	B-retarget	43	19	1	b7c0a8f92ee0fe7f
Anims_Only_FBX_V1/FBX/54_20.fbx	ok	cmu	B-retarget	43	19	1	b7c0a8f92ee0fe7f
Anims_Only_FBX_V1/FBX/54_21.fbx	ok	cmu	B-retarget	43	19	1	b7c0a8f92ee0fe7f
Anims_Only_FBX_V1/FBX/54_22.fbx	ok	cmu	B-retarget	43	19	1	b7c0a8f92ee0fe7f
Anims_Only_FBX_V1/FBX/54_23.fbx	ok	cmu	B-retarget	43	19	1	b7c0a8f92ee0fe7f
Anims_Only_FBX_V1/FBX/54_24.fbx	ok	cmu	B-retarget	43	19	1	b7c0a8f92ee0fe7f
Anims_Only_FBX_V1/FBX/54_25.fbx	ok	cmu	B-retarget	43	19	1	b7c0a8f92ee0fe7f
Anims_Only_FBX_V1/FBX/54_26.fbx	ok	cmu	B-retarget	43	19	1	b7c0a8f92ee0fe7f
Anims_Only_FBX_V1/FBX/54_27.fbx	ok	cmu	B-retarget	43	19	1	b7c0a8f92ee0fe7f
Anims_Only_FBX_V1/FBX/55_01.fbx	ok	cmu	B-retarget	43	19	1	b7c0a8f92ee0fe7f
Anims_Only_FBX_V1/FBX/55_02.fbx	ok	cmu	B-retarget	43	19	1	b7c0a8f92ee0fe7f
Anims_Only_FBX_V1/FBX/55_03.fbx	ok	cmu	B-retarget	43	19	1	b7c0a8f92ee0fe7f
Anims_Only_FBX_V1/FBX/55_04.fbx	ok	cmu	B-retarget	43	19	1	b7c0a8f92ee0fe7f
Anims_Only_FBX_V1/FBX/55_05.fbx	ok	cmu	B-retarget	43	19	1	b7c0a8f92ee0fe7f
Anims_Only_FBX_V1/FBX/55_06.fbx	ok	cmu	B-retarget	43	19	1	b7c0a8f92ee0fe7f
Anims_Only_FBX_V1/FBX/55_07.fbx	ok	cmu	B-retarget	43	19	1	b7c0a8f92ee0fe7f
Anims_Only_FBX_V1/FBX/55_08.fbx	ok	cmu	B-retarget	43	19	1	b7c0a8f92ee0fe7f
Anims_Only_FBX_V1/FBX/55_09.fbx	ok	cmu	B-retarget	43	19	1	b7c0a8f92ee0fe7f
Anims_Only_FBX_V1/FBX/55_10.fbx	ok	cmu	B-retarget	43	19	1	b7c0a8f92ee0fe7f
Anims_Only_FBX_V1/FBX/55_11.fbx	ok	cmu	B-retarget	43	19	1	b7c0a8f92ee0fe7f
Anims_Only_FBX_V1/FBX/55_12.fbx	ok	cmu	B-retarget	43	19	1	b7c0a8f92ee0fe7f
Anims_Only_FBX_V1/FBX/55_13.fbx	ok	cmu	B-retarget	43	19	1	b7c0a8f92ee0fe7f
Anims_Only_FBX_V1/FBX/55_14.fbx	ok	cmu	B-retarget	43	19	1	b7c0a8f92ee0fe7f
Anims_Only_FBX_V1/FBX/55_15.fbx	ok	cmu	B-retarget	43	19	1	b7c0a8f92ee0fe7f
Anims_Only_FBX_V1/FBX/55_16.fbx	ok	cmu	B-retarget	43	19	1	b7c0a8f92ee0fe7f
Anims_Only_FBX_V1/FBX/55_17.fbx	ok	cmu	B-retarget	43	19	1	b7c0a8f92ee0fe7f
Anims_Only_FBX_V1/FBX/55_18.fbx	ok	cmu	B-retarget	43	19	1	b7c0a8f92ee0fe7f
Anims_Only_FBX_V1/FBX/55_19.fbx	ok	cmu	B-retarget	43	19	1	b7c0a8f92ee0fe7f
Anims_Only_FBX_V1/FBX/55_20.fbx	ok	cmu	B-retarget	43	19	1	b7c0a8f92ee0fe7f
Anims_Only_FBX_V1/FBX/55_21.fbx	ok	cmu	B-retarget	43	19	1	b7c0a8f92ee0fe7f
Anims_Only_FBX_V1/FBX/55_22.fbx	ok	cmu	B-retarget	43	19	1	b7c0a8f92ee0fe7f
Anims_Only_FBX_V1/FBX/55_23.fbx	ok	cmu	B-retarget	43	19	1	b7c0a8f92ee0fe7f
Anims_Only_FBX_V1/FBX/55_24.fbx	ok	cmu	B-retarget	43	19	1	b7c0a8f92ee0fe7f
Anims_Only_FBX_V1/FBX/55_25.fbx	ok	cmu	B-retarget	43	19	1	b7c0a8f92ee0fe7f
Anims_Only_FBX_V1/FBX/55_26.fbx	ok	cmu	B-retarget	43	19	1	b7c0a8f92ee0fe7f
Anims_Only_FBX_V1/FBX/55_27.fbx	ok	cmu	B-retarget	43	19	1	b7c0a8f92ee0fe7f
Anims_Only_FBX_V1/FBX/55_28.fbx	ok	cmu	B-retarget	43	19	1	b7c0a8f92ee0fe7f
Anims_Only_FBX_V1/FBX/56_01.fbx	ok	cmu	B-retarget	43	19	1	b7c0a8f92ee0fe7f
Anims_Only_FBX_V1/FBX/56_02.fbx	ok	cmu	B-retarget	43	19	1	b7c0a8f92ee0fe7f
Anims_Only_FBX_V1/FBX/56_03.fbx	ok	cmu	B-retarget	43	19	1	b7c0a8f92ee0fe7f
Anims_Only_FBX_V1/FBX/56_04.fbx	ok	cmu	B-retarget	43	19	1	b7c0a8f92ee0fe7f
Anims_Only_FBX_V1/FBX/56_05.fbx	ok	cmu	B-retarget	43	19	1	b7c0a8f92ee0fe7f
Anims_Only_FBX_V1/FBX/56_06.fbx	ok	cmu	B-retarget	43	19	1	b7c0a8f92ee0fe7f
Anims_Only_FBX_V1/FBX/56_07.fbx	ok	cmu	B-retarget	43	19	1	b7c0a8f92ee0fe7f
Anims_Only_FBX_V1/FBX/56_08.fbx	ok	cmu	B-retarget	43	19	1	b7c0a8f92ee0fe7f
Anims_Only_FBX_V1/FBX/60_01.fbx	ok	cmu	B-retarget	43	19	1	b7c0a8f92ee0fe7f
Anims_Only_FBX_V1/FBX/60_02.fbx	ok	cmu	B-retarget	43	19	1	b7c0a8f92ee0fe7f
Anims_Only_FBX_V1/FBX/60_03.fbx	ok	cmu	B-retarget	43	19	1	b7c0a8f92ee0fe7f
Anims_Only_FBX_V1/FBX/60_04.fbx	ok	cmu	B-retarget	43	19	1	b7c0a8f92ee0fe7f
Anims_Only_FBX_V1/FBX/60_05.fbx	ok	cmu	B-retarget	43	19	1	b7c0a8f92ee0fe7f
Anims_Only_FBX_V1/FBX/60_06.fbx	ok	cmu	B-retarget	43	19	1	b7c0a8f92ee0fe7f
Anims_Only_FBX_V1/FBX/60_07.fbx	ok	cmu	B-retarget	43	19	1	b7c0a8f92ee0fe7f
Anims_Only_FBX_V1/FBX/60_08.fbx	ok	cmu	B-retarget	43	19	1	b7c0a8f92ee0fe7f
Anims_Only_FBX_V1/FBX/60_09.fbx	ok	cmu	B-retarget	43	19	1	b7c0a8f92ee0fe7f
Anims_Only_FBX_V1/FBX/60_10.fbx	ok	cmu	B-retarget	43	19	1	b7c0a8f92ee0fe7f
Anims_Only_FBX_V1/FBX/60_11.fbx	ok	cmu	B-retarget	43	19	1	b7c0a8f92ee0fe7f
Anims_Only_FBX_V1/FBX/60_12.fbx	ok	cmu	B-retarget	43	19	1	b7c0a8f92ee0fe7f
Anims_Only_FBX_V1/FBX/60_13.fbx	ok	cmu	B-retarget	43	19	1	b7c0a8f92ee0fe7f
Anims_Only_FBX_V1/FBX/60_14.fbx	ok	cmu	B-retarget	43	19	1	b7c0a8f92ee0fe7f
Anims_Only_FBX_V1/FBX/60_15.fbx	ok	cmu	B-retarget	43	19	1	b7c0a8f92ee0fe7f
Anims_Only_FBX_V1/FBX/61_01.fbx	ok	cmu	B-retarget	43	19	1	b7c0a8f92ee0fe7f
Anims_Only_FBX_V1/FBX/61_02.fbx	ok	cmu	B-retarget	43	19	1	b7c0a8f92ee0fe7f
Anims_Only_FBX_V1/FBX/61_03.fbx	ok	cmu	B-retarget	43	19	1	b7c0a8f92ee0fe7f
Anims_Only_FBX_V1/FBX/61_04.fbx	ok	cmu	B-retarget	43	19	1	b7c0a8f92ee0fe7f
Anims_Only_FBX_V1/FBX/61_05.fbx	ok	cmu	B-retarget	43	19	1	b7c0a8f92ee0fe7f
Anims_Only_FBX_V1/FBX/61_06.fbx	ok	cmu	B-retarget	43	19	1	b7c0a8f92ee0fe7f
Anims_Only_FBX_V1/FBX/61_07.fbx	ok	cmu	B-retarget	43	19	1	b7c0a8f92ee0fe7f
Anims_Only_FBX_V1/FBX/61_08.fbx	ok	cmu	B-retarget	43	19	1	b7c0a8f92ee0fe7f
Anims_Only_FBX_V1/FBX/61_09.fbx	ok	cmu	B-retarget	43	19	1	b7c0a8f92ee0fe7f
Anims_Only_FBX_V1/FBX/61_10.fbx	ok	cmu	B-retarget	43	19	1	b7c0a8f92ee0fe7f
Anims_Only_FBX_V1/FBX/61_11.fbx	ok	cmu	B-retarget	43	19	1	b7c0a8f92ee0fe7f
Anims_Only_FBX_V1/FBX/61_12.fbx	ok	cmu	B-retarget	43	19	1	b7c0a8f92ee0fe7f
Anims_Only_FBX_V1/FBX/61_13.fbx	ok	cmu	B-retarget	43	19	1	b7c0a8f92ee0fe7f
Anims_Only_FBX_V1/FBX/61_14.fbx	ok	cmu	B-retarget	43	19	1	b7c0a8f92ee0fe7f
Anims_Only_FBX_V1/FBX/61_15.fbx	ok	cmu	B-retarget	43	19	1	b7c0a8f92ee0fe7f
Anims_Only_FBX_V1/FBX/62_01.fbx	ok	cmu	B-retarget	43	19	1	b7c0a8f92ee0fe7f
Anims_Only_FBX_V1/FBX/62_02.fbx	ok	cmu	B-retarget	43	19	1	b7c0a8f92ee0fe7f
Anims_Only_FBX_V1/FBX/62_03.fbx	ok	cmu	B-retarget	43	19	1	b7c0a8f92ee0fe7f
Anims_Only_FBX_V1/FBX/62_04.fbx	ok	cmu	B-retarget	43	19	1	b7c0a8f92ee0fe7f
Anims_Only_FBX_V1/FBX/62_05.fbx	ok	cmu	B-retarget	43	19	1	b7c0a8f92ee0fe7f
Anims_Only_FBX_V1/FBX/62_06.fbx	ok	cmu	B-retarget	43	19	1	b7c0a8f92ee0fe7f
Anims_Only_FBX_V1/FBX/62_07.fbx	ok	cmu	B-retarget	43	19	1	b7c0a8f92ee0fe7f
Anims_Only_FBX_V1/FBX/62_08.fbx	ok	cmu	B-retarget	43	19	1	b7c0a8f92ee0fe7f
Anims_Only_FBX_V1/FBX/62_09.fbx	ok	cmu	B-retarget	43	19	1	b7c0a8f92ee0fe7f
Anims_Only_FBX_V1/FBX/62_10.fbx	ok	cmu	B-retarget	43	19	1	b7c0a8f92ee0fe7f
Anims_Only_FBX_V1/FBX/62_11.fbx	ok	cmu	B-retarget	43	19	1	b7c0a8f92ee0fe7f
Anims_Only_FBX_V1/FBX/62_12.fbx	ok	cmu	B-retarget	43	19	1	b7c0a8f92ee0fe7f
Anims_Only_FBX_V1/FBX/62_13.fbx	ok	cmu	B-retarget	43	19	1	b7c0a8f92ee0fe7f
Anims_Only_FBX_V1/FBX/62_14.fbx	ok	cmu	B-retarget	43	19	1	b7c0a8f92ee0fe7f
Anims_Only_FBX_V1/FBX/62_15.fbx	ok	cmu	B-retarget	43	19	1	b7c0a8f92ee0fe7f
Anims_Only_FBX_V1/FBX/62_16.fbx	ok	cmu	B-retarget	43	19	1	b7c0a8f92ee0fe7f
Anims_Only_FBX_V1/FBX/62_17.fbx	ok	cmu	B-retarget	43	19	1	b7c0a8f92ee0fe7f
Anims_Only_FBX_V1/FBX/62_18.fbx	ok	cmu	B-retarget	43	19	1	b7c0a8f92ee0fe7f
Anims_Only_FBX_V1/FBX/62_19.fbx	ok	cmu	B-retarget	43	19	1	b7c0a8f92ee0fe7f
Anims_Only_FBX_V1/FBX/62_20.fbx	ok	cmu	B-retarget	43	19	1	b7c0a8f92ee0fe7f
Anims_Only_FBX_V1/FBX/62_21.fbx	ok	cmu	B-retarget	43	19	1	b7c0a8f92ee0fe7f
Anims_Only_FBX_V1/FBX/62_22.fbx	ok	cmu	B-retarget	43	19	1	b7c0a8f92ee0fe7f
Anims_Only_FBX_V1/FBX/62_23.fbx	ok	cmu	B-retarget	43	19	1	b7c0a8f92ee0fe7f
Anims_Only_FBX_V1/FBX/62_24.fbx	ok	cmu	B-retarget	43	19	1	b7c0a8f92ee0fe7f
Anims_Only_FBX_V1/FBX/62_25.fbx	ok	cmu	B-retarget	43	19	1	b7c0a8f92ee0fe7f
Anims_Only_FBX_V1/FBX/63_01.fbx	ok	cmu	B-retarget	43	19	1	b7c0a8f92ee0fe7f
Anims_Only_FBX_V1/FBX/63_02.fbx	ok	cmu	B-retarget	43	19	1	b7c0a8f92ee0fe7f
Anims_Only_FBX_V1/FBX/63_03.fbx	ok	cmu	B-retarget	43	19	1	b7c0a8f92ee0fe7f
Anims_Only_FBX_V1/FBX/63_04.fbx	ok	cmu	B-retarget	43	19	1	b7c0a8f92ee0fe7f
Anims_Only_FBX_V1/FBX/63_05.fbx	ok	cmu	B-retarget	43	19	1	b7c0a8f92ee0fe7f
Anims_Only_FBX_V1/FBX/63_06.fbx	ok	cmu	B-retarget	43	19	1	b7c0a8f92ee0fe7f
Anims_Only_FBX_V1/FBX/63_07.fbx	ok	cmu	B-retarget	43	19	1	b7c0a8f92ee0fe7f
Anims_Only_FBX_V1/FBX/63_08.fbx	ok	cmu	B-retarget	43	19	1	b7c0a8f92ee0fe7f
Anims_Only_FBX_V1/FBX/63_09.fbx	ok	cmu	B-retarget	43	19	1	b7c0a8f92ee0fe7f
Anims_Only_FBX_V1/FBX/63_10.fbx	ok	cmu	B-retarget	43	19	1	b7c0a8f92ee0fe7f
Anims_Only_FBX_V1/FBX/63_11.fbx	ok	cmu	B-retarget	43	19	1	b7c0a8f92ee0fe7f
Anims_Only_FBX_V1/FBX/63_12.fbx	ok	cmu	B-retarget	43	19	1	b7c0a8f92ee0fe7f
Anims_Only_FBX_V1/FBX/63_13.fbx	ok	cmu	B-retarget	43	19	1	b7c0a8f92ee0fe7f
Anims_Only_FBX_V1/FBX/63_14.fbx	ok	cmu	B-retarget	43	19	1	b7c0a8f92ee0fe7f
Anims_Only_FBX_V1/FBX/63_15.fbx	ok	cmu	B-retarget	43	19	1	b7c0a8f92ee0fe7f
Anims_Only_FBX_V1/FBX/63_16.fbx	ok	cmu	B-retarget	43	19	1	b7c0a8f92ee0fe7f
Anims_Only_FBX_V1/FBX/63_17.fbx	ok	cmu	B-retarget	43	19	1	b7c0a8f92ee0fe7f
Anims_Only_FBX_V1/FBX/63_18.fbx	ok	cmu	B-retarget	43	19	1	b7c0a8f92ee0fe7f
Anims_Only_FBX_V1/FBX/63_19.fbx	ok	cmu	B-retarget	43	19	1	b7c0a8f92ee0fe7f
Anims_Only_FBX_V1/FBX/63_20.fbx	ok	cmu	B-retarget	43	19	1	b7c0a8f92ee0fe7f
Anims_Only_FBX_V1/FBX/63_21.fbx	ok	cmu	B-retarget	43	19	1	b7c0a8f92ee0fe7f
Anims_Only_FBX_V1/FBX/63_22.fbx	ok	cmu	B-retarget	43	19	1	b7c0a8f92ee0fe7f
Anims_Only_FBX_V1/FBX/63_23.fbx	ok	cmu	B-retarget	43	19	1	b7c0a8f92ee0fe7f
Anims_Only_FBX_V1/FBX/63_24.fbx	ok	cmu	B-retarget	43	19	1	b7c0a8f92ee0fe7f
Anims_Only_FBX_V1/FBX/63_25.fbx	ok	cmu	B-retarget	43	19	1	b7c0a8f92ee0fe7f
Anims_Only_FBX_V1/FBX/63_26.fbx	ok	cmu	B-retarget	43	19	1	b7c0a8f92ee0fe7f
Anims_Only_FBX_V1/FBX/63_27.fbx	ok	cmu	B-retarget	43	19	1	b7c0a8f92ee0fe7f
Anims_Only_FBX_V1/FBX/63_28.fbx	ok	cmu	B-retarget	43	19	1	b7c0a8f92ee0fe7f
Anims_Only_FBX_V1/FBX/63_29.fbx	ok	cmu	B-retarget	43	19	1	b7c0a8f92ee0fe7f
Anims_Only_FBX_V1/FBX/63_30.fbx	ok	cmu	B-retarget	43	19	1	b7c0a8f92ee0fe7f
Anims_Only_FBX_V1/FBX/64_01.fbx	ok	cmu	B-retarget	43	19	1	b7c0a8f92ee0fe7f
Anims_Only_FBX_V1/FBX/64_02.fbx	ok	cmu	B-retarget	43	19	1	b7c0a8f92ee0fe7f
Anims_Only_FBX_V1/FBX/64_03.fbx	ok	cmu	B-retarget	43	19	1	b7c0a8f92ee0fe7f
Anims_Only_FBX_V1/FBX/64_04.fbx	ok	cmu	B-retarget	43	19	1	b7c0a8f92ee0fe7f
Anims_Only_FBX_V1/FBX/64_05.fbx	ok	cmu	B-retarget	43	19	1	b7c0a8f92ee0fe7f
Anims_Only_FBX_V1/FBX/64_06.fbx	ok	cmu	B-retarget	43	19	1	b7c0a8f92ee0fe7f
Anims_Only_FBX_V1/FBX/64_07.fbx	ok	cmu	B-retarget	43	19	1	b7c0a8f92ee0fe7f
Anims_Only_FBX_V1/FBX/64_08.fbx	ok	cmu	B-retarget	43	19	1	b7c0a8f92ee0fe7f
Anims_Only_FBX_V1/FBX/64_09.fbx	ok	cmu	B-retarget	43	19	1	b7c0a8f92ee0fe7f
Anims_Only_FBX_V1/FBX/64_10.fbx	ok	cmu	B-retarget	43	19	1	b7c0a8f92ee0fe7f
Anims_Only_FBX_V1/FBX/64_11.fbx	ok	cmu	B-retarget	43	19	1	b7c0a8f92ee0fe7f
Anims_Only_FBX_V1/FBX/64_12.fbx	ok	cmu	B-retarget	43	19	1	b7c0a8f92ee0fe7f
Anims_Only_FBX_V1/FBX/64_13.fbx	ok	cmu	B-retarget	43	19	1	b7c0a8f92ee0fe7f
Anims_Only_FBX_V1/FBX/64_14.fbx	ok	cmu	B-retarget	43	19	1	b7c0a8f92ee0fe7f
Anims_Only_FBX_V1/FBX/64_15.fbx	ok	cmu	B-retarget	43	19	1	b7c0a8f92ee0fe7f
Anims_Only_FBX_V1/FBX/64_16.fbx	ok	cmu	B-retarget	43	19	1	b7c0a8f92ee0fe7f
Anims_Only_FBX_V1/FBX/64_17.fbx	ok	cmu	B-retarget	43	19	1	b7c0a8f92ee0fe7f
Anims_Only_FBX_V1/FBX/64_18.fbx	ok	cmu	B-retarget	43	19	1	b7c0a8f92ee0fe7f
Anims_Only_FBX_V1/FBX/64_19.fbx	ok	cmu	B-retarget	43	19	1	b7c0a8f92ee0fe7f
Anims_Only_FBX_V1/FBX/64_20.fbx	ok	cmu	B-retarget	43	19	1	b7c0a8f92ee0fe7f
Anims_Only_FBX_V1/FBX/64_21.fbx	ok	cmu	B-retarget	43	19	1	b7c0a8f92ee0fe7f
Anims_Only_FBX_V1/FBX/64_22.fbx	ok	cmu	B-retarget	43	19	1	b7c0a8f92ee0fe7f
Anims_Only_FBX_V1/FBX/64_23.fbx	ok	cmu	B-retarget	43	19	1	b7c0a8f92ee0fe7f
Anims_Only_FBX_V1/FBX/64_24.fbx	ok	cmu	B-retarget	43	19	1	b7c0a8f92ee0fe7f
Anims_Only_FBX_V1/FBX/64_25.fbx	ok	cmu	B-retarget	43	19	1	b7c0a8f92ee0fe7f
Anims_Only_FBX_V1/FBX/64_26.fbx	ok	cmu	B-retarget	43	19	1	b7c0a8f92ee0fe7f
Anims_Only_FBX_V1/FBX/64_27.fbx	ok	cmu	B-retarget	43	19	1	b7c0a8f92ee0fe7f
Anims_Only_FBX_V1/FBX/64_28.fbx	ok	cmu	B-retarget	43	19	1	b7c0a8f92ee0fe7f
Anims_Only_FBX_V1/FBX/64_29.fbx	ok	cmu	B-retarget	43	19	1	b7c0a8f92ee0fe7f
Anims_Only_FBX_V1/FBX/64_30.fbx	ok	cmu	B-retarget	43	19	1	b7c0a8f92ee0fe7f
Anims_Only_FBX_V1/FBX/69_01.fbx	ok	cmu	B-retarget	43	19	1	b7c0a8f92ee0fe7f
Anims_Only_FBX_V1/FBX/69_02.fbx	ok	cmu	B-retarget	43	19	1	b7c0a8f92ee0fe7f
Anims_Only_FBX_V1/FBX/69_03.fbx	ok	cmu	B-retarget	43	19	1	b7c0a8f92ee0fe7f
Anims_Only_FBX_V1/FBX/69_04.fbx	ok	cmu	B-retarget	43	19	1	b7c0a8f92ee0fe7f
Anims_Only_FBX_V1/FBX/69_05.fbx	ok	cmu	B-retarget	43	19	1	b7c0a8f92ee0fe7f
Anims_Only_FBX_V1/FBX/69_06.fbx	ok	cmu	B-retarget	43	19	1	b7c0a8f92ee0fe7f
Anims_Only_FBX_V1/FBX/69_07.fbx	ok	cmu	B-retarget	43	19	1	b7c0a8f92ee0fe7f
Anims_Only_FBX_V1/FBX/69_08.fbx	ok	cmu	B-retarget	43	19	1	b7c0a8f92ee0fe7f
Anims_Only_FBX_V1/FBX/69_09.fbx	ok	cmu	B-retarget	43	19	1	b7c0a8f92ee0fe7f
Anims_Only_FBX_V1/FBX/69_10.fbx	ok	cmu	B-retarget	43	19	1	b7c0a8f92ee0fe7f
Anims_Only_FBX_V1/FBX/69_11.fbx	ok	cmu	B-retarget	43	19	1	b7c0a8f92ee0fe7f
Anims_Only_FBX_V1/FBX/69_12.fbx	ok	cmu	B-retarget	43	19	1	b7c0a8f92ee0fe7f
Anims_Only_FBX_V1/FBX/69_13.fbx	ok	cmu	B-retarget	43	19	1	b7c0a8f92ee0fe7f
Anims_Only_FBX_V1/FBX/69_14.fbx	ok	cmu	B-retarget	43	19	1	b7c0a8f92ee0fe7f
Anims_Only_FBX_V1/FBX/69_15.fbx	ok	cmu	B-retarget	43	19	1	b7c0a8f92ee0fe7f
Anims_Only_FBX_V1/FBX/69_16.fbx	ok	cmu	B-retarget	43	19	1	b7c0a8f92ee0fe7f
Anims_Only_FBX_V1/FBX/69_17.fbx	ok	cmu	B-retarget	43	19	1	b7c0a8f92ee0fe7f
Anims_Only_FBX_V1/FBX/69_18.fbx	ok	cmu	B-retarget	43	19	1	b7c0a8f92ee0fe7f
Anims_Only_FBX_V1/FBX/69_19.fbx	ok	cmu	B-retarget	43	19	1	b7c0a8f92ee0fe7f
Anims_Only_FBX_V1/FBX/69_20.fbx	ok	cmu	B-retarget	43	19	1	b7c0a8f92ee0fe7f
Anims_Only_FBX_V1/FBX/69_21.fbx	ok	cmu	B-retarget	43	19	1	b7c0a8f92ee0fe7f
Anims_Only_FBX_V1/FBX/69_22.fbx	ok	cmu	B-retarget	43	19	1	b7c0a8f92ee0fe7f
Anims_Only_FBX_V1/FBX/69_23.fbx	ok	cmu	B-retarget	43	19	1	b7c0a8f92ee0fe7f
Anims_Only_FBX_V1/FBX/69_24.fbx	ok	cmu	B-retarget	43	19	1	b7c0a8f92ee0fe7f
Anims_Only_FBX_V1/FBX/69_25.fbx	ok	cmu	B-retarget	43	19	1	b7c0a8f92ee0fe7f
Anims_Only_FBX_V1/FBX/69_26.fbx	ok	cmu	B-retarget	43	19	1	b7c0a8f92ee0fe7f
Anims_Only_FBX_V1/FBX/69_27.fbx	ok	cmu	B-retarget	43	19	1	b7c0a8f92ee0fe7f
Anims_Only_FBX_V1/FBX/69_28.fbx	ok	cmu	B-retarget	43	19	1	b7c0a8f92ee0fe7f
Anims_Only_FBX_V1/FBX/69_29.fbx	ok	cmu	B-retarget	43	19	1	b7c0a8f92ee0fe7f
Anims_Only_FBX_V1/FBX/69_30.fbx	ok	cmu	B-retarget	43	19	1	b7c0a8f92ee0fe7f
Anims_Only_FBX_V1/FBX/69_31.fbx	ok	cmu	B-retarget	43	19	1	b7c0a8f92ee0fe7f
Anims_Only_FBX_V1/FBX/69_32.fbx	ok	cmu	B-retarget	43	19	1	b7c0a8f92ee0fe7f
Anims_Only_FBX_V1/FBX/69_33.fbx	ok	cmu	B-retarget	43	19	1	b7c0a8f92ee0fe7f
Anims_Only_FBX_V1/FBX/69_34.fbx	ok	cmu	B-retarget	43	19	1	b7c0a8f92ee0fe7f
Anims_Only_FBX_V1/FBX/69_35.fbx	ok	cmu	B-retarget	43	19	1	b7c0a8f92ee0fe7f
Anims_Only_FBX_V1/FBX/69_36.fbx	ok	cmu	B-retarget	43	19	1	b7c0a8f92ee0fe7f
Anims_Only_FBX_V1/FBX/69_37.fbx	ok	cmu	B-retarget	43	19	1	b7c0a8f92ee0fe7f
Anims_Only_FBX_V1/FBX/69_38.fbx	ok	cmu	B-retarget	43	19	1	b7c0a8f92ee0fe7f
Anims_Only_FBX_V1/FBX/69_39.fbx	ok	cmu	B-retarget	43	19	1	b7c0a8f92ee0fe7f
Anims_Only_FBX_V1/FBX/69_40.fbx	ok	cmu	B-retarget	43	19	1	b7c0a8f92ee0fe7f
Anims_Only_FBX_V1/FBX/69_41.fbx	ok	cmu	B-retarget	43	19	1	b7c0a8f92ee0fe7f
Anims_Only_FBX_V1/FBX/69_42.fbx	ok	cmu	B-retarget	43	19	1	b7c0a8f92ee0fe7f
Anims_Only_FBX_V1/FBX/69_43.fbx	ok	cmu	B-retarget	43	19	1	b7c0a8f92ee0fe7f
Anims_Only_FBX_V1/FBX/69_44.fbx	ok	cmu	B-retarget	43	19	1	b7c0a8f92ee0fe7f
Anims_Only_FBX_V1/FBX/69_45.fbx	ok	cmu	B-retarget	43	19	1	b7c0a8f92ee0fe7f
Anims_Only_FBX_V1/FBX/69_46.fbx	ok	cmu	B-retarget	43	19	1	b7c0a8f92ee0fe7f
Anims_Only_FBX_V1/FBX/69_47.fbx	ok	cmu	B-retarget	43	19	1	b7c0a8f92ee0fe7f
Anims_Only_FBX_V1/FBX/69_48.fbx	ok	cmu	B-retarget	43	19	1	b7c0a8f92ee0fe7f
Anims_Only_FBX_V1/FBX/69_49.fbx	ok	cmu	B-retarget	43	19	1	b7c0a8f92ee0fe7f
Anims_Only_FBX_V1/FBX/69_50.fbx	ok	cmu	B-retarget	43	19	1	b7c0a8f92ee0fe7f
Anims_Only_FBX_V1/FBX/69_51.fbx	ok	cmu	B-retarget	43	19	1	b7c0a8f92ee0fe7f
Anims_Only_FBX_V1/FBX/69_52.fbx	ok	cmu	B-retarget	43	19	1	b7c0a8f92ee0fe7f
Anims_Only_FBX_V1/FBX/69_53.fbx	ok	cmu	B-retarget	43	19	1	b7c0a8f92ee0fe7f
Anims_Only_FBX_V1/FBX/69_54.fbx	ok	cmu	B-retarget	43	19	1	b7c0a8f92ee0fe7f
Anims_Only_FBX_V1/FBX/69_55.fbx	ok	cmu	B-retarget	43	19	1	b7c0a8f92ee0fe7f
Anims_Only_FBX_V1/FBX/69_56.fbx	ok	cmu	B-retarget	43	19	1	b7c0a8f92ee0fe7f
Anims_Only_FBX_V1/FBX/69_57.fbx	ok	cmu	B-retarget	43	19	1	b7c0a8f92ee0fe7f
Anims_Only_FBX_V1/FBX/69_58.fbx	ok	cmu	B-retarget	43	19	1	b7c0a8f92ee0fe7f
Anims_Only_FBX_V1/FBX/69_59.fbx	ok	cmu	B-retarget	43	19	1	b7c0a8f92ee0fe7f
Anims_Only_FBX_V1/FBX/69_60.fbx	ok	cmu	B-retarget	43	19	1	b7c0a8f92ee0fe7f
Anims_Only_FBX_V1/FBX/69_61.fbx	ok	cmu	B-retarget	43	19	1	b7c0a8f92ee0fe7f
Anims_Only_FBX_V1/FBX/69_62.fbx	ok	cmu	B-retarget	43	19	1	b7c0a8f92ee0fe7f
Anims_Only_FBX_V1/FBX/69_63.fbx	ok	cmu	B-retarget	43	19	1	b7c0a8f92ee0fe7f
Anims_Only_FBX_V1/FBX/69_64.fbx	ok	cmu	B-retarget	43	19	1	b7c0a8f92ee0fe7f
Anims_Only_FBX_V1/FBX/69_65.fbx	ok	cmu	B-retarget	43	19	1	b7c0a8f92ee0fe7f
Anims_Only_FBX_V1/FBX/69_66.fbx	ok	cmu	B-retarget	43	19	1	b7c0a8f92ee0fe7f
Anims_Only_FBX_V1/FBX/69_67.fbx	ok	cmu	B-retarget	43	19	1	b7c0a8f92ee0fe7f
Anims_Only_FBX_V1/FBX/69_68.fbx	ok	cmu	B-retarget	43	19	1	b7c0a8f92ee0fe7f
Anims_Only_FBX_V1/FBX/69_69.fbx	ok	cmu	B-retarget	43	19	1	b7c0a8f92ee0fe7f
Anims_Only_FBX_V1/FBX/69_70.fbx	ok	cmu	B-retarget	43	19	1	b7c0a8f92ee0fe7f
Anims_Only_FBX_V1/FBX/69_71.fbx	ok	cmu	B-retarget	43	19	1	b7c0a8f92ee0fe7f
Anims_Only_FBX_V1/FBX/69_72.fbx	ok	cmu	B-retarget	43	19	1	b7c0a8f92ee0fe7f
Anims_Only_FBX_V1/FBX/69_73.fbx	ok	cmu	B-retarget	43	19	1	b7c0a8f92ee0fe7f
Anims_Only_FBX_V1/FBX/69_74.fbx	ok	cmu	B-retarget	43	19	1	b7c0a8f92ee0fe7f
Anims_Only_FBX_V1/FBX/69_75.fbx	ok	cmu	B-retarget	43	19	1	b7c0a8f92ee0fe7f
Anims_Only_FBX_V1/FBX/70_01.fbx	ok	cmu	B-retarget	43	19	1	b7c0a8f92ee0fe7f
Anims_Only_FBX_V1/FBX/70_02.fbx	ok	cmu	B-retarget	43	19	1	b7c0a8f92ee0fe7f
Anims_Only_FBX_V1/FBX/70_03.fbx	ok	cmu	B-retarget	43	19	1	b7c0a8f92ee0fe7f
Anims_Only_FBX_V1/FBX/70_04.fbx	ok	cmu	B-retarget	43	19	1	b7c0a8f92ee0fe7f
Anims_Only_FBX_V1/FBX/70_05.fbx	ok	cmu	B-retarget	43	19	1	b7c0a8f92ee0fe7f
Anims_Only_FBX_V1/FBX/70_06.fbx	ok	cmu	B-retarget	43	19	1	b7c0a8f92ee0fe7f
Anims_Only_FBX_V1/FBX/70_07.fbx	ok	cmu	B-retarget	43	19	1	b7c0a8f92ee0fe7f
Anims_Only_FBX_V1/FBX/70_08.fbx	ok	cmu	B-retarget	43	19	1	b7c0a8f92ee0fe7f
Anims_Only_FBX_V1/FBX/70_09.fbx	ok	cmu	B-retarget	43	19	1	b7c0a8f92ee0fe7f
Anims_Only_FBX_V1/FBX/70_10.fbx	ok	cmu	B-retarget	43	19	1	b7c0a8f92ee0fe7f
Anims_Only_FBX_V1/FBX/70_11.fbx	ok	cmu	B-retarget	43	19	1	b7c0a8f92ee0fe7f
Anims_Only_FBX_V1/FBX/70_12.fbx	ok	cmu	B-retarget	43	19	1	b7c0a8f92ee0fe7f
Anims_Only_FBX_V1/FBX/70_13.fbx	ok	cmu	B-retarget	43	19	1	b7c0a8f92ee0fe7f
Anims_Only_FBX_V1/FBX/73_01.fbx	ok	cmu	B-retarget	43	19	1	b7c0a8f92ee0fe7f
Anims_Only_FBX_V1/FBX/73_02.fbx	ok	cmu	B-retarget	43	19	1	b7c0a8f92ee0fe7f
Anims_Only_FBX_V1/FBX/73_03.fbx	ok	cmu	B-retarget	43	19	1	b7c0a8f92ee0fe7f
Anims_Only_FBX_V1/FBX/73_04.fbx	ok	cmu	B-retarget	43	19	1	b7c0a8f92ee0fe7f
Anims_Only_FBX_V1/FBX/73_05.fbx	ok	cmu	B-retarget	43	19	1	b7c0a8f92ee0fe7f
Anims_Only_FBX_V1/FBX/73_06.fbx	ok	cmu	B-retarget	43	19	1	b7c0a8f92ee0fe7f
Anims_Only_FBX_V1/FBX/73_07.fbx	ok	cmu	B-retarget	43	19	1	b7c0a8f92ee0fe7f
Anims_Only_FBX_V1/FBX/73_08.fbx	ok	cmu	B-retarget	43	19	1	b7c0a8f92ee0fe7f
Anims_Only_FBX_V1/FBX/73_09.fbx	ok	cmu	B-retarget	43	19	1	b7c0a8f92ee0fe7f
Anims_Only_FBX_V1/FBX/73_10.fbx	ok	cmu	B-retarget	43	19	1	b7c0a8f92ee0fe7f
Anims_Only_FBX_V1/FBX/73_11.fbx	ok	cmu	B-retarget	43	19	1	b7c0a8f92ee0fe7f
Anims_Only_FBX_V1/FBX/73_12.fbx	ok	cmu	B-retarget	43	19	1	b7c0a8f92ee0fe7f
Anims_Only_FBX_V1/FBX/73_13.fbx	ok	cmu	B-retarget	43	19	1	b7c0a8f92ee0fe7f
Anims_Only_FBX_V1/FBX/74_01.fbx	ok	cmu	B-retarget	43	19	1	b7c0a8f92ee0fe7f
Anims_Only_FBX_V1/FBX/74_02.fbx	ok	cmu	B-retarget	43	19	1	b7c0a8f92ee0fe7f
Anims_Only_FBX_V1/FBX/74_03.fbx	ok	cmu	B-retarget	43	19	1	b7c0a8f92ee0fe7f
Anims_Only_FBX_V1/FBX/74_04.fbx	ok	cmu	B-retarget	43	19	1	b7c0a8f92ee0fe7f
Anims_Only_FBX_V1/FBX/74_05.fbx	ok	cmu	B-retarget	43	19	1	b7c0a8f92ee0fe7f
Anims_Only_FBX_V1/FBX/74_06.fbx	ok	cmu	B-retarget	43	19	1	b7c0a8f92ee0fe7f
Anims_Only_FBX_V1/FBX/74_07.fbx	ok	cmu	B-retarget	43	19	1	b7c0a8f92ee0fe7f
Anims_Only_FBX_V1/FBX/74_08.fbx	ok	cmu	B-retarget	43	19	1	b7c0a8f92ee0fe7f
Anims_Only_FBX_V1/FBX/74_09.fbx	ok	cmu	B-retarget	43	19	1	b7c0a8f92ee0fe7f
Anims_Only_FBX_V1/FBX/74_10.fbx	ok	cmu	B-retarget	43	19	1	b7c0a8f92ee0fe7f
Anims_Only_FBX_V1/FBX/74_11.fbx	ok	cmu	B-retarget	43	19	1	b7c0a8f92ee0fe7f
Anims_Only_FBX_V1/FBX/74_12.fbx	ok	cmu	B-retarget	43	19	1	b7c0a8f92ee0fe7f
Anims_Only_FBX_V1/FBX/74_13.fbx	ok	cmu	B-retarget	43	19	1	b7c0a8f92ee0fe7f
Anims_Only_FBX_V1/FBX/74_14.fbx	ok	cmu	B-retarget	43	19	1	b7c0a8f92ee0fe7f
Anims_Only_FBX_V1/FBX/74_15.fbx	ok	cmu	B-retarget	43	19	1	b7c0a8f92ee0fe7f
Anims_Only_FBX_V1/FBX/74_16.fbx	ok	cmu	B-retarget	43	19	1	b7c0a8f92ee0fe7f
Anims_Only_FBX_V1/FBX/74_17.fbx	ok	cmu	B-retarget	43	19	1	b7c0a8f92ee0fe7f
Anims_Only_FBX_V1/FBX/74_18.fbx	ok	cmu	B-retarget	43	19	1	b7c0a8f92ee0fe7f
Anims_Only_FBX_V1/FBX/74_19.fbx	ok	cmu	B-retarget	43	19	1	b7c0a8f92ee0fe7f
Anims_Only_FBX_V1/FBX/74_20.fbx	ok	cmu	B-retarget	43	19	1	b7c0a8f92ee0fe7f
Anims_Only_FBX_V1/FBX/75_01.fbx	ok	cmu	B-retarget	43	19	1	b7c0a8f92ee0fe7f
Anims_Only_FBX_V1/FBX/75_02.fbx	ok	cmu	B-retarget	43	19	1	b7c0a8f92ee0fe7f
Anims_Only_FBX_V1/FBX/75_03.fbx	ok	cmu	B-retarget	43	19	1	b7c0a8f92ee0fe7f
Anims_Only_FBX_V1/FBX/75_04.fbx	ok	cmu	B-retarget	43	19	1	b7c0a8f92ee0fe7f
Anims_Only_FBX_V1/FBX/75_05.fbx	ok	cmu	B-retarget	43	19	1	b7c0a8f92ee0fe7f
Anims_Only_FBX_V1/FBX/75_06.fbx	ok	cmu	B-retarget	43	19	1	b7c0a8f92ee0fe7f
Anims_Only_FBX_V1/FBX/75_07.fbx	ok	cmu	B-retarget	43	19	1	b7c0a8f92ee0fe7f
Anims_Only_FBX_V1/FBX/75_08.fbx	ok	cmu	B-retarget	43	19	1	b7c0a8f92ee0fe7f
Anims_Only_FBX_V1/FBX/75_09.fbx	ok	cmu	B-retarget	43	19	1	b7c0a8f92ee0fe7f
Anims_Only_FBX_V1/FBX/75_10.fbx	ok	cmu	B-retarget	43	19	1	b7c0a8f92ee0fe7f
Anims_Only_FBX_V1/FBX/75_11.fbx	ok	cmu	B-retarget	43	19	1	b7c0a8f92ee0fe7f
Anims_Only_FBX_V1/FBX/75_12.fbx	ok	cmu	B-retarget	43	19	1	b7c0a8f92ee0fe7f
Anims_Only_FBX_V1/FBX/75_13.fbx	ok	cmu	B-retarget	43	19	1	b7c0a8f92ee0fe7f
Anims_Only_FBX_V1/FBX/75_14.fbx	ok	cmu	B-retarget	43	19	1	b7c0a8f92ee0fe7f
Anims_Only_FBX_V1/FBX/75_15.fbx	ok	cmu	B-retarget	43	19	1	b7c0a8f92ee0fe7f
Anims_Only_FBX_V1/FBX/75_16.fbx	ok	cmu	B-retarget	43	19	1	b7c0a8f92ee0fe7f
Anims_Only_FBX_V1/FBX/75_17.fbx	ok	cmu	B-retarget	43	19	1	b7c0a8f92ee0fe7f
Anims_Only_FBX_V1/FBX/75_18.fbx	ok	cmu	B-retarget	43	19	1	b7c0a8f92ee0fe7f
Anims_Only_FBX_V1/FBX/75_19.fbx	ok	cmu	B-retarget	43	19	1	b7c0a8f92ee0fe7f
Anims_Only_FBX_V1/FBX/75_20.fbx	ok	cmu	B-retarget	43	19	1	b7c0a8f92ee0fe7f
Anims_Only_FBX_V1/FBX/76_01.fbx	ok	cmu	B-retarget	43	19	1	b7c0a8f92ee0fe7f
Anims_Only_FBX_V1/FBX/76_02.fbx	ok	cmu	B-retarget	43	19	1	b7c0a8f92ee0fe7f
Anims_Only_FBX_V1/FBX/76_03.fbx	ok	cmu	B-retarget	43	19	1	b7c0a8f92ee0fe7f
Anims_Only_FBX_V1/FBX/76_04.fbx	ok	cmu	B-retarget	43	19	1	b7c0a8f92ee0fe7f
Anims_Only_FBX_V1/FBX/76_05.fbx	ok	cmu	B-retarget	43	19	1	b7c0a8f92ee0fe7f
Anims_Only_FBX_V1/FBX/76_06.fbx	ok	cmu	B-retarget	43	19	1	b7c0a8f92ee0fe7f
Anims_Only_FBX_V1/FBX/76_07.fbx	ok	cmu	B-retarget	43	19	1	b7c0a8f92ee0fe7f
Anims_Only_FBX_V1/FBX/76_08.fbx	ok	cmu	B-retarget	43	19	1	b7c0a8f92ee0fe7f
Anims_Only_FBX_V1/FBX/76_09.fbx	ok	cmu	B-retarget	43	19	1	b7c0a8f92ee0fe7f
Anims_Only_FBX_V1/FBX/76_10.fbx	ok	cmu	B-retarget	43	19	1	b7c0a8f92ee0fe7f
Anims_Only_FBX_V1/FBX/76_11.fbx	ok	cmu	B-retarget	43	19	1	b7c0a8f92ee0fe7f
Anims_Only_FBX_V1/FBX/77_01.fbx	ok	cmu	B-retarget	43	19	1	b7c0a8f92ee0fe7f
Anims_Only_FBX_V1/FBX/77_02.fbx	ok	cmu	B-retarget	43	19	1	b7c0a8f92ee0fe7f
Anims_Only_FBX_V1/FBX/77_03.fbx	ok	cmu	B-retarget	43	19	1	b7c0a8f92ee0fe7f
Anims_Only_FBX_V1/FBX/77_04.fbx	ok	cmu	B-retarget	43	19	1	b7c0a8f92ee0fe7f
Anims_Only_FBX_V1/FBX/77_05.fbx	ok	cmu	B-retarget	43	19	1	b7c0a8f92ee0fe7f
Anims_Only_FBX_V1/FBX/77_06.fbx	ok	cmu	B-retarget	43	19	1	b7c0a8f92ee0fe7f
Anims_Only_FBX_V1/FBX/77_07.fbx	ok	cmu	B-retarget	43	19	1	b7c0a8f92ee0fe7f
Anims_Only_FBX_V1/FBX/77_08.fbx	ok	cmu	B-retarget	43	19	1	b7c0a8f92ee0fe7f
Anims_Only_FBX_V1/FBX/77_09.fbx	ok	cmu	B-retarget	43	19	1	b7c0a8f92ee0fe7f
Anims_Only_FBX_V1/FBX/77_10.fbx	ok	cmu	B-retarget	43	19	1	b7c0a8f92ee0fe7f
Anims_Only_FBX_V1/FBX/77_11.fbx	ok	cmu	B-retarget	43	19	1	b7c0a8f92ee0fe7f
Anims_Only_FBX_V1/FBX/77_12.fbx	ok	cmu	B-retarget	43	19	1	b7c0a8f92ee0fe7f
Anims_Only_FBX_V1/FBX/77_13.fbx	ok	cmu	B-retarget	43	19	1	b7c0a8f92ee0fe7f
Anims_Only_FBX_V1/FBX/77_14.fbx	ok	cmu	B-retarget	43	19	1	b7c0a8f92ee0fe7f
Anims_Only_FBX_V1/FBX/77_15.fbx	ok	cmu	B-retarget	43	19	1	b7c0a8f92ee0fe7f
Anims_Only_FBX_V1/FBX/77_16.fbx	ok	cmu	B-retarget	43	19	1	b7c0a8f92ee0fe7f
Anims_Only_FBX_V1/FBX/77_17.fbx	ok	cmu	B-retarget	43	19	1	b7c0a8f92ee0fe7f
Anims_Only_FBX_V1/FBX/77_18.fbx	ok	cmu	B-retarget	43	19	1	b7c0a8f92ee0fe7f
Anims_Only_FBX_V1/FBX/77_19.fbx	ok	cmu	B-retarget	43	19	1	b7c0a8f92ee0fe7f
Anims_Only_FBX_V1/FBX/77_20.fbx	ok	cmu	B-retarget	43	19	1	b7c0a8f92ee0fe7f
Anims_Only_FBX_V1/FBX/77_21.fbx	ok	cmu	B-retarget	43	19	1	b7c0a8f92ee0fe7f
Anims_Only_FBX_V1/FBX/77_22.fbx	ok	cmu	B-retarget	43	19	1	b7c0a8f92ee0fe7f
Anims_Only_FBX_V1/FBX/77_23.fbx	ok	cmu	B-retarget	43	19	1	b7c0a8f92ee0fe7f
Anims_Only_FBX_V1/FBX/77_24.fbx	ok	cmu	B-retarget	43	19	1	b7c0a8f92ee0fe7f
Anims_Only_FBX_V1/FBX/77_25.fbx	ok	cmu	B-retarget	43	19	1	b7c0a8f92ee0fe7f
Anims_Only_FBX_V1/FBX/77_26.fbx	ok	cmu	B-retarget	43	19	1	b7c0a8f92ee0fe7f
Anims_Only_FBX_V1/FBX/77_27.fbx	ok	cmu	B-retarget	43	19	1	b7c0a8f92ee0fe7f
Anims_Only_FBX_V1/FBX/77_28.fbx	ok	cmu	B-retarget	43	19	1	b7c0a8f92ee0fe7f
Anims_Only_FBX_V1/FBX/77_29.fbx	ok	cmu	B-retarget	43	19	1	b7c0a8f92ee0fe7f
Anims_Only_FBX_V1/FBX/77_30.fbx	ok	cmu	B-retarget	43	19	1	b7c0a8f92ee0fe7f
Anims_Only_FBX_V1/FBX/77_31.fbx	ok	cmu	B-retarget	43	19	1	b7c0a8f92ee0fe7f
Anims_Only_FBX_V1/FBX/77_32.fbx	ok	cmu	B-retarget	43	19	1	b7c0a8f92ee0fe7f
Anims_Only_FBX_V1/FBX/77_33.fbx	ok	cmu	B-retarget	43	19	1	b7c0a8f92ee0fe7f
Anims_Only_FBX_V1/FBX/77_34.fbx	ok	cmu	B-retarget	43	19	1	b7c0a8f92ee0fe7f
Anims_Only_FBX_V1/FBX/78_01.fbx	ok	cmu	B-retarget	43	19	1	b7c0a8f92ee0fe7f
Anims_Only_FBX_V1/FBX/78_02.fbx	ok	cmu	B-retarget	43	19	1	b7c0a8f92ee0fe7f
Anims_Only_FBX_V1/FBX/78_03.fbx	ok	cmu	B-retarget	43	19	1	b7c0a8f92ee0fe7f
Anims_Only_FBX_V1/FBX/78_04.fbx	ok	cmu	B-retarget	43	19	1	b7c0a8f92ee0fe7f
Anims_Only_FBX_V1/FBX/78_05.fbx	ok	cmu	B-retarget	43	19	1	b7c0a8f92ee0fe7f
Anims_Only_FBX_V1/FBX/78_06.fbx	ok	cmu	B-retarget	43	19	1	b7c0a8f92ee0fe7f
Anims_Only_FBX_V1/FBX/78_07.fbx	ok	cmu	B-retarget	43	19	1	b7c0a8f92ee0fe7f
Anims_Only_FBX_V1/FBX/78_08.fbx	ok	cmu	B-retarget	43	19	1	b7c0a8f92ee0fe7f
Anims_Only_FBX_V1/FBX/78_09.fbx	ok	cmu	B-retarget	43	19	1	b7c0a8f92ee0fe7f
Anims_Only_FBX_V1/FBX/78_10.fbx	ok	cmu	B-retarget	43	19	1	b7c0a8f92ee0fe7f
Anims_Only_FBX_V1/FBX/78_11.fbx	ok	cmu	B-retarget	43	19	1	b7c0a8f92ee0fe7f
Anims_Only_FBX_V1/FBX/78_12.fbx	ok	cmu	B-retarget	43	19	1	b7c0a8f92ee0fe7f
Anims_Only_FBX_V1/FBX/78_13.fbx	ok	cmu	B-retarget	43	19	1	b7c0a8f92ee0fe7f
Anims_Only_FBX_V1/FBX/78_14.fbx	ok	cmu	B-retarget	43	19	1	b7c0a8f92ee0fe7f
Anims_Only_FBX_V1/FBX/78_15.fbx	ok	cmu	B-retarget	43	19	1	b7c0a8f92ee0fe7f
Anims_Only_FBX_V1/FBX/78_16.fbx	ok	cmu	B-retarget	43	19	1	b7c0a8f92ee0fe7f
Anims_Only_FBX_V1/FBX/78_17.fbx	ok	cmu	B-retarget	43	19	1	b7c0a8f92ee0fe7f
Anims_Only_FBX_V1/FBX/78_18.fbx	ok	cmu	B-retarget	43	19	1	b7c0a8f92ee0fe7f
Anims_Only_FBX_V1/FBX/78_19.fbx	ok	cmu	B-retarget	43	19	1	b7c0a8f92ee0fe7f
Anims_Only_FBX_V1/FBX/78_20.fbx	ok	cmu	B-retarget	43	19	1	b7c0a8f92ee0fe7f
Anims_Only_FBX_V1/FBX/78_21.fbx	ok	cmu	B-retarget	43	19	1	b7c0a8f92ee0fe7f
Anims_Only_FBX_V1/FBX/78_22.fbx	ok	cmu	B-retarget	43	19	1	b7c0a8f92ee0fe7f
Anims_Only_FBX_V1/FBX/78_23.fbx	ok	cmu	B-retarget	43	19	1	b7c0a8f92ee0fe7f
Anims_Only_FBX_V1/FBX/78_24.fbx	ok	cmu	B-retarget	43	19	1	b7c0a8f92ee0fe7f
Anims_Only_FBX_V1/FBX/78_25.fbx	ok	cmu	B-retarget	43	19	1	b7c0a8f92ee0fe7f
Anims_Only_FBX_V1/FBX/78_26.fbx	ok	cmu	B-retarget	43	19	1	b7c0a8f92ee0fe7f
Anims_Only_FBX_V1/FBX/78_27.fbx	ok	cmu	B-retarget	43	19	1	b7c0a8f92ee0fe7f
Anims_Only_FBX_V1/FBX/78_28.fbx	ok	cmu	B-retarget	43	19	1	b7c0a8f92ee0fe7f
Anims_Only_FBX_V1/FBX/78_29.fbx	ok	cmu	B-retarget	43	19	1	b7c0a8f92ee0fe7f
Anims_Only_FBX_V1/FBX/78_30.fbx	ok	cmu	B-retarget	43	19	1	b7c0a8f92ee0fe7f
Anims_Only_FBX_V1/FBX/78_31.fbx	ok	cmu	B-retarget	43	19	1	b7c0a8f92ee0fe7f
Anims_Only_FBX_V1/FBX/78_32.fbx	ok	cmu	B-retarget	43	19	1	b7c0a8f92ee0fe7f
Anims_Only_FBX_V1/FBX/78_33.fbx	ok	cmu	B-retarget	43	19	1	b7c0a8f92ee0fe7f
Anims_Only_FBX_V1/FBX/78_34.fbx	ok	cmu	B-retarget	43	19	1	b7c0a8f92ee0fe7f
Anims_Only_FBX_V1/FBX/78_35.fbx	ok	cmu	B-retarget	43	19	1	b7c0a8f92ee0fe7f
Anims_Only_FBX_V1/FBX/79_01.fbx	ok	cmu	B-retarget	43	19	1	b7c0a8f92ee0fe7f
Anims_Only_FBX_V1/FBX/79_02.fbx	ok	cmu	B-retarget	43	19	1	b7c0a8f92ee0fe7f
Anims_Only_FBX_V1/FBX/79_03.fbx	ok	cmu	B-retarget	43	19	1	b7c0a8f92ee0fe7f
Anims_Only_FBX_V1/FBX/79_04.fbx	ok	cmu	B-retarget	43	19	1	b7c0a8f92ee0fe7f
Anims_Only_FBX_V1/FBX/79_05.fbx	ok	cmu	B-retarget	43	19	1	b7c0a8f92ee0fe7f
Anims_Only_FBX_V1/FBX/79_06.fbx	ok	cmu	B-retarget	43	19	1	b7c0a8f92ee0fe7f
Anims_Only_FBX_V1/FBX/79_07.fbx	ok	cmu	B-retarget	43	19	1	b7c0a8f92ee0fe7f
Anims_Only_FBX_V1/FBX/79_08.fbx	ok	cmu	B-retarget	43	19	1	b7c0a8f92ee0fe7f
Anims_Only_FBX_V1/FBX/79_09.fbx	ok	cmu	B-retarget	43	19	1	b7c0a8f92ee0fe7f
Anims_Only_FBX_V1/FBX/79_10.fbx	ok	cmu	B-retarget	43	19	1	b7c0a8f92ee0fe7f
Anims_Only_FBX_V1/FBX/79_11.fbx	ok	cmu	B-retarget	43	19	1	b7c0a8f92ee0fe7f
Anims_Only_FBX_V1/FBX/79_12.fbx	ok	cmu	B-retarget	43	19	1	b7c0a8f92ee0fe7f
Anims_Only_FBX_V1/FBX/79_13.fbx	ok	cmu	B-retarget	43	19	1	b7c0a8f92ee0fe7f
Anims_Only_FBX_V1/FBX/79_14.fbx	ok	cmu	B-retarget	43	19	1	b7c0a8f92ee0fe7f
Anims_Only_FBX_V1/FBX/79_15.fbx	ok	cmu	B-retarget	43	19	1	b7c0a8f92ee0fe7f
Anims_Only_FBX_V1/FBX/79_16.fbx	ok	cmu	B-retarget	43	19	1	b7c0a8f92ee0fe7f
Anims_Only_FBX_V1/FBX/79_17.fbx	ok	cmu	B-retarget	43	19	1	b7c0a8f92ee0fe7f
Anims_Only_FBX_V1/FBX/79_18.fbx	ok	cmu	B-retarget	43	19	1	b7c0a8f92ee0fe7f
Anims_Only_FBX_V1/FBX/79_19.fbx	ok	cmu	B-retarget	43	19	1	b7c0a8f92ee0fe7f
Anims_Only_FBX_V1/FBX/79_20.fbx	ok	cmu	B-retarget	43	19	1	b7c0a8f92ee0fe7f
Anims_Only_FBX_V1/FBX/79_21.fbx	ok	cmu	B-retarget	43	19	1	b7c0a8f92ee0fe7f
Anims_Only_FBX_V1/FBX/79_22.fbx	ok	cmu	B-retarget	43	19	1	b7c0a8f92ee0fe7f
Anims_Only_FBX_V1/FBX/79_23.fbx	ok	cmu	B-retarget	43	19	1	b7c0a8f92ee0fe7f
Anims_Only_FBX_V1/FBX/79_24.fbx	ok	cmu	B-retarget	43	19	1	b7c0a8f92ee0fe7f
Anims_Only_FBX_V1/FBX/79_25.fbx	ok	cmu	B-retarget	43	19	1	b7c0a8f92ee0fe7f
Anims_Only_FBX_V1/FBX/79_26.fbx	ok	cmu	B-retarget	43	19	1	b7c0a8f92ee0fe7f
Anims_Only_FBX_V1/FBX/79_27.fbx	ok	cmu	B-retarget	43	19	1	b7c0a8f92ee0fe7f
Anims_Only_FBX_V1/FBX/79_28.fbx	ok	cmu	B-retarget	43	19	1	b7c0a8f92ee0fe7f
Anims_Only_FBX_V1/FBX/79_29.fbx	ok	cmu	B-retarget	43	19	1	b7c0a8f92ee0fe7f
Anims_Only_FBX_V1/FBX/79_30.fbx	ok	cmu	B-retarget	43	19	1	b7c0a8f92ee0fe7f
Anims_Only_FBX_V1/FBX/79_31.fbx	ok	cmu	B-retarget	43	19	1	b7c0a8f92ee0fe7f
Anims_Only_FBX_V1/FBX/79_32.fbx	ok	cmu	B-retarget	43	19	1	b7c0a8f92ee0fe7f
Anims_Only_FBX_V1/FBX/79_33.fbx	ok	cmu	B-retarget	43	19	1	b7c0a8f92ee0fe7f
Anims_Only_FBX_V1/FBX/79_34.fbx	ok	cmu	B-retarget	43	19	1	b7c0a8f92ee0fe7f
Anims_Only_FBX_V1/FBX/79_35.fbx	ok	cmu	B-retarget	43	19	1	b7c0a8f92ee0fe7f
Anims_Only_FBX_V1/FBX/79_36.fbx	ok	cmu	B-retarget	43	19	1	b7c0a8f92ee0fe7f
Anims_Only_FBX_V1/FBX/79_37.fbx	ok	cmu	B-retarget	43	19	1	b7c0a8f92ee0fe7f
Anims_Only_FBX_V1/FBX/79_38.fbx	ok	cmu	B-retarget	43	19	1	b7c0a8f92ee0fe7f
Anims_Only_FBX_V1/FBX/79_39.fbx	ok	cmu	B-retarget	43	19	1	b7c0a8f92ee0fe7f
Anims_Only_FBX_V1/FBX/79_40.fbx	ok	cmu	B-retarget	43	19	1	b7c0a8f92ee0fe7f
Anims_Only_FBX_V1/FBX/79_41.fbx	ok	cmu	B-retarget	43	19	1	b7c0a8f92ee0fe7f
Anims_Only_FBX_V1/FBX/79_42.fbx	ok	cmu	B-retarget	43	19	1	b7c0a8f92ee0fe7f
Anims_Only_FBX_V1/FBX/79_43.fbx	ok	cmu	B-retarget	43	19	1	b7c0a8f92ee0fe7f
Anims_Only_FBX_V1/FBX/79_44.fbx	ok	cmu	B-retarget	43	19	1	b7c0a8f92ee0fe7f
Anims_Only_FBX_V1/FBX/79_45.fbx	ok	cmu	B-retarget	43	19	1	b7c0a8f92ee0fe7f
Anims_Only_FBX_V1/FBX/79_46.fbx	ok	cmu	B-retarget	43	19	1	b7c0a8f92ee0fe7f
Anims_Only_FBX_V1/FBX/79_47.fbx	ok	cmu	B-retarget	43	19	1	b7c0a8f92ee0fe7f
Anims_Only_FBX_V1/FBX/79_48.fbx	ok	cmu	B-retarget	43	19	1	b7c0a8f92ee0fe7f
Anims_Only_FBX_V1/FBX/79_49.fbx	ok	cmu	B-retarget	43	19	1	b7c0a8f92ee0fe7f
Anims_Only_FBX_V1/FBX/79_50.fbx	ok	cmu	B-retarget	43	19	1	b7c0a8f92ee0fe7f
Anims_Only_FBX_V1/FBX/79_51.fbx	ok	cmu	B-retarget	43	19	1	b7c0a8f92ee0fe7f
Anims_Only_FBX_V1/FBX/79_52.fbx	ok	cmu	B-retarget	43	19	1	b7c0a8f92ee0fe7f
Anims_Only_FBX_V1/FBX/79_53.fbx	ok	cmu	B-retarget	43	19	1	b7c0a8f92ee0fe7f
Anims_Only_FBX_V1/FBX/79_54.fbx	ok	cmu	B-retarget	43	19	1	b7c0a8f92ee0fe7f
Anims_Only_FBX_V1/FBX/79_55.fbx	ok	cmu	B-retarget	43	19	1	b7c0a8f92ee0fe7f
Anims_Only_FBX_V1/FBX/79_56.fbx	ok	cmu	B-retarget	43	19	1	b7c0a8f92ee0fe7f
Anims_Only_FBX_V1/FBX/79_57.fbx	ok	cmu	B-retarget	43	19	1	b7c0a8f92ee0fe7f
Anims_Only_FBX_V1/FBX/79_58.fbx	ok	cmu	B-retarget	43	19	1	b7c0a8f92ee0fe7f
Anims_Only_FBX_V1/FBX/79_59.fbx	ok	cmu	B-retarget	43	19	1	b7c0a8f92ee0fe7f
Anims_Only_FBX_V1/FBX/79_60.fbx	ok	cmu	B-retarget	43	19	1	b7c0a8f92ee0fe7f
Anims_Only_FBX_V1/FBX/79_61.fbx	ok	cmu	B-retarget	43	19	1	b7c0a8f92ee0fe7f
Anims_Only_FBX_V1/FBX/79_62.fbx	ok	cmu	B-retarget	43	19	1	b7c0a8f92ee0fe7f
Anims_Only_FBX_V1/FBX/79_63.fbx	ok	cmu	B-retarget	43	19	1	b7c0a8f92ee0fe7f
Anims_Only_FBX_V1/FBX/79_64.fbx	ok	cmu	B-retarget	43	19	1	b7c0a8f92ee0fe7f
Anims_Only_FBX_V1/FBX/79_65.fbx	ok	cmu	B-retarget	43	19	1	b7c0a8f92ee0fe7f
Anims_Only_FBX_V1/FBX/79_66.fbx	ok	cmu	B-retarget	43	19	1	b7c0a8f92ee0fe7f
Anims_Only_FBX_V1/FBX/79_67.fbx	ok	cmu	B-retarget	43	19	1	b7c0a8f92ee0fe7f
Anims_Only_FBX_V1/FBX/79_68.fbx	ok	cmu	B-retarget	43	19	1	b7c0a8f92ee0fe7f
Anims_Only_FBX_V1/FBX/79_69.fbx	ok	cmu	B-retarget	43	19	1	b7c0a8f92ee0fe7f
Anims_Only_FBX_V1/FBX/79_70.fbx	ok	cmu	B-retarget	43	19	1	b7c0a8f92ee0fe7f
Anims_Only_FBX_V1/FBX/79_71.fbx	ok	cmu	B-retarget	43	19	1	b7c0a8f92ee0fe7f
Anims_Only_FBX_V1/FBX/79_72.fbx	ok	cmu	B-retarget	43	19	1	b7c0a8f92ee0fe7f
Anims_Only_FBX_V1/FBX/79_73.fbx	ok	cmu	B-retarget	43	19	1	b7c0a8f92ee0fe7f
Anims_Only_FBX_V1/FBX/79_74.fbx	ok	cmu	B-retarget	43	19	1	b7c0a8f92ee0fe7f
Anims_Only_FBX_V1/FBX/79_75.fbx	ok	cmu	B-retarget	43	19	1	b7c0a8f92ee0fe7f
Anims_Only_FBX_V1/FBX/79_76.fbx	ok	cmu	B-retarget	43	19	1	b7c0a8f92ee0fe7f
Anims_Only_FBX_V1/FBX/79_77.fbx	ok	cmu	B-retarget	43	19	1	b7c0a8f92ee0fe7f
Anims_Only_FBX_V1/FBX/79_78.fbx	ok	cmu	B-retarget	43	19	1	b7c0a8f92ee0fe7f
Anims_Only_FBX_V1/FBX/79_79.fbx	ok	cmu	B-retarget	43	19	1	b7c0a8f92ee0fe7f
Anims_Only_FBX_V1/FBX/79_80.fbx	ok	cmu	B-retarget	43	19	1	b7c0a8f92ee0fe7f
Anims_Only_FBX_V1/FBX/79_81.fbx	ok	cmu	B-retarget	43	19	1	b7c0a8f92ee0fe7f
Anims_Only_FBX_V1/FBX/79_82.fbx	ok	cmu	B-retarget	43	19	1	b7c0a8f92ee0fe7f
Anims_Only_FBX_V1/FBX/79_83.fbx	ok	cmu	B-retarget	43	19	1	b7c0a8f92ee0fe7f
Anims_Only_FBX_V1/FBX/79_84.fbx	ok	cmu	B-retarget	43	19	1	b7c0a8f92ee0fe7f
Anims_Only_FBX_V1/FBX/79_85.fbx	ok	cmu	B-retarget	43	19	1	b7c0a8f92ee0fe7f
Anims_Only_FBX_V1/FBX/79_86.fbx	ok	cmu	B-retarget	43	19	1	b7c0a8f92ee0fe7f
Anims_Only_FBX_V1/FBX/79_87.fbx	ok	cmu	B-retarget	43	19	1	b7c0a8f92ee0fe7f
Anims_Only_FBX_V1/FBX/79_88.fbx	ok	cmu	B-retarget	43	19	1	b7c0a8f92ee0fe7f
Anims_Only_FBX_V1/FBX/79_89.fbx	ok	cmu	B-retarget	43	19	1	b7c0a8f92ee0fe7f
Anims_Only_FBX_V1/FBX/79_90.fbx	ok	cmu	B-retarget	43	19	1	b7c0a8f92ee0fe7f
Anims_Only_FBX_V1/FBX/79_91.fbx	ok	cmu	B-retarget	43	19	1	b7c0a8f92ee0fe7f
Anims_Only_FBX_V1/FBX/79_92.fbx	ok	cmu	B-retarget	43	19	1	b7c0a8f92ee0fe7f
Anims_Only_FBX_V1/FBX/79_93.fbx	ok	cmu	B-retarget	43	19	1	b7c0a8f92ee0fe7f
Anims_Only_FBX_V1/FBX/79_94.fbx	ok	cmu	B-retarget	43	19	1	b7c0a8f92ee0fe7f
Anims_Only_FBX_V1/FBX/79_95.fbx	ok	cmu	B-retarget	43	19	1	b7c0a8f92ee0fe7f
Anims_Only_FBX_V1/FBX/79_96.fbx	ok	cmu	B-retarget	43	19	1	b7c0a8f92ee0fe7f
Anims_Only_FBX_V1/FBX/80_01.fbx	ok	cmu	B-retarget	43	19	1	b7c0a8f92ee0fe7f
Anims_Only_FBX_V1/FBX/80_02.fbx	ok	cmu	B-retarget	43	19	1	b7c0a8f92ee0fe7f
Anims_Only_FBX_V1/FBX/80_03.fbx	ok	cmu	B-retarget	43	19	1	b7c0a8f92ee0fe7f
Anims_Only_FBX_V1/FBX/80_04.fbx	ok	cmu	B-retarget	43	19	1	b7c0a8f92ee0fe7f
Anims_Only_FBX_V1/FBX/80_05.fbx	ok	cmu	B-retarget	43	19	1	b7c0a8f92ee0fe7f
Anims_Only_FBX_V1/FBX/80_06.fbx	ok	cmu	B-retarget	43	19	1	b7c0a8f92ee0fe7f
Anims_Only_FBX_V1/FBX/80_07.fbx	ok	cmu	B-retarget	43	19	1	b7c0a8f92ee0fe7f
Anims_Only_FBX_V1/FBX/80_08.fbx	ok	cmu	B-retarget	43	19	1	b7c0a8f92ee0fe7f
Anims_Only_FBX_V1/FBX/80_09.fbx	ok	cmu	B-retarget	43	19	1	b7c0a8f92ee0fe7f
Anims_Only_FBX_V1/FBX/80_10.fbx	ok	cmu	B-retarget	43	19	1	b7c0a8f92ee0fe7f
Anims_Only_FBX_V1/FBX/80_11.fbx	ok	cmu	B-retarget	43	19	1	b7c0a8f92ee0fe7f
Anims_Only_FBX_V1/FBX/80_12.fbx	ok	cmu	B-retarget	43	19	1	b7c0a8f92ee0fe7f
Anims_Only_FBX_V1/FBX/80_13.fbx	ok	cmu	B-retarget	43	19	1	b7c0a8f92ee0fe7f
Anims_Only_FBX_V1/FBX/80_14.fbx	ok	cmu	B-retarget	43	19	1	b7c0a8f92ee0fe7f
Anims_Only_FBX_V1/FBX/80_15.fbx	ok	cmu	B-retarget	43	19	1	b7c0a8f92ee0fe7f
Anims_Only_FBX_V1/FBX/80_16.fbx	ok	cmu	B-retarget	43	19	1	b7c0a8f92ee0fe7f
Anims_Only_FBX_V1/FBX/80_17.fbx	ok	cmu	B-retarget	43	19	1	b7c0a8f92ee0fe7f
Anims_Only_FBX_V1/FBX/80_18.fbx	ok	cmu	B-retarget	43	19	1	b7c0a8f92ee0fe7f
Anims_Only_FBX_V1/FBX/80_19.fbx	ok	cmu	B-retarget	43	19	1	b7c0a8f92ee0fe7f
Anims_Only_FBX_V1/FBX/80_20.fbx	ok	cmu	B-retarget	43	19	1	b7c0a8f92ee0fe7f
Anims_Only_FBX_V1/FBX/80_21.fbx	ok	cmu	B-retarget	43	19	1	b7c0a8f92ee0fe7f
Anims_Only_FBX_V1/FBX/80_22.fbx	ok	cmu	B-retarget	43	19	1	b7c0a8f92ee0fe7f
Anims_Only_FBX_V1/FBX/80_23.fbx	ok	cmu	B-retarget	43	19	1	b7c0a8f92ee0fe7f
Anims_Only_FBX_V1/FBX/80_24.fbx	ok	cmu	B-retarget	43	19	1	b7c0a8f92ee0fe7f
Anims_Only_FBX_V1/FBX/80_25.fbx	ok	cmu	B-retarget	43	19	1	b7c0a8f92ee0fe7f
Anims_Only_FBX_V1/FBX/80_26.fbx	ok	cmu	B-retarget	43	19	1	b7c0a8f92ee0fe7f
Anims_Only_FBX_V1/FBX/80_27.fbx	ok	cmu	B-retarget	43	19	1	b7c0a8f92ee0fe7f
Anims_Only_FBX_V1/FBX/80_28.fbx	ok	cmu	B-retarget	43	19	1	b7c0a8f92ee0fe7f
Anims_Only_FBX_V1/FBX/80_29.fbx	ok	cmu	B-retarget	43	19	1	b7c0a8f92ee0fe7f
Anims_Only_FBX_V1/FBX/80_30.fbx	ok	cmu	B-retarget	43	19	1	b7c0a8f92ee0fe7f
Anims_Only_FBX_V1/FBX/80_31.fbx	ok	cmu	B-retarget	43	19	1	b7c0a8f92ee0fe7f
Anims_Only_FBX_V1/FBX/80_32.fbx	ok	cmu	B-retarget	43	19	1	b7c0a8f92ee0fe7f
Anims_Only_FBX_V1/FBX/80_33.fbx	ok	cmu	B-retarget	43	19	1	b7c0a8f92ee0fe7f
Anims_Only_FBX_V1/FBX/80_34.fbx	ok	cmu	B-retarget	43	19	1	b7c0a8f92ee0fe7f
Anims_Only_FBX_V1/FBX/80_35.fbx	ok	cmu	B-retarget	43	19	1	b7c0a8f92ee0fe7f
Anims_Only_FBX_V1/FBX/80_36.fbx	ok	cmu	B-retarget	43	19	1	b7c0a8f92ee0fe7f
Anims_Only_FBX_V1/FBX/80_37.fbx	ok	cmu	B-retarget	43	19	1	b7c0a8f92ee0fe7f
Anims_Only_FBX_V1/FBX/80_38.fbx	ok	cmu	B-retarget	43	19	1	b7c0a8f92ee0fe7f
Anims_Only_FBX_V1/FBX/80_39.fbx	ok	cmu	B-retarget	43	19	1	b7c0a8f92ee0fe7f
Anims_Only_FBX_V1/FBX/80_40.fbx	ok	cmu	B-retarget	43	19	1	b7c0a8f92ee0fe7f
Anims_Only_FBX_V1/FBX/80_41.fbx	ok	cmu	B-retarget	43	19	1	b7c0a8f92ee0fe7f
Anims_Only_FBX_V1/FBX/80_42.fbx	ok	cmu	B-retarget	43	19	1	b7c0a8f92ee0fe7f
Anims_Only_FBX_V1/FBX/80_43.fbx	ok	cmu	B-retarget	43	19	1	b7c0a8f92ee0fe7f
Anims_Only_FBX_V1/FBX/80_44.fbx	ok	cmu	B-retarget	43	19	1	b7c0a8f92ee0fe7f
Anims_Only_FBX_V1/FBX/80_45.fbx	ok	cmu	B-retarget	43	19	1	b7c0a8f92ee0fe7f
Anims_Only_FBX_V1/FBX/80_46.fbx	ok	cmu	B-retarget	43	19	1	b7c0a8f92ee0fe7f
Anims_Only_FBX_V1/FBX/80_47.fbx	ok	cmu	B-retarget	43	19	1	b7c0a8f92ee0fe7f
Anims_Only_FBX_V1/FBX/80_48.fbx	ok	cmu	B-retarget	43	19	1	b7c0a8f92ee0fe7f
Anims_Only_FBX_V1/FBX/80_49.fbx	ok	cmu	B-retarget	43	19	1	b7c0a8f92ee0fe7f
Anims_Only_FBX_V1/FBX/80_50.fbx	ok	cmu	B-retarget	43	19	1	b7c0a8f92ee0fe7f
Anims_Only_FBX_V1/FBX/80_51.fbx	ok	cmu	B-retarget	43	19	1	b7c0a8f92ee0fe7f
Anims_Only_FBX_V1/FBX/80_52.fbx	ok	cmu	B-retarget	43	19	1	b7c0a8f92ee0fe7f
Anims_Only_FBX_V1/FBX/80_53.fbx	ok	cmu	B-retarget	43	19	1	b7c0a8f92ee0fe7f
Anims_Only_FBX_V1/FBX/80_54.fbx	ok	cmu	B-retarget	43	19	1	b7c0a8f92ee0fe7f
Anims_Only_FBX_V1/FBX/80_55.fbx	ok	cmu	B-retarget	43	19	1	b7c0a8f92ee0fe7f
Anims_Only_FBX_V1/FBX/80_56.fbx	ok	cmu	B-retarget	43	19	1	b7c0a8f92ee0fe7f
Anims_Only_FBX_V1/FBX/80_57.fbx	ok	cmu	B-retarget	43	19	1	b7c0a8f92ee0fe7f
Anims_Only_FBX_V1/FBX/80_58.fbx	ok	cmu	B-retarget	43	19	1	b7c0a8f92ee0fe7f
Anims_Only_FBX_V1/FBX/80_59.fbx	ok	cmu	B-retarget	43	19	1	b7c0a8f92ee0fe7f
Anims_Only_FBX_V1/FBX/80_60.fbx	ok	cmu	B-retarget	43	19	1	b7c0a8f92ee0fe7f
Anims_Only_FBX_V1/FBX/80_61.fbx	ok	cmu	B-retarget	43	19	1	b7c0a8f92ee0fe7f
Anims_Only_FBX_V1/FBX/80_62.fbx	ok	cmu	B-retarget	43	19	1	b7c0a8f92ee0fe7f
Anims_Only_FBX_V1/FBX/80_63.fbx	ok	cmu	B-retarget	43	19	1	b7c0a8f92ee0fe7f
Anims_Only_FBX_V1/FBX/80_64.fbx	ok	cmu	B-retarget	43	19	1	b7c0a8f92ee0fe7f
Anims_Only_FBX_V1/FBX/80_65.fbx	ok	cmu	B-retarget	43	19	1	b7c0a8f92ee0fe7f
Anims_Only_FBX_V1/FBX/80_66.fbx	ok	cmu	B-retarget	43	19	1	b7c0a8f92ee0fe7f
Anims_Only_FBX_V1/FBX/80_67.fbx	ok	cmu	B-retarget	43	19	1	b7c0a8f92ee0fe7f
Anims_Only_FBX_V1/FBX/80_68.fbx	ok	cmu	B-retarget	43	19	1	b7c0a8f92ee0fe7f
Anims_Only_FBX_V1/FBX/80_69.fbx	ok	cmu	B-retarget	43	19	1	b7c0a8f92ee0fe7f
Anims_Only_FBX_V1/FBX/80_70.fbx	ok	cmu	B-retarget	43	19	1	b7c0a8f92ee0fe7f
Anims_Only_FBX_V1/FBX/80_71.fbx	ok	cmu	B-retarget	43	19	1	b7c0a8f92ee0fe7f
Anims_Only_FBX_V1/FBX/80_72.fbx	ok	cmu	B-retarget	43	19	1	b7c0a8f92ee0fe7f
Anims_Only_FBX_V1/FBX/80_73.fbx	ok	cmu	B-retarget	43	19	1	b7c0a8f92ee0fe7f
Anims_Only_FBX_V1/FBX/81_01.fbx	ok	cmu	B-retarget	43	19	1	b7c0a8f92ee0fe7f
Anims_Only_FBX_V1/FBX/81_02.fbx	ok	cmu	B-retarget	43	19	1	b7c0a8f92ee0fe7f
Anims_Only_FBX_V1/FBX/81_03.fbx	ok	cmu	B-retarget	43	19	1	b7c0a8f92ee0fe7f
Anims_Only_FBX_V1/FBX/81_04.fbx	ok	cmu	B-retarget	43	19	1	b7c0a8f92ee0fe7f
Anims_Only_FBX_V1/FBX/81_05.fbx	ok	cmu	B-retarget	43	19	1	b7c0a8f92ee0fe7f
Anims_Only_FBX_V1/FBX/81_06.fbx	ok	cmu	B-retarget	43	19	1	b7c0a8f92ee0fe7f
Anims_Only_FBX_V1/FBX/81_07.fbx	ok	cmu	B-retarget	43	19	1	b7c0a8f92ee0fe7f
Anims_Only_FBX_V1/FBX/81_08.fbx	ok	cmu	B-retarget	43	19	1	b7c0a8f92ee0fe7f
Anims_Only_FBX_V1/FBX/81_09.fbx	ok	cmu	B-retarget	43	19	1	b7c0a8f92ee0fe7f
Anims_Only_FBX_V1/FBX/81_10.fbx	ok	cmu	B-retarget	43	19	1	b7c0a8f92ee0fe7f
Anims_Only_FBX_V1/FBX/81_11.fbx	ok	cmu	B-retarget	43	19	1	b7c0a8f92ee0fe7f
Anims_Only_FBX_V1/FBX/81_12.fbx	ok	cmu	B-retarget	43	19	1	b7c0a8f92ee0fe7f
Anims_Only_FBX_V1/FBX/81_13.fbx	ok	cmu	B-retarget	43	19	1	b7c0a8f92ee0fe7f
Anims_Only_FBX_V1/FBX/81_14.fbx	ok	cmu	B-retarget	43	19	1	b7c0a8f92ee0fe7f
Anims_Only_FBX_V1/FBX/81_15.fbx	ok	cmu	B-retarget	43	19	1	b7c0a8f92ee0fe7f
Anims_Only_FBX_V1/FBX/81_16.fbx	ok	cmu	B-retarget	43	19	1	b7c0a8f92ee0fe7f
Anims_Only_FBX_V1/FBX/81_17.fbx	ok	cmu	B-retarget	43	19	1	b7c0a8f92ee0fe7f
Anims_Only_FBX_V1/FBX/81_18.fbx	ok	cmu	B-retarget	43	19	1	b7c0a8f92ee0fe7f
Anims_Only_FBX_V1/FBX/82_01.fbx	ok	cmu	B-retarget	43	19	1	b7c0a8f92ee0fe7f
Anims_Only_FBX_V1/FBX/82_02.fbx	ok	cmu	B-retarget	43	19	1	b7c0a8f92ee0fe7f
Anims_Only_FBX_V1/FBX/82_03.fbx	ok	cmu	B-retarget	43	19	1	b7c0a8f92ee0fe7f
Anims_Only_FBX_V1/FBX/82_04.fbx	ok	cmu	B-retarget	43	19	1	b7c0a8f92ee0fe7f
Anims_Only_FBX_V1/FBX/82_05.fbx	ok	cmu	B-retarget	43	19	1	b7c0a8f92ee0fe7f
Anims_Only_FBX_V1/FBX/82_06.fbx	ok	cmu	B-retarget	43	19	1	b7c0a8f92ee0fe7f
Anims_Only_FBX_V1/FBX/82_07.fbx	ok	cmu	B-retarget	43	19	1	b7c0a8f92ee0fe7f
Anims_Only_FBX_V1/FBX/82_08.fbx	ok	cmu	B-retarget	43	19	1	b7c0a8f92ee0fe7f
Anims_Only_FBX_V1/FBX/82_09.fbx	ok	cmu	B-retarget	43	19	1	b7c0a8f92ee0fe7f
Anims_Only_FBX_V1/FBX/82_10.fbx	ok	cmu	B-retarget	43	19	1	b7c0a8f92ee0fe7f
Anims_Only_FBX_V1/FBX/82_11.fbx	ok	cmu	B-retarget	43	19	1	b7c0a8f92ee0fe7f
Anims_Only_FBX_V1/FBX/82_12.fbx	ok	cmu	B-retarget	43	19	1	b7c0a8f92ee0fe7f
Anims_Only_FBX_V1/FBX/82_13.fbx	ok	cmu	B-retarget	43	19	1	b7c0a8f92ee0fe7f
Anims_Only_FBX_V1/FBX/82_14.fbx	ok	cmu	B-retarget	43	19	1	b7c0a8f92ee0fe7f
Anims_Only_FBX_V1/FBX/82_15.fbx	ok	cmu	B-retarget	43	19	1	b7c0a8f92ee0fe7f
Anims_Only_FBX_V1/FBX/82_16.fbx	ok	cmu	B-retarget	43	19	1	b7c0a8f92ee0fe7f
Anims_Only_FBX_V1/FBX/82_17.fbx	ok	cmu	B-retarget	43	19	1	b7c0a8f92ee0fe7f
Anims_Only_FBX_V1/FBX/82_18.fbx	ok	cmu	B-retarget	43	19	1	b7c0a8f92ee0fe7f
Anims_Only_FBX_V1/FBX/83_01.fbx	ok	cmu	B-retarget	43	19	1	b7c0a8f92ee0fe7f
Anims_Only_FBX_V1/FBX/83_02.fbx	ok	cmu	B-retarget	43	19	1	b7c0a8f92ee0fe7f
Anims_Only_FBX_V1/FBX/83_03.fbx	ok	cmu	B-retarget	43	19	1	b7c0a8f92ee0fe7f
Anims_Only_FBX_V1/FBX/83_04.fbx	ok	cmu	B-retarget	43	19	1	b7c0a8f92ee0fe7f
Anims_Only_FBX_V1/FBX/83_05.fbx	ok	cmu	B-retarget	43	19	1	b7c0a8f92ee0fe7f
Anims_Only_FBX_V1/FBX/83_06.fbx	ok	cmu	B-retarget	43	19	1	b7c0a8f92ee0fe7f
Anims_Only_FBX_V1/FBX/83_07.fbx	ok	cmu	B-retarget	43	19	1	b7c0a8f92ee0fe7f
Anims_Only_FBX_V1/FBX/83_08.fbx	ok	cmu	B-retarget	43	19	1	b7c0a8f92ee0fe7f
Anims_Only_FBX_V1/FBX/83_09.fbx	ok	cmu	B-retarget	43	19	1	b7c0a8f92ee0fe7f
Anims_Only_FBX_V1/FBX/83_10.fbx	ok	cmu	B-retarget	43	19	1	b7c0a8f92ee0fe7f
Anims_Only_FBX_V1/FBX/83_11.fbx	ok	cmu	B-retarget	43	19	1	b7c0a8f92ee0fe7f
Anims_Only_FBX_V1/FBX/83_12.fbx	ok	cmu	B-retarget	43	19	1	b7c0a8f92ee0fe7f
Anims_Only_FBX_V1/FBX/83_13.fbx	ok	cmu	B-retarget	43	19	1	b7c0a8f92ee0fe7f
Anims_Only_FBX_V1/FBX/83_14.fbx	ok	cmu	B-retarget	43	19	1	b7c0a8f92ee0fe7f
Anims_Only_FBX_V1/FBX/83_15.fbx	ok	cmu	B-retarget	43	19	1	b7c0a8f92ee0fe7f
Anims_Only_FBX_V1/FBX/83_16.fbx	ok	cmu	B-retarget	43	19	1	b7c0a8f92ee0fe7f
Anims_Only_FBX_V1/FBX/83_17.fbx	ok	cmu	B-retarget	43	19	1	b7c0a8f92ee0fe7f
Anims_Only_FBX_V1/FBX/83_18.fbx	ok	cmu	B-retarget	43	19	1	b7c0a8f92ee0fe7f
Anims_Only_FBX_V1/FBX/83_19.fbx	ok	cmu	B-retarget	43	19	1	b7c0a8f92ee0fe7f
Anims_Only_FBX_V1/FBX/83_20.fbx	ok	cmu	B-retarget	43	19	1	b7c0a8f92ee0fe7f
Anims_Only_FBX_V1/FBX/83_21.fbx	ok	cmu	B-retarget	43	19	1	b7c0a8f92ee0fe7f
Anims_Only_FBX_V1/FBX/83_22.fbx	ok	cmu	B-retarget	43	19	1	b7c0a8f92ee0fe7f
Anims_Only_FBX_V1/FBX/83_23.fbx	ok	cmu	B-retarget	43	19	1	b7c0a8f92ee0fe7f
Anims_Only_FBX_V1/FBX/83_24.fbx	ok	cmu	B-retarget	43	19	1	b7c0a8f92ee0fe7f
Anims_Only_FBX_V1/FBX/83_25.fbx	ok	cmu	B-retarget	43	19	1	b7c0a8f92ee0fe7f
Anims_Only_FBX_V1/FBX/83_26.fbx	ok	cmu	B-retarget	43	19	1	b7c0a8f92ee0fe7f
Anims_Only_FBX_V1/FBX/83_27.fbx	ok	cmu	B-retarget	43	19	1	b7c0a8f92ee0fe7f
Anims_Only_FBX_V1/FBX/83_28.fbx	ok	cmu	B-retarget	43	19	1	b7c0a8f92ee0fe7f
Anims_Only_FBX_V1/FBX/83_29.fbx	ok	cmu	B-retarget	43	19	1	b7c0a8f92ee0fe7f
Anims_Only_FBX_V1/FBX/83_30.fbx	ok	cmu	B-retarget	43	19	1	b7c0a8f92ee0fe7f
Anims_Only_FBX_V1/FBX/83_31.fbx	ok	cmu	B-retarget	43	19	1	b7c0a8f92ee0fe7f
Anims_Only_FBX_V1/FBX/83_32.fbx	ok	cmu	B-retarget	43	19	1	b7c0a8f92ee0fe7f
Anims_Only_FBX_V1/FBX/83_33.fbx	ok	cmu	B-retarget	43	19	1	b7c0a8f92ee0fe7f
Anims_Only_FBX_V1/FBX/83_34.fbx	ok	cmu	B-retarget	43	19	1	b7c0a8f92ee0fe7f
Anims_Only_FBX_V1/FBX/83_35.fbx	ok	cmu	B-retarget	43	19	1	b7c0a8f92ee0fe7f
Anims_Only_FBX_V1/FBX/83_36.fbx	ok	cmu	B-retarget	43	19	1	b7c0a8f92ee0fe7f
Anims_Only_FBX_V1/FBX/83_37.fbx	ok	cmu	B-retarget	43	19	1	b7c0a8f92ee0fe7f
Anims_Only_FBX_V1/FBX/83_38.fbx	ok	cmu	B-retarget	43	19	1	b7c0a8f92ee0fe7f
Anims_Only_FBX_V1/FBX/83_39.fbx	ok	cmu	B-retarget	43	19	1	b7c0a8f92ee0fe7f
Anims_Only_FBX_V1/FBX/83_40.fbx	ok	cmu	B-retarget	43	19	1	b7c0a8f92ee0fe7f
Anims_Only_FBX_V1/FBX/83_41.fbx	ok	cmu	B-retarget	43	19	1	b7c0a8f92ee0fe7f
Anims_Only_FBX_V1/FBX/83_42.fbx	ok	cmu	B-retarget	43	19	1	b7c0a8f92ee0fe7f
Anims_Only_FBX_V1/FBX/83_43.fbx	ok	cmu	B-retarget	43	19	1	b7c0a8f92ee0fe7f
Anims_Only_FBX_V1/FBX/83_44.fbx	ok	cmu	B-retarget	43	19	1	b7c0a8f92ee0fe7f
Anims_Only_FBX_V1/FBX/83_45.fbx	ok	cmu	B-retarget	43	19	1	b7c0a8f92ee0fe7f
Anims_Only_FBX_V1/FBX/83_46.fbx	ok	cmu	B-retarget	43	19	1	b7c0a8f92ee0fe7f
Anims_Only_FBX_V1/FBX/83_47.fbx	ok	cmu	B-retarget	43	19	1	b7c0a8f92ee0fe7f
Anims_Only_FBX_V1/FBX/83_48.fbx	ok	cmu	B-retarget	43	19	1	b7c0a8f92ee0fe7f
Anims_Only_FBX_V1/FBX/83_49.fbx	ok	cmu	B-retarget	43	19	1	b7c0a8f92ee0fe7f
Anims_Only_FBX_V1/FBX/83_50.fbx	ok	cmu	B-retarget	43	19	1	b7c0a8f92ee0fe7f
Anims_Only_FBX_V1/FBX/83_51.fbx	ok	cmu	B-retarget	43	19	1	b7c0a8f92ee0fe7f
Anims_Only_FBX_V1/FBX/83_52.fbx	ok	cmu	B-retarget	43	19	1	b7c0a8f92ee0fe7f
Anims_Only_FBX_V1/FBX/83_53.fbx	ok	cmu	B-retarget	43	19	1	b7c0a8f92ee0fe7f
Anims_Only_FBX_V1/FBX/83_54.fbx	ok	cmu	B-retarget	43	19	1	b7c0a8f92ee0fe7f
Anims_Only_FBX_V1/FBX/83_55.fbx	ok	cmu	B-retarget	43	19	1	b7c0a8f92ee0fe7f
Anims_Only_FBX_V1/FBX/83_56.fbx	ok	cmu	B-retarget	43	19	1	b7c0a8f92ee0fe7f
Anims_Only_FBX_V1/FBX/83_57.fbx	ok	cmu	B-retarget	43	19	1	b7c0a8f92ee0fe7f
Anims_Only_FBX_V1/FBX/83_58.fbx	ok	cmu	B-retarget	43	19	1	b7c0a8f92ee0fe7f
Anims_Only_FBX_V1/FBX/83_59.fbx	ok	cmu	B-retarget	43	19	1	b7c0a8f92ee0fe7f
Anims_Only_FBX_V1/FBX/83_60.fbx	ok	cmu	B-retarget	43	19	1	b7c0a8f92ee0fe7f
Anims_Only_FBX_V1/FBX/83_61.fbx	ok	cmu	B-retarget	43	19	1	b7c0a8f92ee0fe7f
Anims_Only_FBX_V1/FBX/83_62.fbx	ok	cmu	B-retarget	43	19	1	b7c0a8f92ee0fe7f
Anims_Only_FBX_V1/FBX/83_63.fbx	ok	cmu	B-retarget	43	19	1	b7c0a8f92ee0fe7f
Anims_Only_FBX_V1/FBX/83_64.fbx	ok	cmu	B-retarget	43	19	1	b7c0a8f92ee0fe7f
Anims_Only_FBX_V1/FBX/83_65.fbx	ok	cmu	B-retarget	43	19	1	b7c0a8f92ee0fe7f
Anims_Only_FBX_V1/FBX/83_66.fbx	ok	cmu	B-retarget	43	19	1	b7c0a8f92ee0fe7f
Anims_Only_FBX_V1/FBX/83_67.fbx	ok	cmu	B-retarget	43	19	1	b7c0a8f92ee0fe7f
Anims_Only_FBX_V1/FBX/83_68.fbx	ok	cmu	B-retarget	43	19	1	b7c0a8f92ee0fe7f
Anims_Only_FBX_V1/FBX/84_01.fbx	ok	cmu	B-retarget	43	19	1	b7c0a8f92ee0fe7f
Anims_Only_FBX_V1/FBX/84_02.fbx	ok	cmu	B-retarget	43	19	1	b7c0a8f92ee0fe7f
Anims_Only_FBX_V1/FBX/84_03.fbx	ok	cmu	B-retarget	43	19	1	b7c0a8f92ee0fe7f
Anims_Only_FBX_V1/FBX/84_04.fbx	ok	cmu	B-retarget	43	19	1	b7c0a8f92ee0fe7f
Anims_Only_FBX_V1/FBX/84_05.fbx	ok	cmu	B-retarget	43	19	1	b7c0a8f92ee0fe7f
Anims_Only_FBX_V1/FBX/84_06.fbx	ok	cmu	B-retarget	43	19	1	b7c0a8f92ee0fe7f
Anims_Only_FBX_V1/FBX/84_07.fbx	ok	cmu	B-retarget	43	19	1	b7c0a8f92ee0fe7f
Anims_Only_FBX_V1/FBX/84_08.fbx	ok	cmu	B-retarget	43	19	1	b7c0a8f92ee0fe7f
Anims_Only_FBX_V1/FBX/84_09.fbx	ok	cmu	B-retarget	43	19	1	b7c0a8f92ee0fe7f
Anims_Only_FBX_V1/FBX/84_10.fbx	ok	cmu	B-retarget	43	19	1	b7c0a8f92ee0fe7f
Anims_Only_FBX_V1/FBX/84_11.fbx	ok	cmu	B-retarget	43	19	1	b7c0a8f92ee0fe7f
Anims_Only_FBX_V1/FBX/84_12.fbx	ok	cmu	B-retarget	43	19	1	b7c0a8f92ee0fe7f
Anims_Only_FBX_V1/FBX/84_13.fbx	ok	cmu	B-retarget	43	19	1	b7c0a8f92ee0fe7f
Anims_Only_FBX_V1/FBX/84_14.fbx	ok	cmu	B-retarget	43	19	1	b7c0a8f92ee0fe7f
Anims_Only_FBX_V1/FBX/84_15.fbx	ok	cmu	B-retarget	43	19	1	b7c0a8f92ee0fe7f
Anims_Only_FBX_V1/FBX/84_16.fbx	ok	cmu	B-retarget	43	19	1	b7c0a8f92ee0fe7f
Anims_Only_FBX_V1/FBX/84_17.fbx	ok	cmu	B-retarget	43	19	1	b7c0a8f92ee0fe7f
Anims_Only_FBX_V1/FBX/84_18.fbx	ok	cmu	B-retarget	43	19	1	b7c0a8f92ee0fe7f
Anims_Only_FBX_V1/FBX/84_19.fbx	ok	cmu	B-retarget	43	19	1	b7c0a8f92ee0fe7f
Anims_Only_FBX_V1/FBX/84_20.fbx	ok	cmu	B-retarget	43	19	1	b7c0a8f92ee0fe7f
Anims_Only_FBX_V1/FBX/85_01.fbx	ok	cmu	B-retarget	43	19	1	b7c0a8f92ee0fe7f
Anims_Only_FBX_V1/FBX/85_02.fbx	ok	cmu	B-retarget	43	19	1	b7c0a8f92ee0fe7f
Anims_Only_FBX_V1/FBX/85_03.fbx	ok	cmu	B-retarget	43	19	1	b7c0a8f92ee0fe7f
Anims_Only_FBX_V1/FBX/85_04.fbx	ok	cmu	B-retarget	43	19	1	b7c0a8f92ee0fe7f
Anims_Only_FBX_V1/FBX/85_05.fbx	ok	cmu	B-retarget	43	19	1	b7c0a8f92ee0fe7f
Anims_Only_FBX_V1/FBX/85_06.fbx	ok	cmu	B-retarget	43	19	1	b7c0a8f92ee0fe7f
Anims_Only_FBX_V1/FBX/85_07.fbx	ok	cmu	B-retarget	43	19	1	b7c0a8f92ee0fe7f
Anims_Only_FBX_V1/FBX/85_08.fbx	ok	cmu	B-retarget	43	19	1	b7c0a8f92ee0fe7f
Anims_Only_FBX_V1/FBX/85_09.fbx	ok	cmu	B-retarget	43	19	1	b7c0a8f92ee0fe7f
Anims_Only_FBX_V1/FBX/85_10.fbx	ok	cmu	B-retarget	43	19	1	b7c0a8f92ee0fe7f
Anims_Only_FBX_V1/FBX/85_11.fbx	ok	cmu	B-retarget	43	19	1	b7c0a8f92ee0fe7f
Anims_Only_FBX_V1/FBX/85_12.fbx	ok	cmu	B-retarget	43	19	1	b7c0a8f92ee0fe7f
Anims_Only_FBX_V1/FBX/85_13.fbx	ok	cmu	B-retarget	43	19	1	b7c0a8f92ee0fe7f
Anims_Only_FBX_V1/FBX/85_14.fbx	ok	cmu	B-retarget	43	19	1	b7c0a8f92ee0fe7f
Anims_Only_FBX_V1/FBX/85_15.fbx	ok	cmu	B-retarget	43	19	1	b7c0a8f92ee0fe7f
Anims_Only_FBX_V1/FBX/86_01.fbx	ok	cmu	B-retarget	43	19	1	b7c0a8f92ee0fe7f
Anims_Only_FBX_V1/FBX/86_02.fbx	ok	cmu	B-retarget	43	19	1	b7c0a8f92ee0fe7f
Anims_Only_FBX_V1/FBX/86_03.fbx	ok	cmu	B-retarget	43	19	1	b7c0a8f92ee0fe7f
Anims_Only_FBX_V1/FBX/86_04.fbx	ok	cmu	B-retarget	43	19	1	b7c0a8f92ee0fe7f
Anims_Only_FBX_V1/FBX/86_05.fbx	ok	cmu	B-retarget	43	19	1	b7c0a8f92ee0fe7f
Anims_Only_FBX_V1/FBX/86_06.fbx	ok	cmu	B-retarget	43	19	1	b7c0a8f92ee0fe7f
Anims_Only_FBX_V1/FBX/86_07.fbx	ok	cmu	B-retarget	43	19	1	b7c0a8f92ee0fe7f
Anims_Only_FBX_V1/FBX/86_08.fbx	ok	cmu	B-retarget	43	19	1	b7c0a8f92ee0fe7f
Anims_Only_FBX_V1/FBX/86_09.fbx	ok	cmu	B-retarget	43	19	1	b7c0a8f92ee0fe7f
Anims_Only_FBX_V1/FBX/86_10.fbx	ok	cmu	B-retarget	43	19	1	b7c0a8f92ee0fe7f
Anims_Only_FBX_V1/FBX/86_11.fbx	ok	cmu	B-retarget	43	19	1	b7c0a8f92ee0fe7f
Anims_Only_FBX_V1/FBX/86_12.fbx	ok	cmu	B-retarget	43	19	1	b7c0a8f92ee0fe7f
Anims_Only_FBX_V1/FBX/86_13.fbx	ok	cmu	B-retarget	43	19	1	b7c0a8f92ee0fe7f
Anims_Only_FBX_V1/FBX/86_14.fbx	ok	cmu	B-retarget	43	19	1	b7c0a8f92ee0fe7f
Anims_Only_FBX_V1/FBX/86_15.fbx	ok	cmu	B-retarget	43	19	1	b7c0a8f92ee0fe7f
Anims_Only_FBX_V1/FBX/87_01.fbx	ok	cmu	B-retarget	43	19	1	b7c0a8f92ee0fe7f
Anims_Only_FBX_V1/FBX/87_02.fbx	ok	cmu	B-retarget	43	19	1	b7c0a8f92ee0fe7f
Anims_Only_FBX_V1/FBX/87_03.fbx	ok	cmu	B-retarget	43	19	1	b7c0a8f92ee0fe7f
Anims_Only_FBX_V1/FBX/87_04.fbx	ok	cmu	B-retarget	43	19	1	b7c0a8f92ee0fe7f
Anims_Only_FBX_V1/FBX/87_05.fbx	ok	cmu	B-retarget	43	19	1	b7c0a8f92ee0fe7f
Anims_Only_FBX_V1/FBX/88_01.fbx	ok	cmu	B-retarget	43	19	1	b7c0a8f92ee0fe7f
Anims_Only_FBX_V1/FBX/88_02.fbx	ok	cmu	B-retarget	43	19	1	b7c0a8f92ee0fe7f
Anims_Only_FBX_V1/FBX/88_03.fbx	ok	cmu	B-retarget	43	19	1	b7c0a8f92ee0fe7f
Anims_Only_FBX_V1/FBX/88_04.fbx	ok	cmu	B-retarget	43	19	1	b7c0a8f92ee0fe7f
Anims_Only_FBX_V1/FBX/88_05.fbx	ok	cmu	B-retarget	43	19	1	b7c0a8f92ee0fe7f
Anims_Only_FBX_V1/FBX/88_06.fbx	ok	cmu	B-retarget	43	19	1	b7c0a8f92ee0fe7f
Anims_Only_FBX_V1/FBX/88_07.fbx	ok	cmu	B-retarget	43	19	1	b7c0a8f92ee0fe7f
Anims_Only_FBX_V1/FBX/88_08.fbx	ok	cmu	B-retarget	43	19	1	b7c0a8f92ee0fe7f
Anims_Only_FBX_V1/FBX/88_09.fbx	ok	cmu	B-retarget	43	19	1	b7c0a8f92ee0fe7f
Anims_Only_FBX_V1/FBX/88_10.fbx	ok	cmu	B-retarget	43	19	1	b7c0a8f92ee0fe7f
Anims_Only_FBX_V1/FBX/88_11.fbx	ok	cmu	B-retarget	43	19	1	b7c0a8f92ee0fe7f
Anims_Only_FBX_V1/FBX/89_01.fbx	ok	cmu	B-retarget	43	19	1	b7c0a8f92ee0fe7f
Anims_Only_FBX_V1/FBX/89_02.fbx	ok	cmu	B-retarget	43	19	1	b7c0a8f92ee0fe7f
Anims_Only_FBX_V1/FBX/89_03.fbx	ok	cmu	B-retarget	43	19	1	b7c0a8f92ee0fe7f
Anims_Only_FBX_V1/FBX/89_04.fbx	ok	cmu	B-retarget	43	19	1	b7c0a8f92ee0fe7f
Anims_Only_FBX_V1/FBX/89_05.fbx	ok	cmu	B-retarget	43	19	1	b7c0a8f92ee0fe7f
Anims_Only_FBX_V1/FBX/89_06.fbx	ok	cmu	B-retarget	43	19	1	b7c0a8f92ee0fe7f
Anims_Only_FBX_V1/FBX/90_01.fbx	ok	cmu	B-retarget	43	19	1	b7c0a8f92ee0fe7f
Anims_Only_FBX_V1/FBX/90_02.fbx	ok	cmu	B-retarget	43	19	1	b7c0a8f92ee0fe7f
Anims_Only_FBX_V1/FBX/90_03.fbx	ok	cmu	B-retarget	43	19	1	b7c0a8f92ee0fe7f
Anims_Only_FBX_V1/FBX/90_04.fbx	ok	cmu	B-retarget	43	19	1	b7c0a8f92ee0fe7f
Anims_Only_FBX_V1/FBX/90_05.fbx	ok	cmu	B-retarget	43	19	1	b7c0a8f92ee0fe7f
Anims_Only_FBX_V1/FBX/90_06.fbx	ok	cmu	B-retarget	43	19	1	b7c0a8f92ee0fe7f
Anims_Only_FBX_V1/FBX/90_07.fbx	ok	cmu	B-retarget	43	19	1	b7c0a8f92ee0fe7f
Anims_Only_FBX_V1/FBX/90_08.fbx	ok	cmu	B-retarget	43	19	1	b7c0a8f92ee0fe7f
Anims_Only_FBX_V1/FBX/90_09.fbx	ok	cmu	B-retarget	43	19	1	b7c0a8f92ee0fe7f
Anims_Only_FBX_V1/FBX/90_10.fbx	no-actions	cmu	B-retarget	43	19	0	b7c0a8f92ee0fe7f
Anims_Only_FBX_V1/FBX/90_11.fbx	ok	cmu	B-retarget	43	19	1	b7c0a8f92ee0fe7f
Anims_Only_FBX_V1/FBX/90_12.fbx	ok	cmu	B-retarget	43	19	1	b7c0a8f92ee0fe7f
Anims_Only_FBX_V1/FBX/90_13.fbx	ok	cmu	B-retarget	43	19	1	b7c0a8f92ee0fe7f
Anims_Only_FBX_V1/FBX/90_14.fbx	ok	cmu	B-retarget	43	19	1	b7c0a8f92ee0fe7f
Anims_Only_FBX_V1/FBX/90_15.fbx	ok	cmu	B-retarget	43	19	1	b7c0a8f92ee0fe7f
Anims_Only_FBX_V1/FBX/90_16.fbx	ok	cmu	B-retarget	43	19	1	b7c0a8f92ee0fe7f
Anims_Only_FBX_V1/FBX/90_17.fbx	ok	cmu	B-retarget	43	19	1	b7c0a8f92ee0fe7f
Anims_Only_FBX_V1/FBX/90_18.fbx	ok	cmu	B-retarget	43	19	1	b7c0a8f92ee0fe7f
Anims_Only_FBX_V1/FBX/90_19.fbx	ok	cmu	B-retarget	43	19	1	b7c0a8f92ee0fe7f
Anims_Only_FBX_V1/FBX/90_20.fbx	ok	cmu	B-retarget	43	19	1	b7c0a8f92ee0fe7f
Anims_Only_FBX_V1/FBX/90_21.fbx	ok	cmu	B-retarget	43	19	1	b7c0a8f92ee0fe7f
Anims_Only_FBX_V1/FBX/90_22.fbx	ok	cmu	B-retarget	43	19	1	b7c0a8f92ee0fe7f
Anims_Only_FBX_V1/FBX/90_23.fbx	ok	cmu	B-retarget	43	19	1	b7c0a8f92ee0fe7f
Anims_Only_FBX_V1/FBX/90_24.fbx	ok	cmu	B-retarget	43	19	1	b7c0a8f92ee0fe7f
Anims_Only_FBX_V1/FBX/90_25.fbx	ok	cmu	B-retarget	43	19	1	b7c0a8f92ee0fe7f
Anims_Only_FBX_V1/FBX/90_26.fbx	ok	cmu	B-retarget	43	19	1	b7c0a8f92ee0fe7f
Anims_Only_FBX_V1/FBX/90_27.fbx	ok	cmu	B-retarget	43	19	1	b7c0a8f92ee0fe7f
Anims_Only_FBX_V1/FBX/90_28.fbx	ok	cmu	B-retarget	43	19	1	b7c0a8f92ee0fe7f
Anims_Only_FBX_V1/FBX/90_29.fbx	ok	cmu	B-retarget	43	19	1	b7c0a8f92ee0fe7f
Anims_Only_FBX_V1/FBX/90_30.fbx	ok	cmu	B-retarget	43	19	1	b7c0a8f92ee0fe7f
Anims_Only_FBX_V1/FBX/90_31.fbx	ok	cmu	B-retarget	43	19	1	b7c0a8f92ee0fe7f
Anims_Only_FBX_V1/FBX/90_32.fbx	ok	cmu	B-retarget	43	19	1	b7c0a8f92ee0fe7f
Anims_Only_FBX_V1/FBX/90_33.fbx	ok	cmu	B-retarget	43	19	1	b7c0a8f92ee0fe7f
Anims_Only_FBX_V1/FBX/90_34.fbx	ok	cmu	B-retarget	43	19	1	b7c0a8f92ee0fe7f
Anims_Only_FBX_V1/FBX/90_35.fbx	ok	cmu	B-retarget	43	19	1	b7c0a8f92ee0fe7f
Anims_Only_FBX_V1/FBX/90_36.fbx	ok	cmu	B-retarget	43	19	1	b7c0a8f92ee0fe7f
Anims_Only_FBX_V1/FBX/91_01.fbx	ok	cmu	B-retarget	43	19	1	b7c0a8f92ee0fe7f
Anims_Only_FBX_V1/FBX/91_02.fbx	ok	cmu	B-retarget	43	19	1	b7c0a8f92ee0fe7f
Anims_Only_FBX_V1/FBX/91_03.fbx	ok	cmu	B-retarget	43	19	1	b7c0a8f92ee0fe7f
Anims_Only_FBX_V1/FBX/91_04.fbx	ok	cmu	B-retarget	43	19	1	b7c0a8f92ee0fe7f
Anims_Only_FBX_V1/FBX/91_05.fbx	ok	cmu	B-retarget	43	19	1	b7c0a8f92ee0fe7f
Anims_Only_FBX_V1/FBX/91_06.fbx	ok	cmu	B-retarget	43	19	1	b7c0a8f92ee0fe7f
Anims_Only_FBX_V1/FBX/91_07.fbx	ok	cmu	B-retarget	43	19	1	b7c0a8f92ee0fe7f
Anims_Only_FBX_V1/FBX/91_08.fbx	ok	cmu	B-retarget	43	19	1	b7c0a8f92ee0fe7f
Anims_Only_FBX_V1/FBX/91_09.fbx	ok	cmu	B-retarget	43	19	1	b7c0a8f92ee0fe7f
Anims_Only_FBX_V1/FBX/91_10.fbx	ok	cmu	B-retarget	43	19	1	b7c0a8f92ee0fe7f
Anims_Only_FBX_V1/FBX/91_11.fbx	ok	cmu	B-retarget	43	19	1	b7c0a8f92ee0fe7f
Anims_Only_FBX_V1/FBX/91_12.fbx	ok	cmu	B-retarget	43	19	1	b7c0a8f92ee0fe7f
Anims_Only_FBX_V1/FBX/91_13.fbx	ok	cmu	B-retarget	43	19	1	b7c0a8f92ee0fe7f
Anims_Only_FBX_V1/FBX/91_14.fbx	ok	cmu	B-retarget	43	19	1	b7c0a8f92ee0fe7f
Anims_Only_FBX_V1/FBX/91_15.fbx	ok	cmu	B-retarget	43	19	1	b7c0a8f92ee0fe7f
Anims_Only_FBX_V1/FBX/91_16.fbx	ok	cmu	B-retarget	43	19	1	b7c0a8f92ee0fe7f
Anims_Only_FBX_V1/FBX/91_17.fbx	ok	cmu	B-retarget	43	19	1	b7c0a8f92ee0fe7f
Anims_Only_FBX_V1/FBX/91_18.fbx	ok	cmu	B-retarget	43	19	1	b7c0a8f92ee0fe7f
Anims_Only_FBX_V1/FBX/91_19.fbx	ok	cmu	B-retarget	43	19	1	b7c0a8f92ee0fe7f
Anims_Only_FBX_V1/FBX/91_20.fbx	ok	cmu	B-retarget	43	19	1	b7c0a8f92ee0fe7f
Anims_Only_FBX_V1/FBX/91_21.fbx	ok	cmu	B-retarget	43	19	1	b7c0a8f92ee0fe7f
Anims_Only_FBX_V1/FBX/91_22.fbx	ok	cmu	B-retarget	43	19	1	b7c0a8f92ee0fe7f
Anims_Only_FBX_V1/FBX/91_23.fbx	ok	cmu	B-retarget	43	19	1	b7c0a8f92ee0fe7f
Anims_Only_FBX_V1/FBX/91_24.fbx	ok	cmu	B-retarget	43	19	1	b7c0a8f92ee0fe7f
Anims_Only_FBX_V1/FBX/91_25.fbx	ok	cmu	B-retarget	43	19	1	b7c0a8f92ee0fe7f
Anims_Only_FBX_V1/FBX/91_26.fbx	ok	cmu	B-retarget	43	19	1	b7c0a8f92ee0fe7f
Anims_Only_FBX_V1/FBX/91_27.fbx	ok	cmu	B-retarget	43	19	1	b7c0a8f92ee0fe7f
Anims_Only_FBX_V1/FBX/91_28.fbx	ok	cmu	B-retarget	43	19	1	b7c0a8f92ee0fe7f
Anims_Only_FBX_V1/FBX/91_29.fbx	ok	cmu	B-retarget	43	19	1	b7c0a8f92ee0fe7f
Anims_Only_FBX_V1/FBX/91_30.fbx	ok	cmu	B-retarget	43	19	1	b7c0a8f92ee0fe7f
Anims_Only_FBX_V1/FBX/91_31.fbx	ok	cmu	B-retarget	43	19	1	b7c0a8f92ee0fe7f
Anims_Only_FBX_V1/FBX/91_32.fbx	ok	cmu	B-retarget	43	19	1	b7c0a8f92ee0fe7f
Anims_Only_FBX_V1/FBX/91_33.fbx	ok	cmu	B-retarget	43	19	1	b7c0a8f92ee0fe7f
Anims_Only_FBX_V1/FBX/91_34.fbx	ok	cmu	B-retarget	43	19	1	b7c0a8f92ee0fe7f
Anims_Only_FBX_V1/FBX/91_35.fbx	ok	cmu	B-retarget	43	19	1	b7c0a8f92ee0fe7f
Anims_Only_FBX_V1/FBX/91_36.fbx	ok	cmu	B-retarget	43	19	1	b7c0a8f92ee0fe7f
Anims_Only_FBX_V1/FBX/91_37.fbx	ok	cmu	B-retarget	43	19	1	b7c0a8f92ee0fe7f
Anims_Only_FBX_V1/FBX/91_38.fbx	ok	cmu	B-retarget	43	19	1	b7c0a8f92ee0fe7f
Anims_Only_FBX_V1/FBX/91_39.fbx	ok	cmu	B-retarget	43	19	1	b7c0a8f92ee0fe7f
Anims_Only_FBX_V1/FBX/91_40.fbx	ok	cmu	B-retarget	43	19	1	b7c0a8f92ee0fe7f
Anims_Only_FBX_V1/FBX/91_41.fbx	ok	cmu	B-retarget	43	19	1	b7c0a8f92ee0fe7f
Anims_Only_FBX_V1/FBX/91_42.fbx	ok	cmu	B-retarget	43	19	1	b7c0a8f92ee0fe7f
Anims_Only_FBX_V1/FBX/91_43.fbx	ok	cmu	B-retarget	43	19	1	b7c0a8f92ee0fe7f
Anims_Only_FBX_V1/FBX/91_44.fbx	ok	cmu	B-retarget	43	19	1	b7c0a8f92ee0fe7f
Anims_Only_FBX_V1/FBX/91_45.fbx	ok	cmu	B-retarget	43	19	1	b7c0a8f92ee0fe7f
Anims_Only_FBX_V1/FBX/91_46.fbx	ok	cmu	B-retarget	43	19	1	b7c0a8f92ee0fe7f
Anims_Only_FBX_V1/FBX/91_47.fbx	ok	cmu	B-retarget	43	19	1	b7c0a8f92ee0fe7f
Anims_Only_FBX_V1/FBX/91_48.fbx	ok	cmu	B-retarget	43	19	1	b7c0a8f92ee0fe7f
Anims_Only_FBX_V1/FBX/91_49.fbx	ok	cmu	B-retarget	43	19	1	b7c0a8f92ee0fe7f
Anims_Only_FBX_V1/FBX/91_50.fbx	ok	cmu	B-retarget	43	19	1	b7c0a8f92ee0fe7f
Anims_Only_FBX_V1/FBX/91_51.fbx	ok	cmu	B-retarget	43	19	1	b7c0a8f92ee0fe7f
Anims_Only_FBX_V1/FBX/91_52.fbx	ok	cmu	B-retarget	43	19	1	b7c0a8f92ee0fe7f
Anims_Only_FBX_V1/FBX/91_53.fbx	ok	cmu	B-retarget	43	19	1	b7c0a8f92ee0fe7f
Anims_Only_FBX_V1/FBX/91_54.fbx	ok	cmu	B-retarget	43	19	1	b7c0a8f92ee0fe7f
Anims_Only_FBX_V1/FBX/91_55.fbx	ok	cmu	B-retarget	43	19	1	b7c0a8f92ee0fe7f
Anims_Only_FBX_V1/FBX/91_56.fbx	ok	cmu	B-retarget	43	19	1	b7c0a8f92ee0fe7f
Anims_Only_FBX_V1/FBX/91_57.fbx	ok	cmu	B-retarget	43	19	1	b7c0a8f92ee0fe7f
Anims_Only_FBX_V1/FBX/91_58.fbx	ok	cmu	B-retarget	43	19	1	b7c0a8f92ee0fe7f
Anims_Only_FBX_V1/FBX/91_59.fbx	ok	cmu	B-retarget	43	19	1	b7c0a8f92ee0fe7f
Anims_Only_FBX_V1/FBX/91_60.fbx	ok	cmu	B-retarget	43	19	1	b7c0a8f92ee0fe7f
Anims_Only_FBX_V1/FBX/91_61.fbx	ok	cmu	B-retarget	43	19	1	b7c0a8f92ee0fe7f
Anims_Only_FBX_V1/FBX/91_62.fbx	ok	cmu	B-retarget	43	19	1	b7c0a8f92ee0fe7f
Anims_Only_FBX_V1/FBX/93_01.fbx	ok	cmu	B-retarget	43	19	1	b7c0a8f92ee0fe7f
Anims_Only_FBX_V1/FBX/93_02.fbx	ok	cmu	B-retarget	43	19	1	b7c0a8f92ee0fe7f
Anims_Only_FBX_V1/FBX/93_03.fbx	ok	cmu	B-retarget	43	19	1	b7c0a8f92ee0fe7f
Anims_Only_FBX_V1/FBX/93_04.fbx	ok	cmu	B-retarget	43	19	1	b7c0a8f92ee0fe7f
Anims_Only_FBX_V1/FBX/93_05.fbx	ok	cmu	B-retarget	43	19	1	b7c0a8f92ee0fe7f
Anims_Only_FBX_V1/FBX/93_06.fbx	ok	cmu	B-retarget	43	19	1	b7c0a8f92ee0fe7f
Anims_Only_FBX_V1/FBX/93_07.fbx	ok	cmu	B-retarget	43	19	1	b7c0a8f92ee0fe7f
Anims_Only_FBX_V1/FBX/93_08.fbx	ok	cmu	B-retarget	43	19	1	b7c0a8f92ee0fe7f
Anims_Only_FBX_V1/FBX/94_01.fbx	ok	cmu	B-retarget	43	19	1	b7c0a8f92ee0fe7f
Anims_Only_FBX_V1/FBX/94_02.fbx	ok	cmu	B-retarget	43	19	1	b7c0a8f92ee0fe7f
Anims_Only_FBX_V1/FBX/94_03.fbx	ok	cmu	B-retarget	43	19	1	b7c0a8f92ee0fe7f
Anims_Only_FBX_V1/FBX/94_04.fbx	ok	cmu	B-retarget	43	19	1	b7c0a8f92ee0fe7f
Anims_Only_FBX_V1/FBX/94_05.fbx	ok	cmu	B-retarget	43	19	1	b7c0a8f92ee0fe7f
Anims_Only_FBX_V1/FBX/94_06.fbx	ok	cmu	B-retarget	43	19	1	b7c0a8f92ee0fe7f
Anims_Only_FBX_V1/FBX/94_07.fbx	ok	cmu	B-retarget	43	19	1	b7c0a8f92ee0fe7f
Anims_Only_FBX_V1/FBX/94_08.fbx	ok	cmu	B-retarget	43	19	1	b7c0a8f92ee0fe7f
Anims_Only_FBX_V1/FBX/94_09.fbx	ok	cmu	B-retarget	43	19	1	b7c0a8f92ee0fe7f
Anims_Only_FBX_V1/FBX/94_10.fbx	ok	cmu	B-retarget	43	19	1	b7c0a8f92ee0fe7f
Anims_Only_FBX_V1/FBX/94_11.fbx	ok	cmu	B-retarget	43	19	1	b7c0a8f92ee0fe7f
Anims_Only_FBX_V1/FBX/94_12.fbx	ok	cmu	B-retarget	43	19	1	b7c0a8f92ee0fe7f
Anims_Only_FBX_V1/FBX/94_13.fbx	ok	cmu	B-retarget	43	19	1	b7c0a8f92ee0fe7f
Anims_Only_FBX_V1/FBX/94_14.fbx	ok	cmu	B-retarget	43	19	1	b7c0a8f92ee0fe7f
Anims_Only_FBX_V1/FBX/94_15.fbx	ok	cmu	B-retarget	43	19	1	b7c0a8f92ee0fe7f
Anims_Only_FBX_V1/FBX/94_16.fbx	ok	cmu	B-retarget	43	19	1	b7c0a8f92ee0fe7f
Basics/Block_1.fbx	ok	mixamo	A-direct	67	22	1	941975296f2fafb3
Basics/Corpse.fbx	ok	mixamo	A-direct	67	22	1	941975296f2fafb3
Basics/Crouch.fbx	ok	mixamo	A-direct	67	22	1	941975296f2fafb3
Basics/Death.fbx	ok	mixamo	A-direct	67	22	1	941975296f2fafb3
Basics/Falling_Impact.fbx	ok	mixamo	A-direct	67	22	1	941975296f2fafb3
Basics/Falling_Mid_Air.fbx	ok	mixamo	A-direct	67	22	1	941975296f2fafb3
Basics/Get_Kicked.fbx	ok	mixamo	A-direct	67	22	1	941975296f2fafb3
Basics/Get_Punched_1.fbx	ok	mixamo	A-direct	67	22	1	941975296f2fafb3
Basics/Idle_Bored.fbx	ok	mixamo	A-direct	67	22	1	941975296f2fafb3
Basics/Jump.fbx	ok	mixamo	A-direct	67	22	1	941975296f2fafb3
Basics/Jump_And_Roll.fbx	ok	mixamo	A-direct	67	22	1	941975296f2fafb3
Basics/Jump_Kick.fbx	ok	mixamo	A-direct	67	22	1	941975296f2fafb3
Basics/Kick_1.fbx	ok	mixamo	A-direct	67	22	1	941975296f2fafb3
Basics/Open_and_Close_Door.fbx	ok	mixamo	A-direct	67	22	1	941975296f2fafb3
Basics/Press_Button.fbx	ok	mixamo	A-direct	67	22	1	941975296f2fafb3
Basics/Punch_1.fbx	ok	mixamo	A-direct	67	22	1	941975296f2fafb3
Basics/Punch_Combo_1.fbx	ok	mixamo	A-direct	67	22	1	941975296f2fafb3
Basics/Push.fbx	ok	mixamo	A-direct	67	22	1	941975296f2fafb3
Basics/Running.fbx	ok	mixamo	A-direct	67	22	1	941975296f2fafb3
Basics/Sneak_Walk.fbx	ok	mixamo	A-direct	67	22	1	941975296f2fafb3
Basics/Swimming_1.fbx	ok	mixamo	A-direct	67	22	1	941975296f2fafb3
Basics/Walking.fbx	ok	mixamo	A-direct	67	22	1	941975296f2fafb3
Basics/Walking_Backwards.fbx	ok	mixamo	A-direct	67	22	1	941975296f2fafb3
Basics/Walking_Up_Stairs.fbx	ok	mixamo	A-direct	67	22	1	941975296f2fafb3
Universal Animation Library 2[Standard]/Female Mannequin/Unity/Mannequin_F.fbx	no-actions	quaternius	B-retarget	65	22	0	99be2594c8cf0cae
Universal Animation Library 2[Standard]/Unity/UAL2_Standard.fbx	ok	quaternius	B-retarget	65	22	43	99be2594c8cf0cae
Universal Animation Library 2[Standard]/Unity/UAL2_Standard_RM.fbx	ok	quaternius	B-retarget	65	22	43	99be2594c8cf0cae
Universal Animation Library[Standard]/Unity/UAL1_Standard.fbx	ok	quaternius	B-retarget	65	22	43	99be2594c8cf0cae
Universal Animation Library[Standard]/Unity/UAL1_Standard_RM.fbx	ok	quaternius	B-retarget	65	22	43	99be2594c8cf0cae
Universal Base Characters[Standard]/Base Characters/Unity/Superhero_Female_FullBody.fbx	no-actions	quaternius	B-retarget	65	22	0	99be2594c8cf0cae
Universal Base Characters[Standard]/Base Characters/Unity/Superhero_Male_FullBody.fbx	no-actions	quaternius	B-retarget	65	22	0	99be2594c8cf0cae
Universal Base Characters[Standard]/Hairstyles/Origin at 0/FBX (Unity)/Eyebrows_Female.fbx	incompatible					0	
Universal Base Characters[Standard]/Hairstyles/Origin at 0/FBX (Unity)/Eyebrows_Regular.fbx	incompatible					0	
Universal Base Characters[Standard]/Hairstyles/Origin at 0/FBX (Unity)/Hair_Beard.fbx	incompatible					0	
Universal Base Characters[Standard]/Hairstyles/Origin at 0/FBX (Unity)/Hair_Buns.fbx	incompatible					0	
Universal Base Characters[Standard]/Hairstyles/Origin at 0/FBX (Unity)/Hair_Buzzed.fbx	incompatible					0	
Universal Base Characters[Standard]/Hairstyles/Origin at 0/FBX (Unity)/Hair_BuzzedFemale.fbx	incompatible					0	
Universal Base Characters[Standard]/Hairstyles/Origin at 0/FBX (Unity)/Hair_Long.fbx	incompatible					0	
Universal Base Characters[Standard]/Hairstyles/Origin at 0/FBX (Unity)/Hair_SimpleParted.fbx	incompatible					0	
Universal Base Characters[Standard]/Hairstyles/Origin at 0/FBX (Unreal Engine)/Eyebrows_Female.fbx	incompatible					0	
Universal Base Characters[Standard]/Hairstyles/Origin at 0/FBX (Unreal Engine)/Eyebrows_Regular.fbx	incompatible					0	
Universal Base Characters[Standard]/Hairstyles/Origin at 0/FBX (Unreal Engine)/Hair_Beard.fbx	incompatible					0	
Universal Base Characters[Standard]/Hairstyles/Origin at 0/FBX (Unreal Engine)/Hair_Buns.fbx	incompatible					0	
Universal Base Characters[Standard]/Hairstyles/Origin at 0/FBX (Unreal Engine)/Hair_Buzzed.fbx	incompatible					0	
Universal Base Characters[Standard]/Hairstyles/Origin at 0/FBX (Unreal Engine)/Hair_BuzzedFemale.fbx	incompatible					0	
Universal Base Characters[Standard]/Hairstyles/Origin at 0/FBX (Unreal Engine)/Hair_Long.fbx	incompatible					0	
Universal Base Characters[Standard]/Hairstyles/Origin at 0/FBX (Unreal Engine)/Hair_SimpleParted.fbx	incompatible					0	
Universal Base Characters[Standard]/Hairstyles/Rigged to Head Bone/FBX (Unity)/Eyebrows_Female.fbx	no-actions	quaternius	B-retarget	65	22	0	99be2594c8cf0cae
Universal Base Characters[Standard]/Hairstyles/Rigged to Head Bone/FBX (Unity)/Eyebrows_Regular.fbx	no-actions	quaternius	B-retarget	65	22	0	99be2594c8cf0cae
Universal Base Characters[Standard]/Hairstyles/Rigged to Head Bone/FBX (Unity)/Hair_Beard.fbx	no-actions	quaternius	B-retarget	65	22	0	99be2594c8cf0cae
Universal Base Characters[Standard]/Hairstyles/Rigged to Head Bone/FBX (Unity)/Hair_Buns.fbx	no-actions	quaternius	B-retarget	65	22	0	99be2594c8cf0cae
Universal Base Characters[Standard]/Hairstyles/Rigged to Head Bone/FBX (Unity)/Hair_Buzzed.fbx	no-actions	quaternius	B-retarget	65	22	0	99be2594c8cf0cae
Universal Base Characters[Standard]/Hairstyles/Rigged to Head Bone/FBX (Unity)/Hair_BuzzedFemale.fbx	no-actions	quaternius	B-retarget	65	22	0	99be2594c8cf0cae
Universal Base Characters[Standard]/Hairstyles/Rigged to Head Bone/FBX (Unity)/Hair_Long.fbx	no-actions	quaternius	B-retarget	65	22	0	99be2594c8cf0cae
Universal Base Characters[Standard]/Hairstyles/Rigged to Head Bone/FBX (Unity)/Hair_SimpleParted.fbx	no-actions	quaternius	B-retarget	65	22	0	99be2594c8cf0cae
